,Id,ProductId,UserId,ProfileName,HelpfulnessNumerator,HelpfulnessDenominator,Score,Time,Summary,Text
74631,74632,B0026RQTGE,A21U4DR8M6I9QN,"K. M Merrill ""justine""",1,1,5,1318896000,addictive! but works for night coughing in dogs,"my 12 year old sheltie has chronic brochotitis, been on meds for three years, these help with the coughing fits at night. so I like them!!!<br /> one bite and both my dogs are addicted!!! be warned!!! 7 pm both shelties are on my lap howling for the drug fix! I am a dog trainer and have never seen  anything like it....<br /><br />three weeks later,, the beloved sheltie got a bowel blockage from these, use with caution.<br />if the cat gets too many she has the runs....<br />sheltie did better when i upped her thryoid meds, and gave her doggie asthma meds.<br />so it worked better for the 18 year old cat, who also has asthma."
74632,74633,B0026RQTGE,A17TDUBB4Z1PEC,jaded_green,1,1,5,1318550400,genuine Greenies best price,"These are genuine Greenies product, not a knockoff.  My dogs love them!  It is their favorite treat.  I have 2 small dogs, both under 10 lbs. and the Teenie size is perfect for them.  I paid $22.37 for this 96-pack and it is by far the best price I have found anywhere.  I wish these were part of the Subscribe & Save program."
74633,74634,B0026RQTGE,ABQH3WAWMSMBH,tenisbrat87,1,1,5,1317168000,Perfect for our little doggies,"Our dogs love Greenies, but of course, which doggies don't?  I bought this for my dashchund and minpin, and it's perfect!  A great price for a great product.  Who could ask for more."
74634,74635,B0026RQTGE,AVTY5M74VA1BJ,tarotqueen,1,1,5,1316822400,dogs love greenies,"What can I say, dogs love greenies. They begg for them all the time. They always sit by the cupboard and ask for more."
74635,74636,B0026RQTGE,A13TNN54ZEAUB1,dcz2221,1,1,5,1316736000,Greenies review,This review is for a box of Greenies Lite for my dog. The package came quickly and was packaged appropriately. I was very satisfied with this purchase and with the seller.
74636,74637,B0026RQTGE,A1AO8A38JUDVAF,chrisdd,1,1,5,1315180800,Magic Breath Chews for your dog,I highly recommend these chews for your dog. They do exactly what they say that they will do; freshen your dog's breath!<br /><br />I found them to be significantly cheaper to buy them at Amazon compared to the chain pet stores; at least $10 cheaper as of Sept. 2011.<br /><br />I have read that some dogs do not chew them well enough and have choked. I have not had that happen to my dog but it is probably something you need to take into consideration.<br /><br />My advice is to buy a smaller bag at a pet store first and see if they work for your animal. Then come back and buy them here!
74637,74638,B0026RQTGE,AH261OMJCV5U8,"Chelle ""Wichita, Kansas""",1,1,5,1314316800,Greenies for Seniors,I have always used Greenies for my dogs. THese for seniors are wonderful. I have an elderly bulldog with really bad breath. She used to swallow the original Greenies whole so I quit buying them for her. She actually does chew these and eat them and they make a big difference in how her breath smells. Great product and the price is better than I have seen it in some local pet stores.
74638,74639,B0026RQTGE,A3VVIU4JE56U4K,P. Chevalier,1,1,5,1314316800,Kinda Pricy but good!,"If you've got hard chewers (like one of our dogs), these things won't really work for the 'brushing' aspect -- they're bussted up and swallowed pretty quickly. We have three Chihuahua mixes, and they dispatched these petite ones too quickly, so we get them the next size up (small, I think). But the product is good, and they really do help a bit with breath -- although the biggest bad-breath-maker is teeth that need brushing, and there is no substitute for real brushing/cleaning.  These are good as part of the process though. We have, and will continue to purchase this product."
74639,74640,B0026RQTGE,A3MWZ2E112KIY4,J. Nakawatase,1,1,5,1313884800,DOG LOVES THESE,"I tried Greenies on my dog about 8 years ago and he won't eat them.  So I tried dental rawhide chews which he chewed just fine.  My dog is now 13 years old and he started to swallow the dental rawhide whole and would choke on them.  I'm not sure because of his age that he tries to swallow them whole, but I'm sure it's not good for him.  I thought I would try the Greenies again because the reviews are good and they break into bits when chewed.  I order the large Greenies for him and he loves them.  I'm not sure if they changed the taste or what, but he chews them, and hopefully it will help maintain his teeth."
74640,74641,B0026RQTGE,A2PRQXWZRHTKE3,Maria Karlsson,1,1,5,1313193600,Great treat and good for dental health,"This is a fabulous treat for my little cavalier king charles. He looks forward to it after his daily dental cleaning. I cut each greenie into smaller pieces, because JB (for James Bond) has long ears and he chews on the smaller pieces without letting anything fall on the floor and sticking to his ears."
74641,74642,B0026RQTGE,A3TDMH1Z8CUBAF,JuneauGal,1,1,5,1310083200,My dogs love these chews!,"I am the lucky parent of three dogs. I alternate their teeth cleaning chews and they love the Greenies and the Checkups best. Thanks to Amazon, I don't have to pay for S&H, which living in Alaska, usually costs a fortune!! Thank you Amazon!! I prefer to purchase from our local pet store, but they aren't able to get the Greenies or the Checkups, so I'm very happy that I can order them through Amazon."
74642,74643,B0026RQTGE,A37565LZHTG1VH,C. Maltese,1,1,5,1305331200,Awesome!,This is a great product. My 2 year old Golden Retriever hates to have his teeth brushed and this product made his teeth white again. Great seller and great price too!
74643,74644,B0026RQTGE,A3C6UEDOZGF8D5,gracefultiger,1,1,4,1292630400,My cat loves the dog greenies,"I was looking for a way to help clean my cat's teeth so at first I tried the feline greenies,but he wouldn't have anything to do with those. I went to the local pet store looking for an alternative and the clerk suggested trying the dog greenies instead. I was skeptical at first so I only bought a couple of individually wrapped samples. Well, my cat absolutely loves the dog greenies! They do seem to help his breath, but I don't know how much they help the plaque and tartar build up. Oh well, it has become the only treat he likes so I will keep buying bulk boxes. I give him one every day, occasionally two, if I need to bribe him to stay inside when I open the door."
74644,74645,B0026RQTGE,A3NNJ2VVOCMRLN,Melisa Sobalvarro,1,1,4,1282608000,whiten your dogs teeth,"Greenies are an excellant way to whiten your dogs teeth. The costs were much lower here, than what you can buy locally at the dog food stores. They have made a great improvment in my dog(s) breath, tarter and overall mouth smell!"
74645,74646,B0026RQTGE,A28I1BP8N7I8A0,My Pen Name,1,1,4,1281571200,Dogs love them - Owners hate paying for them!,"My dogs are addicted to these things and it's my fault.  Whether or not they are good for my dog's teeth and digestive health is up in the air. All I know is that it keeps them quiet and they will do anything for them.<br /><br />I would lower the star ratings based on the fact that the manufacturer knows they have, some what, of a monopoly and charge an inordinate amount for these treats; yet, I am dumb enough to buy them so it's basically my fault.<br /><br />At least by buying on Amazon you are saving some dollar bills as compared to a traditional brick and mortar.<br /><br />My only gripe is that by the time you get to the end of the box, even if you seal the bag, they get significantly harder and I am somewhat concerned that they will splinter.<br /><br />Also, be sure to watch over your dog when he eats them, just to be safe."
74646,74647,B0026RQTGE,AHSWZSAXI8BPS,shoodow,1,1,4,1280880000,likes it,"this product does help to cleen the teeth, but doesnt really help to get rid of the bad breath of my pom..But still a good buy, cause the size is perfect for small breed dogs"
74647,74648,B0026RQTGE,A1OU45ZINNK7YV,J. Heldman,1,1,4,1277078400,My dogs' teeth are pearly white,"My dogs love their Greenies, and their teeth are pearly white from chewing on them.  The only problem is that Greenies are expensive, so I buy them in bulk on Amazon to keep the prices down a little bit,"
74648,74649,B0026RQTGE,A3NYAP2AZPWQJ5,Swiss Miss,1,1,5,1275004800,My dog loves these,My dog loves greenies - she waits for them everyday!  We give her one regular sized one per day and the teenies as treats for going outside etc.  I have heard that these do not digest easily if your dog is not a chewer.  My dog is a chewer so it works out great.  She is addicted!
74649,74650,B0026RQTGE,A31H9N00DB65HO,S. Ruzek,1,1,5,1272672000,Our dog loves her Greenies!,"Super fast shipping, even included a couple trial treats.  Our dog loves these and we'll be purchasing them again!"
74650,74651,B0026RQTGE,A1LNPBV70N2T02,"Sonja Haywood Megens ""Sonja""",1,1,5,1272153600,Good Deal for my Good Dog,My dog looks forward to a Greenie dessert everyday.  You will NOT find this deal at the local pet stores.  I love the fact that I get a good deal at Amazon.  I save time and gas.  My dog thanks us both.
74651,74652,B0026RQTGE,A2L28WZD5RW60T,"Harry G. Kohler ""MathGuy""",1,1,5,1264809600,Greenies,"Perform as promised.  No problems with ""blobs"" since my dog chews 'em up real well."
74652,74653,B0026RQTGE,ANOAFB0GOMU5C,"Vivian A. Robaldo ""Viv""",1,1,5,1264464000,My dogs love them!,"Great treat for all doggies, very healthy and they adore them.  Excellent and fast shipping,will buy again."
74653,74654,B0026RQTGE,A2C64W88KUQKYO,"Patricia L. Terho ""BookWormette""",1,1,5,1262822400,Teenie Greenies,"My little dogs really like these ""teenie"" Greenies dental chewies. Not only are they good for the dogs' teeth, the dogs consider them a treat! I am not able to find these really small Greenies elsewhere; the smallest I can find in the stores are ""petites"" which are too large for these little dogs to chew.  So, thank you for making these available.  I was very pleased with the service; these arrived here quickly and in excellent condition!  I will order from this website again!"
74654,74655,B0026RQTGE,A2ZNIKXT764IV4,"Sue ""suezieqt""",1,1,5,1262131200,Expensive treats but my dogs LOVE them!,"I have two Airedales.  They aren't fussy eaters - or snackers - but each gets a Greenie at bedtime.  We let them out in the yard for a bit before they go to bed and all I have to do is say ""Time for your Greenies!"" to make them race for the house and dance around until they get that bedtime snack.  It's their special treat and I love the fact that they actually have to chew them moderately slowly instead of just inhaling them!  The only drawback is that they're expensive."
74655,74656,B0026RQTGE,A3GON8WVDICI9P,Garrick Hinaga,1,1,5,1259366400,Very happy with purchase,I was very happy with the quick delivery and how I was given a tracking method to determine where my Greenies were. I'll telling my friends and relatives about the good experience.
74656,74657,B0026RQTGE,AJYYLJ7QYT0H4,My Opinion,1,1,4,1258675200,My Dog Loves Them,What can I say my dog goes crazy over these things - wish I really understood what are in them that makes it so desirable...now if we could only do this for vegetables so kids would be excited!!
74657,74658,B0026RQTGE,A30F5VJRO3095U,Ailoa Sweet,1,1,5,1256688000,My Silky Terrier loves these!,"He weighs 15 pounds, so he is just at the top of the range for the teenie size Greenies.  He likes them so much, he would probably prefer the Jumbo size!  I've given him these for his whole life, so I don't know if they get his teeth any cleaner than without them, but his teeth look pretty clean to me!"
74658,74659,B0026RQTGE,A1F5004VYZ3AXH,"L. Ellis ""lellis""",1,1,5,1252713600,Great for dog breath and teeth,Ive been buying this product for a few years and am very happy with it. My dog loves them.
74659,74660,B0026RQTGE,A25OE2QSYV6J38,H. Skelcher,1,1,4,1244505600,My dog LOVES these,"Ok, can I just express how much my dog loves Greenies.  I know that there have been reports of problems with dogs inhaling them without chewing them well and thus having digestion problems, but my dog savors them.  She freaks out when she knows she's going to get one and will heard whomever is getting it right to the place we store them.  She knows if we talk about them so we have to call them G's to each other.  She will tolerate other treats if I'm waiting for an order from Amazon, but she doesn't like it.  The only downfall is the price.  I can usually find a pretty good deal somewhere on Amazon and so I'll stock up on them when I can.  If I can't, she has to wait and substitute with something else."
74660,74661,B0026RQTGE,ATH3S1TOL6OOJ,L. Palkendo Jr.,1,1,5,1241654400,Greenies,Stopped being able to find large quantities locally so glad that Amazon has vendors who are selling them at a great price.
74661,74662,B0026RQTGE,A2BRHD5Z79UCD7,Jack Hales Jr,1,1,5,1238112000,Greenie Review,"<a href=""http://www.amazon.com/gp/product/B000KBFKIQ"">Greenies Dental Chews - 27 ounce Box - Petite - 45 count</a> Very good product delivered promptly at a fair price. Will order more from this site."
74662,74663,B0026RQTGE,AWR7YOZ6VLBW1,"D. J. Lee ""fivespd""",1,1,4,1230768000,Great for picky eaters,My dog is the pickiest eater and does not enjoy many treats but he goes crazy over this one. It helps freshen his breath but I don't know how to evaluate the cleaning ability of this product. The only bad thing is that it will make your dog fat if he eats too much.
74663,74664,B0026RQTGE,A2QMK145N3F9M,anzi,3,4,1,1349654400,Check Contents First,"Half way through the supply, I noticed that there were tiny white worms boring through a greenie so I checked the remaining greenies and they also had worms.  Please empty the contents of the box and check the greenies when you receive your order before giving them to your dog.  This may have been an isolated incident but it would only take a few minutes to check the contents for freshness."
74664,74665,B0026RQTGE,A19123D9G66E0O,Tim,5,7,3,1326499200,"Dogs love them, but I don't think they love dogs","I will continue to give these to my dogs. They like them and supposedly they clean their teeth.<br />I started to give these to my dog daily, but her digestive system did not like it enough for that. Most of it seems to be digestible, but she threw up green foam on the morning after the second day in a row of eating one-a-day greenies. Note that she was also constipated as well. Greenie advises to have plenty of water available for drinking these, so I am guess they know these side effects can occur. My dog has plenty of water available, but she didn't drink any more than normal, which may have resulted in the effects. I don't plan on training my dog to drink lots of extra water after eating these. Giving here one every now and then shows no negative effects, and that what I plan on doing.<br />Not a complaint to me, but I think people who like giving there dog all natural health food should know that this product is far from ""green."" It is pumped pull of artificial ingredients like a multivitamin. It is also made from concentrated grain protein, rather than the animal protein dogs should be getting. I personally don't feel that this is that big of a deal health wise for a creature than lives 12-18 years, but or people who invest the extra money on organic/natural dog food, you should be staying away from this product."
74665,74666,B0026RQTGE,A21KPT2TLE20SI,M. J. Glita,4,6,3,1294963200,Wrong size,"I ordered the GREENIES 'PETITE' size for my dogs, as I have done many times  before thru Amazon.  This time however, the WRONG size greenies arrived.  The thing is, the box DID say it was the PETITE size on it!  After I opened the box, I found that it was the next size up and too big for my dogs to eat.  Now I have to try & cut these stinkers with a scissors each day!  I'm NOT happy...but I couldn't return them as I had opened the package.<br />I am afraid to order more, as the entire batch that Amazon has, may ALL be MIS-labled!"
74666,74667,B0026RQTGE,A11VCDXC7TGFTG,Do-It-Herself,0,0,5,1351123200,A great deal on Greenies,Paid only $22 with free shipping for 96 teenies compared to about $35 at the pet store. How can you go wrong with a deal like that?  The dog begs for his daily Greenie. Got to have them.
74667,74668,B0026RQTGE,A16MHMVUD5X4I7,Erayna (Legend),0,0,5,1351036800,Greenies for Dogs,"How well the dogs would eat them.  Glad to know the benefits the animals get from chewing them, both for teeth cleaning and breathe.  Safety us always an issue."
74668,74669,B0026RQTGE,A2DBNDAIHM8XXL,"Dennis Park ""Dennis""",0,0,1,1350950400,very dangerous product for dogs,"i bought this for my dog - he loved it.  however, i noticed that he stopped pooping and came to realize (after googling) that it caused him to be constipated.  His stomach was very bloated and I could feel that his colon was obstructed by something -- a piece of undigested greenies treat.  I gave him all some olive oil and mineral oil and massaged his colon and eventually he started pooping again.  I did notice that the greenie came out undigested!  This product is really dangerous and I would love to join in on a class action lawsuit against this unethical company.  They have made greenies 'tasty' but that is all it is.  a tasty but dangerous product."
74669,74670,B0026RQTGE,A1REM7I2ZEE195,"Denise Christensen ""D. Chris10sen""",0,0,5,1350777600,Best doggie treat,"I buy the teenie greenies and break them in half for our dogs.  They go nuts over them no matter what the size.  Having them in a ""lite"" version is even better because the vet did tell me they are high in calories.  Don't know what they put in these things to make them so appealing, but haven't known a dog yet who doesn't love them.  Hope they are also doing the job they are meant to do."
74670,74671,B0026RQTGE,A1CLSM0DDBU4PN,Karyn,0,0,5,1350691200,Dog loves Greenies,Greenies are always a good product.  Our dog loves them and reminds us if we forget to give him one.  Plus I love the price on Amazon and can't always get them locally.
74671,74672,B0026RQTGE,A35JBDYRVSRHH0,"Dorreen Wanitschke ""banker""",0,0,5,1350691200,Great teeth,My vet is always surprised how clean my 8 year old dog's teeth are and I attribute this the his daily Greenie.
74672,74673,B0026RQTGE,A11QSEA6DZM4FZ,Radtechmom,0,0,5,1350691200,radtechmom,Our beautiful Belle loves her daily toothbrush treat. Amazon provides an awesome price and delivers them to our doorstep. That makes it even handier. The Greenies are a proven winner for a more natural breath freshening dog treat. Too bad Greenies doesn't get more 'green' with their packaging and lose the outer box that they use. The sealed inside bag would be plenty good enough. It keeps the treats fresh and takes up less space. The first thing we do is toss the box out--- what a waste!
74673,74674,B0026RQTGE,A3P8H4629FM490,Janice Foley,0,0,5,1350691200,my dogs love these,"In September, I adopted 2 adult border terrier mixes from The Shelter Pet project and the oldest girl had a few ""breath"" issues.  Heard about Greenies and have not been disappointed.  The two of them love their treat before I go to work and it is comical to see them chew and chew and chew, since that is what removes the tartar. Amazon has much better pricing then the pet centers, so I love it.  Try them for your pet, they will love it."
74674,74675,B0026RQTGE,A24DV855HVG8YD,Luis M,0,0,4,1350604800,My Yorkie Loves them!,This is the first time I bought this product for my 9 yr old yorkie... and she loved it!  The small size is perfect for her.  This box of greenies will give her many days of enjoyment!
74675,74676,B0026RQTGE,A38OA79EH91ESR,Library Girl,0,0,5,1350604800,Puppies love them!,"These tinnie greenies make the perfect ""out the door"" bribe for my Cavlier King Charles Babies. I think they almost look forward to me going to work now.  Barkley is 21 lbs & Gypsy is 18 so while they are a bit larger than the recommended size for the product it really works out perfectly helping keep the pounds off.<br /><br />Having shopped around, you are saving about ten dollars by ordering from Amazon rather than going into a big box pet store."
74676,74677,B0026RQTGE,AEIQ20BHN9JFI,MartyF81,0,0,5,1350345600,My Dog Says YUMMMMM,"My Chihuahua has horrible horrible breath.... and she loves to get in your face and give kisses to everyone. These help, and she loves to eat them. Good thing she can't reach the counter!"
74677,74678,B0026RQTGE,A3IL1XU220XIC1,William F. Collins III,0,0,4,1350345600,Good,"My dog likes thse alot..He runs to his bedroom to eat them, which is reserved for just his special treats..Can't say his breath is any better but he just started eating them a month ago,or so.."
74678,74679,B0026RQTGE,A2XFE06WLWRFY5,MacMarv,0,0,3,1350345600,Jumbo Greenies-Good but Very Expensive,"Bought the Jumbo Greenies for my Black Lab. He loved them, but at $2.66 each they are way too expensive for regular use.  Didn't notice any difference in breath which was the primary reason for buying."
74679,74680,B0026RQTGE,A1Q8VCGRLYKXTW,palomar,0,0,4,1350345600,Dogs liked 'em!,Our two thirteen year dogs like these.  They're prone to major tartar build up on their teeth and these helped some and made their breath better.  I never expected these to polish the teeth perfectly but they made a bad condition not so bad.
74680,74681,B0026RQTGE,A1TY4AX8AVRAYQ,Downing,0,0,5,1350345600,Cleaner dog mouth,"This is a good product. My dog likes them, Makes it obvious he wants his greenie every night. Amazon sells them at good price and quality has always been good"
74681,74682,B0026RQTGE,A3OAL021R24977,Brian P. Mclaughlin,0,0,5,1350345600,A treat that is good for the teeth,I have a two year old chihuahua mix.My vet shared with me that I would have to be vigilant about the health of my Pups teeth.Greenies help keep my dogs teeth clean and his breath fresh. And best of all my Pups loves them above all other treats.
74682,74683,B0026RQTGE,A1Z6T9DIZZKGQ8,Ari13,0,0,5,1350259200,My dog loves them,Great product.  My dog loves the bones and they come in a ziplock bag inside the box.  Just like the ones at the store and much cheaper at Amazon.
74683,74684,B0026RQTGE,A20L2URGVM0U3O,J. Phillips,0,0,5,1350000000,OUR DOGS LOVE THEM,"Our Chussel's Love these toothbrush treats. When I ask them if they want to brush their teeth, they jump a mile high to get them. It dosent help their breath to to much, but I know its keeping their teeth clean. Also these are a little on the expensive side almost everywhere, Amazon has the best price. Thanks Amazon."
74684,74685,B0026RQTGE,A3ACKWYDNR7ROA,"DaSkifyMy@aol.com, Michael Ryskin, M.D.",0,0,5,1349827200,Excellent product!,"I have two 6 month old dobemans who asked me to rate Greenies 6 out of five. It is yet to be seen how it will improve their dental health, but as far as their excitement about this particular treat - it is the best, no doubt."
74685,74686,B0026RQTGE,A2X3YTM5NLPUVT,Jenna,0,0,5,1349740800,Love It!!,"Great product, it was exactly what I wanted.  I ordered the medium size because my shi tzu LOVES greenies so much! Good deal for the price considered how expensive they are at petco!!"
74686,74687,B0026RQTGE,A31RZT6E7T9EYK,jimbo,0,0,5,1349654400,great product,"Had been buying greenies at the pet store for the past 7 years, best price on sale was $32.99. These are a great value."
74687,74688,B0026RQTGE,A19YPE8M0WAWXF,S. Stover,0,0,5,1349568000,Greenies Senior,"Great service, great product, our dogs LOVE them!  Great for their teeth, and it keeps them from eating grass if they have one first thing in the morning!"
74688,74689,B0026RQTGE,A2UM9EMK7DG3CS,Tammy,0,0,5,1349568000,Oliver's must have greenies,My little Oliver loves his greenies.......He gets 1 everymorning thanks to such a good buy we are sure to have them every day.........
74689,74690,B0026RQTGE,A1P28UWVW8H4QD,"J. J. Woodcock ""JW""",0,0,5,1349481600,What my dogs have to say . . .,"Anytime I shout out ""Mr. Greenie! Four dogs come running, ages 12 to 2. My dogs love them and they do seem to help with breath and tarter. Amazon has the absolute best prices."
74690,74691,B0026RQTGE,A1F397GW8I3P3A,Raymond Rotzien,0,0,5,1349395200,Wonderful service and product,This is a wonderful product that my dog really loves.  there is only one thing to make this product better - 30 chews in the box so we would have one for every day of the month.
74691,74692,B0026RQTGE,A170MXSZN9C7TR,Tennessee Farmboy,0,0,5,1349222400,Simply The Best,Greenies are my pups number one favorite treat.  He loves them and they help keep his teeth clean. I reccomend these to anyone who wants to spoil their pet.
74692,74693,B0026RQTGE,A2QQTUQ3CMQFNH,"Nancy J. Stein ""BABeliever""",0,0,5,1349222400,My dog loves Greenies,"These are a great size for an evening snack.  My dog loves them and ""insists"" on having one or two every night."
74693,74694,B0026RQTGE,AWNC2IL18ZAEH,Neal,0,0,5,1349136000,Greenies,We are very pleased with our purchase of Greenies.  The price was grteat (compared with the pet stores) and the service was excellent.  Our dog is even more pleased than we are - he loves them.
74694,74695,B0026RQTGE,AW6M2AN9JQT8K,Tony,0,0,5,1349049600,"An 'attention getter' for our ""hotdog""","Our mini Dachshund loves these. Limited to 1 a day. One of the few ""treats"" that he has not tired of. Also, his breath has been noticeably fresher since he has been having these. So far, best price on Amazon. The local pet food chains' sale prices has not yet come close to the regular price of these 96 count 'Teenie' packs. Can't vouch on the benefit of nutritional value of these, but the vet says our mini is in great shape ...right where he is suppose to be."
74695,74696,B0026RQTGE,A1JDBLA0OO71BG,Redhead,0,0,5,1348963200,My dogs like it,Not only my logs like these snacks... ME TOO because their mouth isn't stinky anymore! ;) I will keep on buying it because of that reason. DOG LOVERS: you will like this product.
74696,74697,B0026RQTGE,A2X01RNZ2POM6D,"jkmfromla ""jkmfromla""",0,0,4,1348790400,Last bag had 1 big greenie ball,"I've been using this product for almost 2 years and my dogs seem to like it.  However, last box/bag had all 96 greenies stuck together in a huge ball.  Maybe it was the heat or maybe something happened during packaging.  Either case, I have to pull off 1 at a time when it comes to snack time."
74697,74698,B0026RQTGE,A3SN14YLPVOM7T,"Laurie Carroll ""sunshinegal123""",0,0,5,1348704000,PICCOLO LOVES THESE,"My little Papillon, Piccolo absolutely LOVES these. I no longer have to try to brush his teeth every evening and he smells delicious when I kiss him good night. I'LL BE GETTING THESE FROM YOU FOR AS LOG AS WE BOTH MAY LIVE!<br /><br />THANK YOU, AMAZON!!!!!"
74698,74699,B0026RQTGE,AZDP1YYXJ4FQ4,elizatrace,0,0,5,1348704000,My dogs love them! And good for them!,They're a great product and automated delivery at great prices can't be beat!  My dogs go crazy when it comes to greenie time at night.  No matter how many nights we do the same thing they are always over the top for greenies
74699,74700,B0026RQTGE,A2WPBUC41US8X9,Penny P,0,0,5,1348617600,My boys love greenies!!!,I have 2 small dogs and one really small dog.  They all get one Greenie a day.  They LOVE their greenies!1 I love that the Greenies help to keep their mouths fresh and clean. They are adorable and are shaped like a mini toothbrush!!!
74700,74701,B0026RQTGE,ASSC2299D4RPW,Nancy Lee,0,0,5,1348272000,Reorder of Greenies,Greenies are given to both of my Westies and they expect one a day when they complete their morning routine.  Best treat ever.
74701,74702,B0026RQTGE,A10D02RQH2SRC6,B. J. McClain,0,0,5,1348272000,love my litttle dogs,My little ones love their teenie greenies. It is so easy to order them from Amazon. Greenies are recomendid by my vet to help keep my dachshunds teeth clean and healthy.
74702,74703,B0026RQTGE,A3J9T78MGOZ0F6,"Rebecca ""starmom4""",0,0,5,1348272000,My dogs love them!,Did some research because my dogs have bad breath and dirty teeth. I have tried brushing their teeth with doggie toothpaste and have bought all kinds of chewy treats but nothing worked. So I bought these and gave each dog a treat every morning.  Not only does their breath smell better but their teeth look cleaner as well. I quickly bought a second box. The dogs seem to enjoy the taste and they are made so that the dog can't just gulp them down.  They have to chew them.  I would highly recommend these treats.
74703,74704,B0026RQTGE,AWVJ6RRO0Y1FM,"PS ""Wonderwoman""",0,0,5,1348099200,Dog Loves!,My dog loves these treats and they are lite too.  I have been buying them for the last 5 years
74704,74705,B0026RQTGE,A9XLVHNNA862X,Rkon23,0,0,3,1348012800,Good for breath,"These bones are great for a dog's breath. However, I was looking for something that would take him more than a minute to chew. Still a good treat for doggy breath."
74705,74706,B0026RQTGE,A1TEFN18LEQ6R4,Paul,0,0,5,1348012800,Why do they increase the price each month on the product?,I have subsribed to the monthly shipment of Greenies 27 oz canister teenie 96 count product and each month the price increases.  If i sign up today the price drops to $19.94.  Why the increase?  Seems like they lock you in for a scheduled order and then take advantage of you hoping that you won't notice the price increases.<br /><br />The product is great and my dogs love them but the business practice of the price hikes is terrible.
74706,74707,B0026RQTGE,A2EJVJ5G4DYGV3,Melinda,0,0,5,1347926400,My Puppy Loves These,"Einstein our puppy loves the Greenies.  He get's one at night before bed as a bribe for going into his kennel.  Works wonders:)  Since, he gets one every night we go through the Greenies fairly quickly.  I like the larger size and was actually cheaper per piece.<a href=""http://www.amazon.com/gp/product/B001G96UK8"">Greenies 27 oz Canister Teenie 96 Count</a>"
74707,74708,B0026RQTGE,A3U8QVZ4BSO839,Mrs. L,0,0,4,1347840000,A noticeable difference in dental health,"I've only given Greenies four stars because they're pretty costly at one Greenie per day (and we have two dogs).  That said, we stopped giving our dogs Greenies for a period of time and there was a significant amount of brown-colored build up around the base of our dogs' teeth.  We started giving them Greenies again and within a short period of time the build-up was gone in most areas and, overall, greatly reduced.  I realize that we could brush our dogs teeth in order to avoid the cost, but neither of us wants to take on this chore; plus, the dogs LOVE Greenies.<br /><br />I used to buy this product at Petsmart, but they're much less expensive on Amazon."
74708,74709,B0026RQTGE,A1CMD08Z49PGKQ,okiedan,0,0,5,1347840000,My vet suggested this.,My two dogs love these.  Now as to do they work.  I honestly do not know.  Both of my dogs are right now at what my vet calls stage two on dental health.  Stage four is the worst on his scale.  I am going to monitor and see IF just maybe they will either still be a stage two in a year or maybe better.  If they maintain at stage two I would love it.  Teeth cleaning on dogs is very expensive so if this product works it will save me big bucks.  Here's hoping!  I will come back and update this after their next check up which should be around August of 2013.
74709,74710,B0026RQTGE,A3BKR6QASTTL4D,Rose,0,0,5,1347753600,Very pleased,"Nothing negative to say about this buying experience.  My dog loves Greenies, and this was a better price than what I have seen elsewhere.  Treats like this, along with regular dental care (brushing her teeth and getting her teeth professionally cleaned by a vet) means that my dog's breath is nice and she is healthier.  My dog is 7kgs (around 15 lbs)and this is a perfect size for her.  The packaging keeps these treats fresh - inside the box is an airtight resealable bag."
74710,74711,B0026RQTGE,A2RWZY0CD32TZF,B. Diane Sheely,0,0,5,1347667200,Greenies,My dog looks forward everyday to getting his Greenies.  It is a great toothbrush and keeps him from having too much tarter on his teeth.
74711,74712,B0026RQTGE,A1ZBPBWFVM1P7H,Sami,0,0,5,1347580800,Dogs love em!,"I am always concerned with my dogs oral health. I have found that my dogs love the Greenies and they do a good job of helping to keep the tarter build up off their teeth! I have one dog that is very particular about his treats and what he will chew on but he loves the Greenies, in fact my dogs will do most anything I ask so long as they know they get a Greenie afterwards!"
74712,74713,B0026RQTGE,A2HCZXMS36YH3J,B. Majdanik,0,0,5,1347494400,Instead of brushing~,Always had trouble trying to brush my dog's teeth; thought I would try the Greenies Petite (16 lb cockapoo). They are plenty big enough. She has one everyday loves them and her teeth are looking very healthy; no tartar build up. Definitely recommend them.
74713,74714,B0026RQTGE,A1TSI3IZGJRNU9,Damian,0,0,5,1347408000,Highly recomended,"My dog love it, and She's a very, very picky eater- even with treats. So, this product must have a great flavor."
74714,74715,B0026RQTGE,A36WSXJYYBGK9U,Susan M Krings,0,0,5,1347321600,My dogs love Greenies,"Both of my small breed dogs love their greenies treat and I like that it is good for their dental health,,"
74715,74716,B0026RQTGE,A11JMBAZTF8JPI,kwansolo,0,0,4,1347235200,catnip for dogs?,"my german shepherd goes crazy for these things. i have no idea why he likes them so much. his breath is always pretty good, so i guess these work well. good deal for the scheduled delivery option."
74716,74717,B0026RQTGE,A240OF7GU13MCF,anne,0,0,4,1347235200,freshens breath,"I have a (now) 6 month old miniature daschund puppy. I bought these for her about two months ago when I started to be a little bothered by her breath (she's a kisser). I bought them from amazon because they were so much cheaper then at the local pet store.<br />At first, she had no interest in them. I was a little annoyed, having bought a box of 96 that was still expensive for dog treats even with the discount. She either would ignore it no matter how many times I tried reintroducing it, or take a bite then leave it. It took a few weeks and several tries, but now she loves them and eats them as soon as I give it to her. I give her at most one a day but usually one every two or three days. It hasn't upset her stomach or anything like that. The package says they aren't suitable for dogs under 6 months of age, but I stared giving them to her at about 4 months and there were no problems. She has clean, healthy teeth, but I don't think she wouldn't if I stopped giving her these. They do work in freshening her breath, however. We have a 3 year old golden retriever in the house who eats these sometimes too and has loved them since the day they came- I guess it just depends on the dog. Even though they're not the correct size for him, he's never choked and I don't think it's a problem to buy the smaller size for a larger dog. I'd definitely recommend these if you want your dog's breath freshened!"
74717,74718,B0026RQTGE,A3JLXK2D6CGX54,"Kathryn ""Kat""",0,0,5,1347235200,"Jumbo Dog, Jumbo Greenies","We have been feeding these to our do since he became an adult dog.  We feed him the Jumbo size Greenies. He's 125+ pounds and devours them in seconds.  We order them from Amazon, because we can rarely find the Jumbo size greenie canisters in stores.  Our dog's teeth seem to be in really good condition.  We have never had any problems with him eating them or with his digestion.  We always give him one when we are around to watch and he's never had any issues."
74718,74719,B0026RQTGE,A280P8X21F77I4,Lalibela,0,0,5,1347148800,Like going to the dentist,"I bought these for my 9 yr old dog because the vet said she had stage 4 dental disease, and we really couldn't afford the $300+ price of teeth cleaning for her. I decided to give her one Greenie everyday and see if it improved her teeth and gums. I have been giving her one a day for almost two months and her back teeth look so much better! I am very happy with this little experiment and she is too. She reminds me every night when it's time for her Greenie treat. She still has a slight issue with one of her front teeth, but I think it's because she mainly chews the Greenies on her back teeth. Such a great item. Much cheaper on Amazon than at the pet store."
74719,74720,B0026RQTGE,AOYMEAGB22M5I,Mis01,0,0,5,1347062400,Good for older dogs as well for younger,"I have a 10yr. old boxer and she has worn much of her teeth down some what.  She loves these and they help her breath and clean her teeth.  If she likes them, then MoM likes them."
74720,74721,B0026RQTGE,AJOXH616XO3UI,GaryWin,0,0,5,1347062400,suscribe to GreeniesMy,"My Boston Terrier gets one Greenie regular each day to keep teeth clean. Should I forget it's time for her Greenie, she sits and stares at me until I remember. Vet says her teeth are in great shape."
74721,74722,B0026RQTGE,A3ENB3F0L91PFL,Bub,0,0,5,1346976000,Patches loves these!,Patches loves these and will put up with teeth brushing since he knows he'll get a Greenie at the end of it.
74722,74723,B0026RQTGE,A1NMA62F9YNHQ9,LonMorMan,0,0,5,1346976000,Great Green Snack,"My dog loves them, and so does our vet?  Our Yorkie likes to eat unhealthy things, but shys away from healthy ones.  The lone exception are Greenies."
74723,74724,B0026RQTGE,A3MSLVEXP4WPDH,Connie,0,0,5,1346889600,greenies-teenie 96 pack,"My dog loves these snacks.  I have a smaller rat terrier mix dog she loves these even more than Cherrio's.  They come in a canister which is flimsy but I threw it away as they are also in a resealable bag. They should last a fairly long time as I don't give them to her daily, only for special treats and after she takes any medicines."
74724,74725,B0026RQTGE,A988RS2ZEYVIY,Cindy,0,0,5,1346544000,Teeny greenies,"I have been buying 96-count containers of teeny greenies from Amazon for a couple of years.  They are always fresh and arrive promptly. My Yorkies look forward to one before bedtime each evening.  I don't know if they really help plaque.  They do freshen breath and have some nutrition.  Thanks to Amazon prices, my dogs have this little luxury."
74725,74726,B0026RQTGE,A1N0X3T5W9JUJQ,Donna J. Moberg,0,0,5,1346544000,For Great Doggie Breath,"We have two shelties and their breath improved almost immediately with this product.  One of our dogs has a problem digesting another brand, but neither dog had a problem with the Greenies.  Highly Recommend."
74726,74727,B0026RQTGE,A3JI8DQY53NA98,jerry,0,0,5,1346371200,My dog will kill for a Greenie!,"Ever since I introduced my dog to Greenies, she just loved them. They are her favorite treats, and they are good for her too! She weighs about 15 pounds and I give her one each morning after her walk. I purchase the 27 oz canister, Teenie size (96 count)."
74727,74728,B0026RQTGE,A25K3JQ7SB238Q,C. ECHEVARRIA,0,0,5,1345939200,Dogs love Greenies,This is a great treat for my dogs. I've been buying them for 12 years and they never turn it down.
74728,74729,B0026RQTGE,A3BIAXCA7ILMUH,Rosemarie Dowdell,0,0,5,1345766400,My Dogs Love These,"These are given to my 2 rescue dogs at the end of the day.  They know when it is time to go out for the last time at night and sit and wait for their Greenie.  All we have to say is ""do you want to brush your teeth"" and they go nuts.  They love them and their teeth are in great shape..."
74729,74730,B0026RQTGE,AFZA6HRPQLBX5,Lovemybaby,0,0,5,1345593600,Love them,My dog loves these. I also bought them way cheaper than the pet store. Next time it's offered for the price I paid I will buy a few boxes again
74730,74731,B0026RQTGE,A30COJ9SQH4SVZ,"playboyesquiere ""playboyesquiere""",0,0,4,1345507200,not bad,So far so good. My dog seems to love this things. They do stink when you open the box so beware. I don't know how well they preventing the plaque from building up on his teeth only time will tell. 4stars based on potential good it will do for my dog and the fact that he loves them. You do get alot to last you for 96 days b/c it only says to give one a day so I think that will be adequate time to fully evaluate. I'll update when that time comes but for now it's worth giving it a shot.
74731,74732,B0026RQTGE,AFWQ2N23IJAA2,"J. Intlehouse ""Star's Mom""",50,53,5,1217721600,Our Dogs LOVE These and We Do Too!,"I have been feeding our dogs Greenie bones since they first came out and we have NEVER had a problem.  I have German Shepards, Dobermans and medium sized hound dogs.  They all love their GB's and I find that because our Dobie tends to be a ""garbage belly"" (meaning she'll eat anything!), so sometimes she doesn't smell as nice as she should, really benefits from the ""green"" in Greenie Bones.  I would like to know where ""E. Antic"" gets his/her information from.....as I can find nothing that says they are ""deadly"", except for those people that haven't done responsible research (not just hearsay from some list).  If your dogs are gulpers or greedy chewers, then I wouldn't feed them ANYTHING, especially RAWHIDE, that could be gulped and swallowed in large pieces or whole.  Do we need to bring up ""NYLABONES""?????  Always be a responsible dog owner and supervise your dogs when giving any kind of treats.  Please don't be afraid of Greenie Bones because of E. Antic's post.  You can buy Greenie's in singles, so try one before you commit to a whole box.  I have friends that have dogs that don't really like them and that's okay.  My girls live for their morning GB's and I now give them Greenie ""Smart Biscuits"" for an afternoon snack.  They love the taste and we love them for the 'benefits'!!<br /><br />I respectfully request that Amazon and Amazon members make up their own minds, and not fall to the 'fear mongers' and ignorance amoung us.  Always supervise your dogs when giving treats - after all, they are the animals and we are supposed to be the 'smart' ones.....don't be afraid, do your homework, it always pays!"
74732,74733,B0026RQTGE,A3MXO5BIX3RZ25,freedomroll,33,34,5,1266192000,my lil' beast is crazy for greenies!!,"i still worry about the rumored threat to dogs from these treats, but they have changed the formula so i am assuming all is well with them.  and i am assuming since they are front and center in most pet places that they are safe.  and my italian greyhound is obsessed with them.  they make her (usually hideous) breath smell fresh and clean and have really made a difference in the cleanliness of her teeth.  i always make sure to watch her while she's eating it, not only for her safety, but because it is freaking adorable to watch her chew on it.  just a tip, these are cheaper from entirelypets from amazon.  http://www.amazon.com/Greenies-Dental-Chews-ounce-Teenie/dp/B001CWEC2W/ref=sr_1_1?ie=UTF8&s=home-garden&qid=1266273814&sr=8-1"
74733,74734,B0026RQTGE,A37RIRXE3WECZ,April Blake,25,25,5,1267660800,My Dog's Favorite- and Amazon's the Place to Get Them!,"My German Shepherd is a complete Greenie addict.  She knows when they're in the house.  She knows which cupboard they're kept in.  She knows what time of day she's supposed to get hers.  Her vet compliments her on her pretty white teeth, although some of that credit definitely has to go to the fact that my husband and I brush her teeth with one of those finger-toothbrushes and kiddie toothpaste (no fluoride, so safe if she swallows it), but I do know my dog chews a Greenie at least enough to get pieces between her teeth, and at four years old, she doesn't have the kind of doggie breath that knocks you over if she breathes in your face.  I do believe that some of the ingredients in Greenies help breath from within, so even if your dog inhales his or her Greenie, there's still some benefit.<br /><br />My only complaint about Greenies is that they're expensive.  There's no denying that.  If you do the math on this tub of 17, we're talking about a dollar and forty-seven cents apiece.  So I can see why that might stop some people in their tracks, and I understand.  As for my dog, she's on a limited diet because she's allergic to a lot of things that are standard ingredients in a lot of dog food and dog treats.  I feel like I've been a little bit trained myself, not to bat an eye at this price, and she definitely makes me at least a dollar and a half's worth of happy every day.<br /><br />If you're looking at the Greenies in the 17-piece tub, considering them for purchase, though, I'm guessing your canine is also a Greenie addict, like mine.  You're going to buy them anyway, and if you get the free shipping, Amazon's the place to get them."
74734,74735,B0026RQTGE,A33HGS0F6NVBRA,C. Kinerd,23,23,5,1232409600,Greenies - Catnip for dogs,"I have been using Greenies for years, including the older formula that reportedly had digestion problems. However, we never have had any problems with Greenies. Just make sure you get the appropriate size for your dog. I have never seen a dog that could resist a Greenie. They will start doing tricks never seen before once you bring them into the house. They do help with their breath, teeth cleaning and training and we normally use them as ""well earned"" treats (they aren't the cheapest thing in the treat world). I just ordered 4, 27 oz. tubs of the Teenies (we have Papillons) and I know our dogs will enjoy every one of them. Never have to worry about our dogs getting fat eating these as we do not give them multiple times a day. The new formula reportedly has solved the digestibility problem and the manufacturer claims is now more digestible than normal dog food. In the original formula, the problem usually involved incidents when dogs just tried to swallow them whole or get it down in 2 bites. Our dogs always chewed them into small pieces avoiding any problems. Believe me, your dogs will love them."
74735,74736,B0026RQTGE,A1W7BIVI3O46Q,julie b.,23,24,5,1265932800,such great treats!,"I give these to my dog to help with her minor tartar problems. She LOVES them and they definitely do the job.<br /><br />One of my favorite things about them is that they are sturdy and coated enough that I can freeze them--I put one in a small plastic bag (snack bag folded in half) full of water and freeze it for a few hours. Then my dog has to lick and crunch up the ice to get to the treat, which keeps her busy AND gets her more fluids. Most dog treats tend to dissolve and become mushy when you do this with them, but these guys definitely hold up."
74736,74737,B0026RQTGE,A9QNCVYL8P4KU,Janet Dunham,15,15,4,1286150400,"These seem so expensive, but they work!","My dogs, the 1st day I tried these, didn't really seem to like them. Now they practically climb up me to get to them. My older dog was having trouble with tarter and bad breathe.  After 2 weeks of using the treats, her teeth looked a lot better and the nasty odor was gone.  The reason for the 4 stars is because of the expense, which for me is times 2."
74737,74738,B0026RQTGE,A2ST78JTMA1OUM,gh,15,16,5,1247270400,It's like crack for dogs...,"First some history:<br />Our dog can't chew rawhide bones.  She has a habit of breaking off pieces & swallowing them whole.  We have had problems with blockages & constipation as a result -- everytime she has received a rawhide.<br /><br />We have a 13 yr old Beagle which was introduced to Greenies about 2 yrs ago.  We were given a couple of the Large ones from a friend to try.  Through carelessness on our part, our dog destroyed both large treats within 15 minutes.  When we found her, we were scared figuring she would die from swallowing this large plasticky looking treat.  We quickly did some web searches & found out that the newer formula is supposed to dissolve rather easily with water.  After making sure she drank a good amount of water, we monitored her activity.  In the end, she had no problems & we were able to find a treat that is more chewable than your biscuit type treats, but safer than rawhide (at least for her).  We have tried many different treats & toys, but have NEVER had the type of response that we get from giving her a Greenie.  It seriously is like crack for dogs..."
74738,74739,B0026RQTGE,A1G3M1IYL6N3XP,K. Ding,11,11,5,1234137600,Dogs love Greenies!,My dogs love them and they really help in freshening my dogs' breaths! This is the most cost-efficient pack I could find.
74739,74740,B0026RQTGE,A36TZ86M1RBH2R,Pepper,9,9,5,1309651200,Treats for Pepper,"We have been buying Greenies for Pepper for about 4 years.  He has a very sensitive stomach and can only have boiled chicken and canned and dry prescription diet ID<br />I brush his teeth every night and afterwards he gets a ""greenie""  he loves them and I love that they don't upset his stomach.<br />Our Vet said they should be ok for Pepper.  And they are.  Paying about 40.00 elsewhere, I'm really happy to find them on Amazon.com for a little over half of that.  Pepper is happy and I'm happy."
74740,74741,B0026RQTGE,ACTMZJ4EUOC65,"Teahouse Fox ""...and this is my favorite stor...",9,9,5,1298851200,Addictive to dogs,"It's got something in there that is like crack for dogs. I buy the largest size I can find. I like them better than rawhide, for what they do. Rawhide strips or bones, when the dog gets down to that last part are slimy unswallowable messes that I've had to reach in and remove from the dog's throat. Nylabones edibles gave the dog the runs. Pressed rawhide chunks did the same. Greenies don't affect his digestion at all, and he's crazy about them. He has destroyed a Kong or two in his time.<br /><br />I don't know how much is due to his genes or to the greenies, but my 12 year old dog has better teeth than many 5 year olds.<br /><br />Like any other edible chew treat, however, don't leave your dog unattended until he's finished it."
74741,74742,B0026RQTGE,ADQYSWFLIWL3N,Richard A Gelinas,0,0,5,1345334400,Great Greenies,"My dog no longer needs to have his teeth cleaned by the vet, since he gets one grenie every day."
74742,74743,B0026RQTGE,A261ZLNLNRU6SD,Dr. Paul D. Knoke,0,0,5,1345248000,Greenies,Both of my German Shepherds love their daily Greenies.  Matty jumps up on my bed at noom every day to remind me to get off my butt and produce her treat!
74743,74744,B0026RQTGE,A1G0FCAT4M4UBA,Bugs,0,0,5,1345248000,"Excellent deal,Very affordable price",Since I have three dogs buying treats can get very spendy. I am so glad that I shop at Amazon.com they offer such great deals for me as wells for my little four legged kids. Truthfully I have to say that I have been extremely satisfied with all of my purchases . I am grateful that Amazon offers such wonderful deals Thank you
74744,74745,B0026RQTGE,A2QVPA7GGN53QP,kiki,0,0,5,1345161600,very good,"my dog love it very much, the fist thing that she wake up in the morning is eat the greenies!"
74745,74746,B0026RQTGE,A1246XB5WQ7ICM,Handy Steve,0,0,5,1345075200,Breath chews are awesome although vets say hooey,These treats for small dogs are #1 on my dog's list of morning must haves.<br />She has been pestering me to give her a morning teenie chewy every day for many<br />months. She does not seem to tire of these unlike many treats she has tried.<br />I have heard that the official word is that these do not really promote good breath.<br />Maybe they just limit the amount of bad breath. Whatever. This box is a three<br />month supply so is a reasonably economical way to give my dog something she really likes.
74746,74747,B0026RQTGE,A369AG7LSFQ6R9,"Mary Reynolds ""Mindypin""",0,0,5,1344988800,I am not exaggerating...,"Little Lulu, my six month old Miniature Scnauzer, developed foul breath. It reeked like a dead fish, and I couldn't handle her puppy kisses any more.  Then, I saw an ad on TV for a competing product, but found these to be a better deal. They are worth every penny.<br /><br />The Teenie Greenies arrived yesterday. Just ONE solved the problem. I gave it to her half expecting her to turn her nose up. Instead, she loved it. This morning she greeted me with sloppy kisses and wiggles. I instinctively cringed, waiting for that fetid smell. But there was NO smell! Zilch. Zip. Nada."
74747,74748,B0026RQTGE,A1JK0GD4UVOGAI,Boom Dog,0,0,5,1344902400,Teenie Greenie,Dogs love greenies. Awesome product. Super price. Item was shipped very rapidly. Great packaging. Overall wonderful experience. All animals are happy!
74748,74749,B0026RQTGE,A2U1K9VVOI6JY8,b,0,0,5,1344902400,love it!!!,My dog thinks it is crack! He is crazy over these teenie greeinies. Arived on time and cheeper than the store for sure. I would recomend to all.
74749,74750,B0026RQTGE,A3BUWBTRGMMJOB,C. Lavalle,0,0,5,1344816000,Great Chew Treat,Greenies are the special treat we give our golden retriever and great pyrenee/golden retriever mix.  Greenies are hard enough that our dogs have to chew slowly but not so hard that I feel uncomfortable giving it to them.
74750,74751,B0026RQTGE,A2WYY318G9XQQD,"wheelinil ""wheelinil""",0,0,5,1344556800,My Dog LOVES These!,"Plain and simple, my dog loves these. She dances, spins, & squeaks whenever one is brought out! While this makes me happy as well, it is important to say that regular feedings of 1 to 2 a week have helped avoid teeth cleanings and extractions over the years! Too bad they don't have an equivalent for humans!"
74751,74752,B0026RQTGE,A23PQN6R4VWJYC,L. Sharon,0,0,5,1344556800,Great treats,"Penny loves it. She keeps asking for more and more :)<br />I was very glad to know that because its healthy, cheap and tasty. I definitely will buy more, next time!"
74752,74753,B0026RQTGE,A277AIYW087GSU,Ram,0,0,5,1344556800,My dog loves them and the Vet complimented my dog's teeth,"Started buying these for my dog and he loves them. They are easy on his teeth (not too hard, etc) and my vet complimented that his teeth are in good condition. Your dog may need teeth cleaning once in awhile (it's not a substitute) but it mitigates the tartar buildup effectively when given daily. Will buy over and over again."
74753,74754,B0026RQTGE,AEZ8OREQVE2P,B,0,0,5,1344556800,great treat! not too smelly,"For a picky boxer that doesn't like or eat many treats, she is addicted to these!  They aren't very chalky or too smelly and she enjoys the hard but soft enough texture for her big mouth/small teeth combo :)  These treats also don't leave any residue on the carpet which is very nice."
74754,74755,B0026RQTGE,A32A6VCEVD7UPP,Chris B.,0,0,5,1344384000,Great Deal!,"I have 2 small dogs and buying this pack on Amazon saved a great deal of money! I was worried about them being outdated and dried out but I was wrong, I had one myself they were so fresh but for some reason now I have the urge to chase squirrels."
74755,74756,B0026RQTGE,A18QBXDXQHMS66,New Reviewer,0,0,5,1344384000,The Best!,"My dog can't eat bully sticks or bones, so I have to find other treats.  She is also a bit overweight, so how can I beat Greenies Lite Treats?  The dog loves them and they are good for her teeth.  All around a perfect product."
74756,74757,B0026RQTGE,A12ZQGR04U1FRZ,betty long,0,0,5,1344211200,chew away!,My dog loves these and it keeps him busy for 5 minutes which is a long time for my chew hound!
74757,74758,B0026RQTGE,AT66IKVKXSI46,Travis Greene,0,0,5,1344211200,Great product,"My boxer likes these, but he doesn't get really excited about them.  But if they work as advertised and clean his teeth, then they are great."
74758,74759,B0026RQTGE,A4P68O5TH3FR5,Robert,0,0,5,1344211200,The picky boys' favorate,My dogs like this a lot. They are willing to do any tricks for this. They have it for over three years and still love it.
74759,74760,B0026RQTGE,A1WIQ7UO5OUB0M,Janet S Mallory,0,0,5,1344124800,Greenies Petite,"As with any dog treat, you must monitor your pet while consuming but Greenies are the best! My dogs know exactly when it is Greenie Time!"
74760,74761,B0026RQTGE,A44JFZK0YP9N,FouFou Poochy Pouch,0,0,5,1343952000,Greenies are the best,"I have a 6 pound toy poodle and she would be very depressed without her daily ration of greenies.  She knows that after supper she receives her greenie and she loves them.  It is the one thing that I can depend on her eating.  Since we do feed a lot of soft food, the greenie helps clean her teeth.  The price on these greenies is very good and they were fresh and came in a timely manner."
74761,74762,B0026RQTGE,AJS9FJRTI21AT,HELPING HAND,0,0,4,1343865600,STONE,"I LIKE GREENIES, MY DOGS LOVE GREENIES, AND GREENIES ARE A HEALTHY TREAT FOR MY PETS.  I HAVE BEEN BUYING GREENIES FOR FOUR YEARS.  I DID NOT KNOW THAT AMAZON SOLD GREENIEN UNTIL RECENTLY."
74762,74763,B0026RQTGE,A10NJPL8SA82WC,STANIMAL,0,0,5,1343779200,Awesome Product,"These things are awesome.  These Greenies really clean your dog's teeth very well.  When I first opened the container I was a bit skeptical because they smelled pretty bad but after a week of using these.  My dogs breath was great, and I used to not be able to bear her breath.  It's a must buy for any pet owner."
74763,74764,B0026RQTGE,A10NJPL8SA82WC,STANIMAL,0,0,5,1343779200,Awesome Product,"These things are awesome.  These Greenies really clean your dog's teeth very well.  When I first opened the container I was a bit skeptical because they smelled pretty bad but after a week of using these.  My dogs breath was great, and I used to not be able to bear her breath.  It's a must buy for any pet owner."
74764,74765,B0026RQTGE,A3M4QZCQV0GOUY,"Barbara L. Lutnick ""Bonnie""",0,0,5,1343692800,doggy chews,"If you need to keep your dogs mouth and gums clean and healthy, this will easily do the job.  My dog looks forward to this treat!"
74765,74766,B0026RQTGE,A1UM2Y9A9TCJXU,Michael Sena,0,0,3,1343520000,"Just Okay, nothing else","Updates: One Day, One Week, Two Weeks, One Month, Three Months, Six Months<br /><br />One Day<br />-------<br />Ordered these yesterday and they came in today, even with Prime two-day shipping - Thanks Amazon!  I gave one to my dachshund, a short-haired 25-lb ball of energy, and he loved it.  He's 10 years old and had typical dog breath.  I'm hoping that giving these to him will not only make his breath less stinky, but also (and more importantly) help out with his teeth.  Whenever he yawns or opens his mouth wide, I can see some plaque on his rear teeth.  The vet hasn't said anything bad about that when I've brought it up, but he no longer rips on his rope toys like he used to.  Sure, some of his loss of love for tug of war can be attributed to age, but I think maybe his teeth are a bit weaker too.  I'll update this according to the schedule I laid out at the very top and let you know what happens.  I've also seen lots of reviews online (not about this product, but about dog- and pet-food in general) being made out of sub par or even unhealthy materials.  I'll let you know if my dog's behavior or overall health changes as well.<br /><br />One Week<br />-------<br />My dog is still loving these things.  I feed him in the morning so I like to think these are an evening snack for him.  I don't know what exactly the dental chews are made from, but I'm able to bend the little green toothbrush-shaped chews into a ""U"" and they don't seem to break.  Perhaps it's some kind of gel or gummy chew?  His breath seems a little less ""heavy"".  His teeth seem to be the same. His behavior hasn't changed either, other than being extremely excited to get a chew at night.  This last bit is important to me, because I know some dog treats can be more like dog-crack!<br />See you in a week!<br /><br />Eventually<br />--------<br />Sorry I didn't keep up to my schedule - I think these things work, though not as well as I'd hoped.  My dog still has lots of plaque and buildup on his rear teeth and more disturbingly these things have caused my dog to frequently urinate in my house.  I suspect they are making him drink a lot of water which he can't hold in.  I walk him three times a day and put him outside two to three more times so there's no issue on my end.<br />My ultimate conclusion is that these are just OK.  They aren't damaging to my dog's health... but to say they were helpful in improving his dental situation would be giving these too much credit.<br />My S&S shipments have been cancelled and I'm out looking for a better product."
74766,74767,B0026RQTGE,A1R6XA0SVLOIVC,Suns Lover,0,0,5,1343520000,Buy the sample size first!,"My pekingese loves these!She is known to be quite a picky eater,so I ordered the sample size( called a 'mini-treat pak' of the Greenies first to see if she'd like them.( I believe the sample size =22 of the 'Teenie' size). She ended up loving them,so I kept the small zip-lock pouch the sample size came in. I just take about 20 of the Greenies at a time from the large 96 chews container and refill the zip-lock pouch.*It also is a great way to bring some Greenies along with you when you are traveling with your dog!<br /><a href=""http://www.amazon.com/gp/product/B000JQCJIG"">Greenies Treats for Dogs (5-15 lbs/2-7 kg)Mini Treat-Pak-Teenie 6 oz</a>"
74767,74768,B0026RQTGE,A2M9SS7VM3MVLP,Todd Lisle,0,0,5,1343433600,My dogs love these!!,"As soon as my dogs hear that I open the box they come running.  They absolutely love these chews! Don't know what it is, but they're irresistable to my dogs!"
74768,74769,B0026RQTGE,AF3YCQAYR2NGQ,Grandma,0,0,3,1342828800,"Dogs love it, but it caused upset tummies","I have three dogs.  They all loved the Greenies.  One dog does not chew her food, but gulps it whole.  I had to cut the Greenies into smaller portions for her.  It does help clean teeth, but caused diarrhea.  I think I'll look for another product for teeth cleaning."
74769,74770,B0026RQTGE,A3NDSMZ33YUNP1,Hanna C.,0,0,4,1342569600,Love 'em!,"I buy these directly from amazon because they're always cheaper than I can find them at local pet stores. My dog goes absolutely crazy for the Greenies Lite. I'd originally started him off on the normal greenies but switched to the Lite about a year ago and he loves these just as much. I recently had to get the normal greenies because they were out of Lite and my dog wouldn't go near them; thank goodness I purchased the normal ones at a place where they took returns.<br /><br />I give my guy a few throughout the day as treats so I just bend and twist them in half; otherwise my dachshund/pekingese mix will demand more and at roughly $30 a box, I'd go broke if I gave him as many as he could eat. As long as the box is fresh, the greenies will be nice and bendable... I have purchased a box on a few occasions where the greenies were rock hard.<br /><br />My only complaint is the price. I just wish they were a tad lower. Even still, I will keep buying these as they're my dog's fave treats."
74770,74771,B0026RQTGE,A27EUPT1D50M2R,SmileyKL,0,0,4,1342396800,Lily & Lolas Fun Chews,Received the Greenies and immediately gave 1 to each of my dogs. Lola chewed hers right away and loved it. Lily hides hers and then eats it later. Nice size and good price. Both dogs enjoy Greenies.
74771,74772,B0026RQTGE,AA5D2Q1O4ZMG8,D. Morris,0,0,5,1342310400,Dog's love them,"I order these constantly for my dogs, and my review is always the same:  Most dogs think they are the best thing since grass, and will do all kinds of tricks to get them."
74772,74773,B0026RQTGE,A2BSSCFGB5TRV4,Candace A. Sweeney,0,0,5,1342137600,Greenies - the best price anywhere.,This is the best price for Greenies.  Greenies do a great job helping to keep my dog's teeth in their best shape.  So glad I discovered this product on Amazon as they are almost too expensive to buy anywhere else.
74773,74774,B0026RQTGE,AQ5GU666JJWV,Jeanine Yamazaki,0,0,2,1342051200,Dog got sick,Been buying greenies for years.  Decide to try the senior version but it made my dog sick.  I don't know if its to soft or what but it seemed to get stuck in his throat that he'd eat some grass to throw it up.  Bummed since I bought a tub.
74774,74775,B0026RQTGE,A3H3T02220D62N,Becky Stout Higgins,0,0,5,1341878400,My doggies love these,"My two dachshunds love these things.  They know they are going to get one every morning.  They lead me to the pantry and are so cute when they beg or I call it talking, letting me know that they can't hardly wait.  Great product."
74775,74776,B0026RQTGE,AHD1NIMHE5F4D,Alycat's,0,0,5,1341792000,Greenies,Thank you so much for sending us this product that our dogs love so much! It was neatly packaged and enjoyed by the dogs the minute we opened the package. The deal is amazing!
74776,74777,B0026RQTGE,A3L11W77XKW6U,"Luis N. ""Luis N.""",0,0,5,1341619200,Great Price,Our yorkie and shitzu love greenies and the price at amazon is significantly lower than what I can find at petsmart or Petco. I will continue to buy from Amazon
74777,74778,B0026RQTGE,A33R7ED1RT3S4K,G. Weinberg,0,0,4,1341446400,My dog loves these,"Greenies are one of my English Bulldog's favorite treats.  They are a bit on the expensive side, but if you get them on Amazon instead of one of the large Pet stroe chains, you get a better deal.  I tried the Costco brand of dental chews (they were about half the price) and they disagreed with my dog's stomach so I came back to Greenies.  I usually break them in half and put it in is kong toy so it's like a puzzle for him to get it out.  If I just give it to him he eats it really quickly.  Overall, Greenies are a great product."
74778,74779,B0026RQTGE,ASCE5545RQ01I,Barbara,0,0,5,1341273600,Greenies for a picky eater,"I had to pay a fortune to have our dog's teeth cleaned. Plus it was a difficult thing for her...she got very upset and was in pain for a few days. So I started using Greenies, and wow...they have her scheduled for a teeth cleaning that I will cancel, because it has kept her teeth so clean. Best of all, though, she is a very picky eater. Most things that are supposedly flavored to please dogs do not please her. She just won't eat them, but Greenies for teeth...she can't wait to have them. I just ask her if she wants to brush her teeth, and she is ready and waiting. The other night I got out her pills to give her for arthritis and made the mistake of getting out the greenie at the same time. She didn't want the pills although they were covered in peanut butter, which she usually loves. Once she finished the greenie, she wanted the ""peanut butter pills."""
74779,74780,B0026RQTGE,A2WUK1O9802GNW,"Ichiro ""IT""",0,0,5,1341273600,My dog's favorite treat!,"Greenies are great dental chews that keep my dog with minimal plaque.<br />My 3 yr old loves it.<br />The price of the 96 Teenie Pack (or more) from Amazon is unbeatable.<br /><br />Of note, my dog didn't like it very much when he tried it the first time when he was 2 months old. He grew to love it more and more. So don't give up and give it to someone else if your puppy is not crazy about them from the first day."
74780,74781,B0026RQTGE,A732RD4GCA3Z3,Kam,0,0,5,1341273600,Cheapest anywhere,My dog loves em. This is cheapest you will find these anywhere! This is my second time ordering great deal!
74781,74782,B0026RQTGE,A19Y5DMPLNGE0,deepinthegame,0,0,4,1341187200,Dog goes crazy for these,Keeps the dog's teeth nice and white. Smells like it is filled with minerals and all kinds of good stuff. Highly recommended by vets. Works well for us.
74782,74783,B0026RQTGE,ARWT2JE2ZBQFF,Henry Ed,0,0,5,1340668800,=D,"This product is great, you get as many treats with the teenies as the Petite size and my puppies love them like crazy. The price is great, delivery service was great, overall happy with everything"
74783,74784,B0026RQTGE,A18KK6UY5352LQ,Marybeth Novoselsky,0,0,5,1340668800,Greenies,Shipped very fast.  Great product for your dog's teeth.  I have been giving my poodle greenies ofr years now and my vet said that her teeth are just as white and healthy as a 2 year old dogs.  She is 10 years old.
74784,74785,B0026RQTGE,A1OQS0BPNMKAMP,BAK,0,0,5,1340496000,greenies,"I buy Greenies frequently for my dogs. They love them. I buy them for my ""granddogs' also. Very good product."
74785,74786,B0026RQTGE,AL27KM5PT06W6,lucy'smom,0,0,3,1340323200,Container problem,"I have used these little treats for our 2 dogs for a while and never had a problem.  This time the container arrived a little dented and when I opened it, discovered that the inside pouch had been damaged and the greenies are stuck together.  Disappointing."
74786,74787,B0026RQTGE,AFD7TSLA6S5CP,ohia tree,0,0,4,1340064000,My dog  loves these.,"My dog is not wild about many treats but she loves Greenies.  She just can't resist them.  She never eats the cat's food, but once I had some cat Greenies in the bowl and she scarffed them up!  The only reason I gave them 4 stars is that I wish they weren't so expensive."
74787,74788,B0026RQTGE,A319SA019UXTLX,Linsey Song,0,0,5,1339977600,Great Deal!!,"Our dogs adore these and they are usually fairly pricey for the amount you get. However Amazon always has one great deal or another for buying these and significantly cheaper than in store prices.<br /><br />We usually buy the 130 or 96 pack of 'Teenies' for our two chihuahua mix dogs (depending whichever has the better sale price at the time.<br /><br />The teenie size is great for our smaller dog (6lb) as he can fully chew on it and savor it. However it is not quite enough for our other chihuahua mix (13lb) she tends to gulp it down like any other dog treat without getting as much benefit from the dental cleaning that Greenies are supposed to help with. Now that she is a little larger (she loved these as a pup) I think we may 'graduate' her to the next size of Greenie.<br /><br />I have always found that our dogs look forward to their Greenie treats and see them as a special treat which is great because keeping a dogs dental health in check is important and I find Greenies do help with this and yet are delicious to the dog.<br /><br />Our larger dog has been given Greenies for two years now and her teeth are still almost entirely stain free and her breath is not as bad as some dogs. However I would not use Greenies solely to keep a dogs breath in check, I recommend getting some other product for that."
74788,74789,B0026RQTGE,A33RAJU0FDA0S3,Blake A. Miller,0,0,5,1339977600,Greenies for a good price,"Well, they are Greenies.  Not much else to say about them besides it's a fantastic price.  They come in the green box shown, but inside is a re-sealable bag to keep them fresh which was really nice and actually a concern I had when I first purchased them."
74789,74790,B0026RQTGE,A3BYTYZ0PQGG8,Andal,0,0,5,1339977600,buy in bulk!,"My dogs love these greenies. Their teeth are super white from chewing on them and their breath somehow is no longer as stinky. The only thing is that they are a tad-overpriced, so I recommend buying them in bulk if you are truly satisfied with this product like I am."
74790,74791,B0026RQTGE,A13S908SVO9MTN,P. Rodriguez,0,0,5,1339891200,Greenies are awesome!!,"My dogs go crazy for these!! I was worried for their safety since I had heard some negative reviews for these chews, so I did some research and found that the most common problem is from choking.  They do chomp them down so I have them eat it while I'm nearby in case they choke (haven't yet).  Their teeth and gums are clean and strong so that saves $$ on dental bills.  I don't like the idea of having them go under general anesthesia just to get their teeth cleaned (seems much riskier), so I will continue to take the ""risk"" with Greenies. Amazon price for these, even with shipping costs, are still the lowest. And my dogs get to bark at the FedEx guy!!"
74791,74792,B0026RQTGE,AZ39O1SMWXLRV,jwing,0,0,4,1339459200,Good value and dogs like them!,"These do help to keep my dogs teeth clean and they are just the right size for my 7 lb chihuahua. Much, much better value on Amazon then your local pet supply warehouse."
74792,74793,B0026RQTGE,A1CQPBL4C0R0A1,pili,0,0,5,1339286400,best treat,"My dogs love these treats! When my dogs wake up in the morning thats the first thing they want to eat! Especially my dog Luna cries for one. When I say greenie, she immediately runs downstairs and sit right in front of the pantry for one. I highly recommend these treats!"
74793,74794,B0026RQTGE,AVAAL77L6SZ6,"D. Fagen ""Dana F.""",0,0,5,1339200000,love them and will buy again!,"I have a 10 month old puppy. She is a mix between 1/4 poodle, chihuahua, terrier, and maltese. She is SUPER picky with treats and food in general and she absolutely loves these!! She wants one all the time! Her bowel movements are not affected by them in a negative way. The only thing I would say that is a con is that they don't last very long! She eats them pretty quickly even though the material of them is pretty rock solid and her mouth is tiny."
74794,74795,B0026RQTGE,A1ZUR3PD6D0F4,Sarah,0,0,4,1338940800,My pups love it!,"I have two dogs and they both love this it. I've been giving them this treat for over a year now and had no issues. The only reason why I give it a 4 star instead of a 5 is because it does not help my dogs with their minor tartar build up like it's supposed to. Other than that, it's a great treat."
74795,74796,B0026RQTGE,A1XNRB4O2O7XF7,Dean,0,0,5,1338768000,My Yorkies love these dental chews!,I give these little dental toothbrush treats to my three Yorkies and they scatter to all corners to protect and eat their treats. Small dogs often have dental problems and I use these to help their teeth!  They are the perfect size for my dogs.
74796,74797,B0026RQTGE,AC41TKEXBCG5F,Art VanDelay,0,0,5,1338595200,Yum (or so it seems),"I don't know what it is about them, but dogs will listen to you if you're offering one of these as a reward. My dog gets one every night, after she performs a few tricks flawlessly knowling the reward is one of these."
74797,74798,B0026RQTGE,A1I6U5AQAT3ZG9,"E. B. MULLIGAN ""Bronwyn""",0,0,5,1338422400,perfect,Our 13 year old minature fox terrier loves them and they take a nice amount of time for her to devour.
74798,74799,B0026RQTGE,AHY7OT7T9NNGV,Looking for Reliable/Great products,0,0,5,1338336000,My Shiba Inu loves this as a favorite bedtime treat,Good for dogs with sensitive stomachs and tasty too!  Also very healthy / great guaranteed analysis.  Am already on my second box of 96 Teeny's!
74799,74800,B0026RQTGE,A2H9KHFSIVQRK7,Jason Gospodarek,0,0,5,1338249600,GREAT,LOVE the Greenies.....my rat terriers favorite snack!  Just say the word and they come running!  Enjoy them and don't forget to buy more!!
74800,74801,B0026RQTGE,A3UH8Y078T3VXE,N. F. Dunn,0,0,5,1338076800,love grenies,"As usual it's great, I get a lot of compliment about my black lab very white teeth ! I just wish they would make bigger boxes, the large greenies come only at a maximum of 17 a box."
74801,74802,B0026RQTGE,A13TVFIJBZ1ABQ,gusta,0,0,5,1337385600,Greenies,"The shipment came on time and was packed perfectly.  My dogs get two greenies daily, their teeth have less plaque and their breaths are pleasant  I love this product!"
74802,74803,B0026RQTGE,A1Z6B0H1JZ0CU5,R. David Paine III,0,0,5,1336435200,My Papillon and Bischon Love These!,"I got these for the ""health"" benefits of fresh breath, plaque and overall quality of stuff. I like to treat my kids now and again and they love them so much they have even taken to identifying these treats as ""greenies""! Yes I know it is typically the tone but they even get excited if you say the word green now, its crazy. So I'd say, get these for your kids they will love them so much you'll have a hard time denying them at least one a day. I know I do."
74803,74804,B0026RQTGE,A1S02A2Z4KJ050,Laura,0,0,5,1336435200,Squeaky clean!!,"I have a one year old Pomeranian whom has been on greenies since she was about 3mos. Let me tell you, I've gone to the vet several times during her first year for different reasons. The first time her vet was happy to see that she had a healthy ""smile"" and hoped it continued, she was still a puppy. Since then, we moved to another city and she now has a different vet. This vet was so excited, and YES i said EXCITED, to see my fur baby's gums and teeth. The vet asked to take a picture of Foxy's(my fur baby) teeth to post on their website. She asked me if i brush them daily. I said nope, we've been using greenies does that count?? She said YES and added, in detail, how healthy it is for them in A LOT of aspects. Buying them from a pet store is ridiculous to me because the price for a pack of 20 is over $19. ARE YOU KIDDING ME?!?!?! So when i saw this price and the amt that come in the pack, I've been buying them on here ever since!! I give them to her once a day EVERYDAY at 9pm. She even recognizes the word ""greenies"" and follows me to the pantry when it's that time of day for her. Because of a previous review i read about storing them in the container it comes in for a while caused maggots, i got really grossed out(has NEVER happened to me) so JUST IN CASE, i dump them in a snap seal, clear, plastic container."
74804,74805,B0026RQTGE,A2PY7DQZTIWQOX,kath,0,0,5,1336348800,"Greenies Dental Chews for Dogs, Teenie Pack, 96 Chews",Excellent healthy product for your small dogs!  Please be aware that you must watch your pup when giving them this small greenie or they will swallow the entire thing in one gulp!!  Quick Service by the Seller and Excellent Price for this product!  I will purchase more for sure!!
74805,74806,B0026RQTGE,A2K838ZWRH88W9,Ashley,0,0,5,1336348800,Helps a lot!,"These were sold on here for much cheaper than I could find in stores, and I am very happy with how they helped my dog's breath. These are small, probably good for dogs 10 lbs or less."
74806,74807,B0026RQTGE,A12RWP0N36NIXR,Tinkerbell,0,0,5,1336003200,Awesome,My dog Lexie loves these things she gets one everynight at 7 and she let's us know if we are late with it
74807,74808,B0026RQTGE,AHRJEVNHM7W3R,georgia radel,0,0,5,1335916800,love those greenies,I have a bichon beagle hybrid mix (called a glechon).  He just loves greenies. We just had him into his vet for his checkup and the vet told us that his teeth were beautiful. He wanted to know what we did to keep them that way. The only thing we do is to give him greenies. I've had two other people comment on his teeth in the past month. I highly recommend these treats for your dog if you want him to have good teeth and breath. We've never had trouble with him being able to digest them. They are a little costly but I feel they're well worth the extra cost.
74808,74809,B0026RQTGE,A3KI8A89Z4PNOP,"Souki San ""Soule Sista""",0,0,5,1335830400,Great greenies,My dog loves these treats and the 96 count box is the best deal. They come in a foil package in the box so they stay fresh till the last one.
74809,74810,B0026RQTGE,A2E80MDB9TCNGW,Madeline V. Mitcheli,0,0,3,1335830400,Dog Teeth Cleaner,"I read the reviews and decided to purchase Greenies for my two dogs.  Unfortunately, neither one will eat them.  I gave one box to my son and one to my daughter and thier dogs love them.  Go figure."
74810,74811,B0026RQTGE,A3GN8HQ7EIS1PJ,morgan cole,0,0,5,1335744000,Love At First Bite!,"One of these at night, is my Yorkie's toothbrush & breath mint. He is almost ten, and loves his Greenies."
74811,74812,B0026RQTGE,A2T2R6Z3IBTO0U,L. M. Castaldi,0,0,5,1335744000,Great,"My dog and I both love this product.  My vet even said it was great that my dog is having one every day.  I feed my dog homemade dog food which includes sardines, so Greenies are a necessity.<br />Don't know what we would do without them."
74812,74813,B0026RQTGE,A222JTN249UIOA,Andrea,0,0,5,1335744000,"Great product, great price!",My two dogs adore Greenies!  This seemed to be the best place & price I found online.  Very quickly shipped too.
74813,74814,B0026RQTGE,A1UGRR7QI5TGAF,"L. Tsutsui ""Sumiko""",0,0,5,1335657600,Great dental chew deal,I purchased some Greenies Regular pack of 27 which I think is a great deal and it was delivered promptly.  But there is extra packaging which needs to be recycled.
74814,74815,B0026RQTGE,A17V6UX8Q7VU79,"LOC ""AZCook""",0,0,5,1335657600,My dog loves these!,My dog's morning just wouldn't be complete without her Greenie! I think it's the minty scent that drives her crazy but she loves them. She's @18 lb so the Teenies are just right for her.
74815,74816,B0026RQTGE,A1IRYEFTNTK9P5,"Karen L. Noll ""midwest mom""",0,0,5,1335484800,Doggie Must,"It's reassuring that the treats I give my precious Yorkie are of the best quality and of course I appreciate the cost effectiveness of dealing with a reputable company.  Amazon has provided swift service and a product that would cost much more from a local pet shop.  Greenies are good for my dog's dental health and are not dangerous as are rawhides or toys with squeeking mechanisms which can choke a dog.  Just the sight of the Greenie box, and she knows it's nap time or time for a treat."
74816,74817,B0026RQTGE,A1KNRZS89I603H,Phenkelsvirginia,0,0,5,1335484800,LOVE the large discount!,It's so wonderful not to have to pay the high prices at PetSmart for these Greenies.  My pups LOVE them!!
74817,74818,B0026RQTGE,A1MTQR1Z76BW7Y,Joyce E. Jones,0,0,5,1335225600,TEENIE GREENIES,"THESE ARE THE BEST DENTAL TREATS ON THE MARKET!  MY CHIWEENIE THINKS THESE ARE THE BEST INVENTION SINCE MEAT.  LOL.  HER DAY IS NOT STARTED UNTIL SHE HAS ONE, THEN SHE EATS, BUT NEVER EATS FIRST!"
74818,74819,B0026RQTGE,A2R6BLPLACG9C6,Mr.Hiatt,0,0,5,1335052800,My dogs love these.,My two dogs (Pugs) absolutely love these.  They get one every night and they have excellent dental health.  Amazon has the absolute best price over retail.
74819,74820,B0026RQTGE,A363VYG6RS9WUS,Barry L,0,0,5,1334793600,Keep on Munching,"My puppy loves this product.  The moment he has a Greenie in his mouth, he'll begin to munch.  I actually got this product not only to keep my pup's teeth clean, but am using it to help my puppy teeth.  The product is just hard enough so that my puppy can keep gnawing on it, but it is simultaneously soft enough for him to sink his teeth into (providing assistance for teeth development).  I definitely recommend this product."
74820,74821,B0026RQTGE,A32BYHWKU8GU7L,"T. D. Washington ""Dragonfly""",0,0,5,1334793600,Very Effective,"My veterinarian recommended these.  My dog is a German Shepherd, Pit Bull, Jack Russel mix.  His top part is huge but his legs- not so much.  Basically he needs his weight managed all the time because we don't want knee problems to develop.  At his last trip Dr. Kragness said he had a bit of a tartar problem (organic food related) and to try a greenie a day.  Well he's been chewing them for about 12 days and his teeth look great and as an added benefit his breath is clean, still hot but clean smelling.  In addition I've noticed that he doesn't have a lot of doggy gas like usual.  I thought the price was a bit steep but tried them on the word of the vet and for the obvious results we're getting I guess you get what you pay for here."
74821,74822,B0026RQTGE,AUZ1GYY6LT75Z,Hapsmom,0,0,5,1334793600,Greenies Dental Chews,My doggie loves Greenies she will not go to bed without her Greenie. They are digestible helps clean teeth. They are a bit expensive but they are a good product and I would and do recommend them.
74822,74823,B0026RQTGE,A1M76R9XO9Q6G6,Angel's Mom,0,0,5,1334620800,Teenie Greenies,These are the only treats I can get my dog to eat. She has to be limited as she will make a meal on these if I would let her.
74823,74824,B0026RQTGE,A31X839XCZ3WE9,blondy038,0,0,5,1334361600,greenies dental chews,"Greenies dental chews are a product that my dogs love to eat.  Around 6:30-7:00 my dogs start to bark, jump up, follow me everywhere because it's time for their Greenies.  Best thing I ever got for them."
74824,74825,B0026RQTGE,AHI87D06P7HX,Mary,0,0,5,1334016000,Great for older dogs.,"I have an 11 year old Jack Russle who's teeth have worn down over the years. Greenies are great for him as they are not hard for him to chew and he LOVES them. Every evening all I have to say is ""Want your Greenie""? And he comes running. It's the only dog treat he eats now."
74825,74826,B0026RQTGE,A16KFCBCT9R4W1,"Ann Hu ""lilbunnyhuhu""",0,0,5,1333929600,Fantastic!,"My corgi loves these greenies!  I like it how the greenies come in a zippable bag inside the cardboard box!  I have the choice of throwing out the bag and using the box or vice versa!<br /><br />I chose the free shipping method.  It took awhile to ship, but once shipped, it came in a timely manner."
74826,74827,B0026RQTGE,AEV9O865SEL8J,e_b08,0,0,4,1333929600,Great Product,"My pug loves his ""Toothbrushes.""  THey help keep away dog breath, and I don't see a lot of plaque build up on his teeth."
74827,74828,B0026RQTGE,A1VR7S5KR836IZ,SueCfromGP,0,0,5,1333670400,My dog loves these.,"My dog thinks these are wonderful.<br />I think Amazon's price for them is wonderful.<br />It's not difficult to find other dog owners who would be willing to split a box, so I'm not worried about brittleness.<br />Win-Win"
74828,74829,B0026RQTGE,A12TCY12RMA0YE,Dayna M. Friend,0,0,5,1333584000,OMG look at the great price!!!!,my yorkies love these things. I have a 3 pounder and an 11 pounder and they think getting these are the bees knees! i tried the other sizes but i think since these just fit right in their mouth they love it. The product has a really over bearing smell but once you get over that (it is a dog treat) its amazing
74829,74830,B0026RQTGE,A130PQOPD9X2J1,Heidi's mom,0,0,5,1333411200,What a bargain!,I am so happy with the deal I got on these Greenies.  My dogs are even happier.  House full of happy campers with these here.
74830,74831,B0026RQTGE,A37CYKM9LO9BHY,~mo,0,0,5,1333411200,Great price..,Came with the plastic bin! My Lhasa Apso liked at first but tired of it a couple weeks later. Bummer. So I gave away. She prefers natural chicken jerky now..
74831,74832,B0026RQTGE,A8NX9GKEUAG8U,S. Kim,0,0,5,1333324800,Dog goes crazy over these!,My dog has been loving these chews for years! I give him one everyday and it has done a great job at keeping plaque and tartar build up at bay.
74832,74833,B0026RQTGE,A2O9N82I49GZ4P,C. Opal,0,0,5,1333324800,My dog loves these!,"My dog is in love with these treats. He comes running when I say, ""Do you want a greeny?"" Then he takes it under the bed to devour it. My dog's teeth and breath stay healthy due to his greenies in between brushings. Nice to get such a big box at this great price."
74833,74834,B0026RQTGE,A32XJ0Z7R829UZ,zach fan,0,0,5,1332806400,Crack for my dog,My dog loooves these treats. He's a 50 lb Rhodesian Ridgeback mutt and devours these! I'm not sure about the dental impact yet as he's only had them for 2 weeks or so. But this combined with toothpaste would be more effective.
74834,74835,B0026RQTGE,APCTA6EH9DD4A,"adp ""amber""",0,0,5,1332374400,Puppy love,I have a pitbull who loves her treats I'm obsessed with keeping her healthy so these work great on her teeth and they're a great price!
74835,74836,B0026RQTGE,A48939C20S0J8,SUS,0,0,5,1332288000,best dental chew,"I was kinda skeptic about this green chews. Turned out my dogs love it very much.<br />Had purchased my 5th boxes, and worked well on preventing teeth decay. Very satisfied and will keep restock."
74836,74837,B0026RQTGE,A3H6O87C5UQDDB,"Mrs. Huggies ""S.H.""",0,0,4,1331769600,Greenie Good,Our labradoodle likes his Greenies.  The product seems to be helping with the plaque problem he's been having.  It is a bit costly for continual use.
74837,74838,B0026RQTGE,A3U8UGVYYXDLIJ,zialynn,0,0,4,1331596800,Good price,"Bob loves these treats better than anything and lets me know every day when it's Greenie Time.  I cut them in half because they are so expensive but I've been able to find them at much better prices on Amazon than in the pet food stores even with the manufacturer's infrequent coupon.  If your dog loves these, buy them online and save."
74838,74839,B0026RQTGE,A2VNHW04VDZJ04,Pam,0,0,5,1331596800,yummy for my dog,"My dog loves these treats.  I can comb her or cut the wads of hair under her ears when she is eating one of these.  Otherwise forget it.  She is still young, so I hope I will get her to sit still while I groom her, but for now my puppy and I love these.  The shipper was great too."
74839,74840,B0026RQTGE,A2RPJMZOSB7OXD,kens amazon,0,0,5,1331596800,greenies from Amazon,"The price is rite!!! this is the second time I bought them, dogs love them!!! will bye some more!!! thats about it."
74840,74841,B0026RQTGE,A3MAS4RNDV5JBM,Jamie's mom,0,0,5,1331510400,Great taste & great value,"My dogs love the Greenies taste. They prefer Greenies to any of their other treats. They've been chewing Greenies for 5 yrs, and have not had to have their teeth cleaned."
74841,74842,B0026RQTGE,A264UDSHTHG6SU,M. Schultz,8,8,5,1257120000,Great Price!,I like to buy Greenies for my dog but they are very expensive even in multi-packs. If you purchase at online pet stores they are somewhat less expensive but not like the boxes offered on Amazon.  Dogs need clean teeth and healthy gums and Greenies will take care of both.  Easily digestible for my 13 year old Shi-Tzu.
74842,74843,B0026RQTGE,A3MQJDWDYH3LCE,AB,6,6,5,1325894400,A teethsaver!,"About two years ago I adopted a little toy poodle from my local humane society.  She had been rescued from a puppy mill and was underweight, coated in fleas and had a broken jaw.  After trying to fix the jaw with a metal plate and it getting infected, we ended up having her lower left jaw along with all of her teeth on that sound of her mouth removed completely.  A year later, during her annual dental cleaning she had 6 more teeth removed and is now down to about 8 total.  Shortly after I discovered Greenies.  Everyday I come home from work and after she is done going outside, she sits by the pantry door waiting for her Greenie.  When I open the door to the pantry she starts ""dancing"" on her two back legs.  The last time I took her into the vet, they said she only had Grade 1 Dental Disease as opposed to the Grade 3 the year before -  Thank you Greenies for creating a delicious product that is helping to save my dog's few precious teeth!  Thank you Amazon for offering them at an affordable price with free shipping!"
74843,74844,B0026RQTGE,AR357G7ZE89YD,Daniel,6,6,4,1268438400,"Our dog loves them, but eats them FAST!","We bought these for our 65 lb golden retriever. He is not a powerful chewer since he has a retriever's mouth, but he is a diligent chewer. He'll chew and keep chewing once he gets going. The size of the large-sized Greenies seems right for him.<br /><br />Our dog's breath was getting stinky and we were noticing some buildup of plaque, so we got the Greenies Dental Treats. He simply loves these. But he eats them a little to fast. They only last a few minutes. I wish he would chew more and swallow less!<br /><br />But our dogs breath does seem better. We don't use them every day, more like every other day to make them last, but they still seem to do some decent teeth cleaning. I would use these in combination with other teeth/gum health products like the Nylabones and raw hides."
74844,74845,B0026RQTGE,AMATOIG271SMX,sunflower,6,6,5,1267660800,So Happy to find this vendor!!!,"This is a fantastic deal!! My dogs love greenies but at over $20 per bag at the local pet supply store, I couldn't afford to give them one everyday. I order these again and again."
74845,74846,B0026RQTGE,A3VZ65TA1PHJJP,Judith C. Redhill,6,6,5,1238976000,Treats,Our little guy eats one of these a day after dinner.  he sits and waits until they are given. A super price for the box and fast shipping. Will definately order again.
74846,74847,B0026RQTGE,AJDC6ZW7JDJWD,Christy G,6,6,5,1214352000,Great treats,"Any edible bone can cause a dog to choke, but Greenies changed their formula about a year ago to make it more digestible.  I love the product."
74847,74848,B0026RQTGE,A30UXI3KH3WA51,"Jennifer D. Nickerson ""J. Knickerbocker""",5,5,5,1259452800,"Sticky, but delicious.","My Pug puppies absolutely love these bones.  The only negative aspect is that they get sticky & leave a green film that dries to a green crust on their front legs & paws (& whatever they're laying on, usually the sofa!)  Long after the bone has been chewed to a little nub & swallowed, my beautiful girls are licking their paws & staring at me, begging for another with their big, sad eyes.  Even though my puppies are only 12 lbs & just under 8 months old, I give them the regular size.  The smaller ones just don't last long enough with my power chewers.  I usually try to wrestle the small end from my girls before they get swallowed, as I do with EVERY treat they get, but I'm rarely successful.  They have the habit of swallowing pieces that seem far too large for them, but I've never had a problem with these bones.  I've never had any pieces reappear later (in any form) or had any blockage or choking problems.  I'm fully convinced that the bones dissolve quickly & safely in their tummies.<br />A lot of people have negative things to say about these treats, even our vet has a note about these specific bones causing ""digestive upset"" on his website, but I have had nothing but wonderful experiences (since purchasing washable slipcovers for our furniture!)<br />If you're worried about trying these treats, I'd suggest giving a larger size than is called for & observing your fur-child like any good parent should.<br /><br />Common sense for all pet owners:  Take the end of any treat away before it can be swallowed.  If you haven't already, ask your vet to teach you the doggie heimlich maneuver & doggie CPR, just in case."
74848,74849,B0026RQTGE,A20EXXV8A0YGQJ,L. A. Wetzel,5,5,5,1249257600,Maggie's Favorite,"We have tried other chew products for our dog and these are by far her favorite. They don't get messy like other chew treats and her breath smells so much better, even better than the dental milkbones out there. She really does prefer these over any other dog treat."
74849,74850,B0026RQTGE,A2S2S34FZG45K,K. Hanson,7,8,3,1320796800,Great product but poor advertising on Amazon's part,"Received the Petite Lite Greenies 27 oz box today.  The picture shows a count of 96 bones, but I only got a box of 45.  I realize that the picture shows the Teenie size w/96 and 27oz, so naturally the next size up Petite would have fewer bones, but I think receiving only 45 is a bit deceiving.  45 bones for almost $25 isn't bad, but I won't be purchasing on a regular basis.  These are for a Christmas gift, so they are a splurge anyway!  My dogs, a Chihuahua, MinPin and Shichon love them!"
74850,74851,B0026RQTGE,A3LGVJIFKK52RE,"Al Strom ""al""",4,4,5,1321056000,Great for older dogs,My son brought these home one day for our 12 year old Cocker Spaniel. She became 'hooked' on them rather quickly and starts howling for them around 7:00pm daily. Amazon pricing is significantly less than the local stores and Prime delivery is incredibly convenient.
74851,74852,B0026RQTGE,ACXKRHSN1W57Y,Mare,0,0,5,1331424000,My dog loves them,"We bought these as a Christmas present for my dog, and he just loves them!  A little pricey, but he's worth it."
74852,74853,B0026RQTGE,A59128KLN4BQK,"Madelene Caselli ""Taarna""",0,0,5,1330905600,Greenies are great....albiet Xpensive,"All greenies are overpriced.  But, since my critters love 'em so, I watch the price and get a bunch when it drops to a more reasonable level.  Still too high, but.....<br /><br />Since I'm buying something, I think is way overpriced...  yet I still buy it, should say it all.  My gang loves the darn things.  I prefer tendons or pizzles, since they last awhile.  But, they love Greenies.  So, I get em.<br /><br />You probably will too...  we got our pets, right where THEY want us......"
74853,74854,B0026RQTGE,AQ5UF43JAZQOB,"Sang Yi Choung ""cindy_c""",0,0,4,1330905600,For sparkling doggy teeth,"Of all the dog teeth treats, I bought this one because it was highly recommended by doggie dentists. If your dog doesn't take to it right away, have some patience. My own dog took it in strides at first--she would chew on it but not swallow it. And now she looks forward to it more than any other little treat. I don't know what it does for her breath (which is never very minty fresh), but her teeth are sparkling white. Giving her one a day doesn't make her stomach hurt in any way."
74854,74855,B0026RQTGE,A1NNY57JBI0Z00,workingforchrist,0,0,5,1330905600,These are great!!!,"Our dogs have only been chewing these for about a week and a half and they are great for freshening their breath!!! Their breath was so bad that you couldn't stand having them breathe anywhere by you, now their breath is alot better. I think that it is only gonna continue to get better :) Plus they love them and these don't upset their sensitive tummies!!!! I would recommend these to anyone :)"
74855,74856,B0026RQTGE,A2L9D8C8HN5PMQ,"N. Silver ""Cats Rule!""",0,0,5,1330732800,Woof,"""I love them""<br /><br />  - Winston the dog<br /><br />""These are delicious""<br /><br />  - Suzi the dog<br /><br />""feh....not a reasonable substitute for tunafish""<br /><br />  - Peke the cat"
74856,74857,B0026RQTGE,A3L0482AB8YTFD,Melissa,0,0,4,1330732800,Greenies are the Greatest,"I've been giving my dogs Greenies for years now.  Their excitement at receiving this treat never abates.  As expensive as they are, I feel my animals are well worth it.  This is doggie health food at its finest.  And the price here on Amazon is the best I've found to date.  However, I am completely disgusted with the packaging of this product.  The huge box is wasteful and not at all environmentally sound.  Come on Greenies people - put the product in a pouch and call it a day."
74857,74858,B0026RQTGE,A1T4Z0W33N0E56,eb2k5,0,0,5,1330646400,my dogs go crazy for Greenies,My chihuahua and pomeranian get so excited when I bring out the teenie dental chews after their meal--I hope these are always in stock as I buy them frequently. It does seems to help reduce the tartar on their teeth and it's exceptionally high in protein unlike other treats.
74858,74859,B0026RQTGE,AQT4U510J1TV7,J. M. Monconduit,0,0,5,1330387200,Great Help for Bad Breath!!,"I tried these on the recommendation of our veterinarian for my 2 little dogs' bad breath. I didn't think they would like them, since the treat is hard & they favor soft treats. But both dogs love them! Within 2 days, their breath was improving. Now, they get their once a day treat to keep their breath smelling fresh."
74859,74860,B0026RQTGE,A14P4HH62TG2L6,Sallye S.,0,0,5,1330300800,"Oh, if we could afford to buy these all the time...","Our pups go nutty when we break out the Greenies.  They can hardly perform their requested tasks for the treats because they're just too excited.  They're a bit expensive for our budget right now, but when we can afford it, we really like to get these for them.  Keeps their breath very clean-smelling and they really just... love love love their Greenies!"
74860,74861,B0026RQTGE,A2E3MDC96N248V,StephanieC,0,0,5,1330214400,My poodle loves greenies!,My poodle loves greenies!  We joke that they're like crack to her.  She demands one every night at 8 pm.  I can't complain too much though - her breath is great!
74861,74862,B0026RQTGE,AX87SA2S2HNJF,"punky ""Lois P.""",0,0,5,1330128000,Greenies Chews,This is the third  ontainer we have purchased and as a once a day treat the dogs love them. All have learned to sit and beg after each morning outing.  Try them for your dog!  Good value for your money as I use the 96 pack.
74862,74863,B0026RQTGE,A1S7Y7UG5M4UV5,Allyson M. Spivey,0,0,4,1329955200,Work great!,"My Italian greyhound LOVES these treats, and I've yet to notice any problems as described by so many other reviewers. My Bella (her name) gets one of these treats about every other day since she's very difficult when it comes to me actually brushing her teeth. They definitely do the job.<br /><br />Some people have stated that their dog has choked on these treats or a piece got caught in their intestinal track. Well, I'm not sure how fast your dog tends to eat treats, or how big of a chunk they try to bite off, but that DOES matter when it comes to digestion of anything. My pup eats these treats pretty slowly (as I think she realizes it lasts longer that way), and I make sure I'm in the room while she's eating it. She'll chew off small pieces to eat, not large ones so I'm not sure if that makes a difference but I assume it would.<br /><br />I also make sure she gets plenty of water afterwards, to wash it down. The person at Petsmart told me these are like crack for dogs. While I can believe that, my iggy has several different types of treats and only gets this one every other day. If I gave her this for everything, I could see it becoming an issue.<br /><br />Overall, I think these are great, they help to keep my dogs mouth clean so that I'm not having to brush her teeth quite as much."
74863,74864,B0026RQTGE,A356HYSJBWU9LG,pogonana,0,0,5,1329955200,Dog gone good,"You won't be able to over sleep if your dog gets hooked on these dental chews.  One is enough, but your dog will drive you crazy until you get up and offer him this special way to start his day."
74864,74865,B0026RQTGE,A2Z054F2OGR62S,B. Young,0,0,5,1329696000,Great treat to keep teeth healthy,One greenie a day after dinner helps our dog's teeth stay cleaner.  Also we brush daily with the salmon oil infused grain alcohol gel product.  That works so much better than the enzymatic toothpastes.
74865,74866,B0026RQTGE,ARWGHMIEH0IRP,EddieT,0,0,5,1329350400,My puppies love them and it helps keep their teeth clean!,"Got these large Greenies originally when we noticed our 60+lb Boxer mix puppies' teeth were getting a little dirty and brushing didn't too much.  We give them each one Greenie in the morning when we leave for work, they love them.  The boy gobbles it down, but his sister savors every bit.  They also keep the buildup on their teeth down quite a bit, they're not going to make them shine, but they'll keep them pretty clean!"
74866,74867,B0026RQTGE,A3EL73G7QSB37F,Chris,0,0,5,1329350400,Greenies for dogs,"Molly and Cocoa, our cocker spaniels, said to tell you that they love these greenies and can't think of anything they would rather munch on.  They have sizes just right for them, are easy to chew and easy to digest.  The fact that they come in ""lite"" is a bonus as it helps us keep their calorie content down in the winter when they don't get as much exercise.  I would highly recommend greenies for a great treat that helps clean dog's teeth and eliminate bad breath."
74867,74868,B0026RQTGE,AH42BMG4FZJLF,"David Fogg ""Smart Man""",0,0,4,1329004800,Save yourself a few bucks,If your dogs go thru the shakes when you run out like mine do then you need to stock up. The cheapest price you will find delivered to your home. Better deal than you will ever get in a store.
74868,74869,B0026RQTGE,A2J3ELTWCMEB5U,"Particular1 ""Particular1""",0,0,4,1328918400,My Picky Dogs Love Them,"I have 2 fairly large dogs that need chew treats to help clean their teeth, but they are very picky and reject most of this type of treats.  They love these, though, and by purchasing the Tub Pack, I save a lot in comparison to the other possibilities."
74869,74870,B0026RQTGE,A2XAKGRUHIE2ZA,"P. Stein ""Bengals Fan""",0,0,4,1328918400,Small dog loves these.  They don't last long.,"I have a 12 pound, 18 month old couton.  He would rate these as 5 stars.<br /><br />The problem is, he finishes these off in 5 minutes.<br /><br />This makes it an expensive dog biscuit, rather than a dental chew toy."
74870,74871,B0026RQTGE,A1LTCPCLJE6A1O,"Marianne L. Grantham ""(Nan)""",0,0,5,1328745600,Loves clean teeth!,"My dog seems to know when it about noon and time to ""brush his teeth!"" He does vertical jumps until that little green toothbrush comes out of the container!"
74871,74872,B0026RQTGE,A235E6VS81NY52,Susan J. Evans,0,0,5,1328659200,Greenies Lite Treat Tub-Pak 27- ounce,"Greenies lite treats tub pak is the way to go for my dog, she always looks forward to one of these before she goes to bed."
74872,74873,B0026RQTGE,AA5D2Q1O4ZMG8,D. Morris,0,0,5,1328313600,My Dogs Go Crazy for These Greenies,I buy the lite teenies for my two little dogs and they are just right for treats.  My dogs will do anything to get these.
74873,74874,B0026RQTGE,AEOL1M6MUK6IU,PC,0,0,5,1328054400,Happy!,"My dog loves Greenies! Read some reviews about it online and tried it out since Amazon Prime shipping is free, the price was affordable, and my dog refuses to have his teeth brushed. I've been giving him 1 per day for a few days now and it's like a treat to him! I'm satisfied. :-)"
74874,74875,B0026RQTGE,A1TGNK1ISA9P3C,Christine,0,0,5,1327968000,Saw a difference very quickly...and my dog loves them,"I have an Old English Sheepdog puppy who was developing inflamed gums and awful dog breath way younger than he should have been.  I started feeding him these, and within a very short time (weeks?  Maybe even less), the inflammation had gone away and his breath was much better.  I buy a size smaller than recommended for his size, and that way he can have more than one -- it breaks the treat up.  Since he loves these, I can use them as a reward.  Next box, I'm going to buy an even smaller size so I can divide the treat up even more throughout the day."
74875,74876,B0026RQTGE,A2IH2H5NLHA6DD,K. benford,0,0,4,1327276800,Doggies Addicted!,"I have two Peek-a-Poo's and just say Greenies and they go crazy.  These are the reformulated Greenies are made with gelatin compared to the old ones that had harmed some dogs and were pulled from market.  These are easily digested as I started them out slow and made sure they chewed and not swallowed them, which could be harmful. I trust Amazon to sell me items that will not cause harm.  I personally thoroughly check for anything foreign which is due to the manufacturer and not Amazon."
74876,74877,B0026RQTGE,A1X7QD2UE9TU6Q,Gary K. Weinkauf,0,0,5,1327104000,Turned her teeth around,"When we adopted our 6 year old Basset Hound from a foster home, her back teeth had so much build up that they were actually brown.  Now after four months, they are not completely back, but they are about 75% better. Although they are not inexpensive, I think they do a good job.  And she also enjoys them very much.  I have checked many places and have found Amazons prices to be the best so far."
74877,74878,B0026RQTGE,A2UNGJPCVD6D6E,mrsinserra,0,0,5,1326931200,great product- great seller!,This item came from the shipper quick and as described.  my dog LOVES greenies- and they really do seem to keep his teeth and breath clean.
74878,74879,B0026RQTGE,A31R20IP57VR1,Mike S.,0,0,4,1326844800,"Dogs devour them, does it clean their teeth?","I have two dogs, 22 pounds and 45 pounds. Got the large size which is supposed to be for 50-100 lbs. My dogs love these things. I mean within a few short minutes they are gone. I thought they would be a little more of a challenge. I guess the big question is are they in my dogs mouth long enough to actually do any teeth cleaning? Or are they just a delicious treat for my dogs to enjoy?"
74879,74880,B0026RQTGE,A119DZC9OOXNHS,RetiredEducator,0,0,5,1326240000,Our dog loves Greenies,"Our old dog has dental problems and arthritis.  She LOVES her Greenies and reminds us that she ""deserves"" one a day.  Since starting on her ""senior"" Greenies, she is much more limber and agile.  She has also started chewing on her chew sticks again (after several years of not being interested in them...and yes, we take her to the vet to have her teeth cleaned)."
74880,74881,B0026RQTGE,A1F5E7JA0ERXR6,Bill,0,0,4,1326153600,Dog Preference,Our Cocker Spaniel is spoiled on all kinds of treats including table leftovers but she always has room for a Greenie.  Her dental hygene is also important to us and the Greenies seem to do the job.
74881,74882,B0026RQTGE,A1JK0GD4UVOGAI,Boom Dog,0,0,5,1325808000,Greenies,"Greenies were at a super price!!! Great packaging, prompt delivery. Our dogs love them. Great doing business with this site. Will look here next time I want to order this item!!!"
74882,74883,B0026RQTGE,A2MPZNQ21HHZLH,Old retired teacher,0,0,5,1325635200,"The only way to go, unless money is not an issue!","Our three dogs love Greenies. They are very expensive (usually $32.99, but marked down to $29.99 sometimes). Then, on top of that you have state tax. So ... if I buy 4 boxes: two Petite and two Teenies in a store that has ""Pet"" as part of the name, it'll cost me over $135.00. If I do the same thing through Amazon companies prices it costs me about $85.00. That's a difference of $50.00 (for the Math impaired reader ...). Go with free shipping because it, literally, gets here the same time frame. Use the $50.00 and take your spouse out to dinner!<br />The product is great. I did notice that two in the same day was a bit tough on my Pomeranian's digestive system and caused a little diarrhea. The dogs love the taste and would eat them all the time. We get the small ones despite having two larger dogs because they will chomp them down in a heartbeat. With the smaller sizes the dogs still get a treat and the boxes have a lot larger amount of Greenies in them."
74883,74884,B0026RQTGE,A3IK07IUZXCMQ4,manowar,0,0,5,1325462400,Best price ever!,What a price for a product I always buy for my dog. Thanks so much Amazon! I will be back to buy more Greenies!
74884,74885,B0026RQTGE,A1I8XG2S5SGHPS,Sandra B.,0,0,5,1325203200,My dogs love them and have clean breathe,"No complaints. My dogs both enjoy them and they have nice breathe afterwards. My dogs are 10 pounds each and I got the Teenies. They are very chewy so it takes a bit for my dogs to eat them, but I think that is part of the fun for them. Highly recommend!"
74885,74886,B0026RQTGE,A2VG6K06BWFN54,robert jezek iii,0,0,5,1325116800,Lucy and Moe love them,These are great treats for dogs. My bichon is 14 pounds but this is a good size treat for her and the fact that they promote dental health is a bonus.
74886,74887,B0026RQTGE,A1FLQKJL2XN12C,calgolf,0,0,5,1325116800,Greenies for my dog,"I have used them for years.  My dog can't wait to get one each morning. She does a ""Greenie Dance"".  She jumps around and wiil do about anything to get the Greenie.  This was the first time I ordered them on amazon and I'm glad I did.  I got the lowest price ever and they were delivered the fastest."
74887,74888,B0026RQTGE,A2F4HTQKSD1LQ4,Andrea Leilani,0,0,5,1325030400,My dogs LOVE these!,"All dogs love these treats/chews! It does keep both of my dogs' teeth cleaned and they love it! They know that when I get home from work every night, they get a treat and they are so excited. I highly recommend these :) Plus they are much cheaper on Amazon.com, than at your local Petsmart or PetCo."
74888,74889,B0026RQTGE,APNLFE7D7ZQZA,MelissaT.,0,0,4,1325030400,Our dogs' favorite!,"When my dogs see me reaching for the Greenie box they immediately sit on their bottoms and behave wonderfully. One of the dogs will even do a little dance when we finally give her the treat. We give our dogs one greenie about every other day and they just love them. They take a lot of time in carefully chewing the greenie, so it doesn't appear they are swallowing them too quickly. I usually get the Petite or Teeny varieties for our two 10 lb dogs, but since they like them so much I moved to regular. Hopefully I'll see a change in their breath soon as they hate getting their teeth brushed."
74889,74890,B0026RQTGE,A2OE11SVWD7ES,Isaac Hagen,0,0,5,1324857600,Amazing!,While they are expensive Greenies do the trick for a dogs dental health. We tried a couple other brands and went back to these. The price on Amazon cant be beat. Dog is happy as well and gets excited whenever anyone says Greenie! His breath is so much better after just a day or two of use.
74890,74891,B0026RQTGE,A3GJWGJIOIL19T,Banjo,0,0,5,1324684800,"Teenie ""Lite"" Greenies","we brush our dogs teeth in the morning and feed once a day at evening time so we give him a Greenie after he eats to clean up his teeth and breath because we give him Sardine oil with his meal and this works great ""no fish breath"".  He loves the Greenies."
74891,74892,B0026RQTGE,A170DNSSB75ZIX,didi,0,0,5,1324598400,I Want my GREENIE! Arf Arf!!!!,"When my toy poodle finishes her dog food-she comes to me and barks and barks for her treat, GREENIES.She will not stop barking till she gets it.  I make sure she has eaten her dog food then she gets her GREENIE. It is the highlight of her day,and she is the happiest dog. Her teeth are very white and she has the sweetest smelling breath.I make sure I am never out of GREENIES.The price is the greatest too.Thank you.D>D>"
74892,74893,B0026RQTGE,A3SHETU1D7IAXG,Lillie,0,0,5,1324512000,My Dog Likes Them!,"Got the teenie greenies for my 16 1/2lb Shih Tzu- Lhasa Apso.  The package says that these are for dogs that range 5-15lbs, but I ordered them anyway (trying to save some money).  She loves them.  Gobbles them up straight away.<br /><br />Only advice-Stick to the poundage recommendation.  These treats are so small that I doubt my dog is getting the benefits of tartar control/removal.  On the bright side, she likes the taste, so they certainly work as regular daily treats."
74893,74894,B0026RQTGE,A8PYWB4HW88DE,Nicki Pierce,0,0,5,1324425600,Best Value!,"My dog loves these things, and I love that you can get almost 100 for about $20, if you went to a pet store you'd be paying at least twice as much for these things.  I have a Yorkie, and I only give these to her every so often (I try to remember to give one every other day so she doesn't get fatter).  I really hope that Amazon keeps them this cheap and I'll keep buying them"
74894,74895,B0026RQTGE,A3LQKZNQKALZYA,"Avid Collector ""Tinkerbell""",0,0,5,1324339200,Greenies are Great !,"[[ASIN:B000KBFKIQ Greenies Dental Chews for Dogs, Petite Pack, 45 Chews<br /> are not only great for Dogs teeth ~ but they must taste great.. I have a great dog who knows exactly when it is 5:00PM and has a particular bark for her Greenie. She is spoiled, so she also knows when it is 7:30PM and time for her second treat and barks that same bark for her second one.<br /><br />The vet did say that her teeth look great !!"
74895,74896,B0026RQTGE,A1M5D12C0PGGLI,Kristen M. Norton,0,0,5,1324252800,MY CHIHUAHUAS LOVE THEM!,"These bones are great!  Each one of my 22 chihuahuas love these bones.  I'm hoping they will help with their breath but even if they don't, it's still a great product for my chi's since they enjoy them so much."
74896,74897,B0026RQTGE,AEGATW6NWW537,Russ F. Clark,0,0,5,1324252800,Our Doggy's All Time Favorite Treat,"We have 4 very spoiled furbabies & Greenies are their ""special"" treat.  They each get a greenie when they are groomed, brushed, bathed, etc.  Just say the word Greenie & you have a flash mob of doggies begging energeticly at your feet."
74897,74898,B0026RQTGE,A658Y5G6015XR,Yvonne Michaels,0,0,5,1324252800,Greenies Rock!,"My little dog loves Greenies chews! We were first introduced to this dental treat at our vet's office and seeing how much Toby loved them I decided to start buying them for him. Imagine how surprised I was finding out the price at the pet store! When I saw this fabulous deal on Amazon for 96 Greenies I was thrilled. This will be Toby's favorite present under the tree for certain. As always, great fast service and even greater buys through Amazon."
74898,74899,B0026RQTGE,A1XYJ3UXLWO082,"pbk63 ""RS""",0,0,5,1324166400,Dogs gone wild!,"I have no idea what is in these but my wire hair terrier goes wild when the box comes out.  My daughter started me on these and he just loves them.  Had to get the small chew so he does not get fat on them as they are loaded with calories.  Checked with my vet and they had no problem with them, use for own dogs.  Only problem is once you start your dog on these it will be a continuous treat and even from Amazon these are not cheap.  As quickly as they are devoured the per minute price is astronomical.  But it is hard to deprive a dog you love of such a tasty treat!"
74899,74900,B0026RQTGE,APE73RAECBNQ5,sassygirl622,0,0,5,1323820800,My dog loves these dental chews.,My dog loves these dental chews and they work well to keep most of the plaque off her teeth.  That saves on the vet bill.
74900,74901,B0026RQTGE,A6WVCLM2UDM6D,BJR,0,0,5,1323734400,Dogs love these,It is hard to find Greenies at a good price. This was the best price that i have found recently. My dog loves Greenies.
74901,74902,B0026RQTGE,A26Q46PQ62RFMB,cdejesus68,0,0,5,1323734400,the best!,I bought this product because I had a coupon it was a little expensive but I give one a week to my dog.  My dog loves them and if she could speak she would say please give me one a day.
74902,74903,B0026RQTGE,AGQB7D61U9RW,Coffee addict,0,0,5,1323734400,Do these things work,We started giving these to our dog to avoid having to have her teeth cleaned at a cost of 4 times human cleaning.  We'll see if it worked on our next vet appointment.
74903,74904,B0026RQTGE,A3FF9WKF7PYHCU,inquiz_lass,0,0,5,1323302400,Two Paws way Up,My dog loves these treats and they help with her aging dog breath.  These arrived fast and fresh. Two Paws Up!
74904,74905,B0026RQTGE,A1Y3MEJHL8AIJ0,PATCHES,0,0,5,1323216000,TASTY TREATS,MY DOG LOVES THEM. SHE GETS THEM EVERY MORNING AFTER SHE GOES OUT. SHE WON'T SETTLE DOWN UNTIL AFTER SHE HAS ONE. SHE WON'T LET ME FORGET ABOUT THEM. SHE LOOKS FOWARD TO IT EVERY DAY.
74905,74906,B0026RQTGE,A2PDVAO4IM8FB0,hoosierfan56,0,0,5,1322956800,Great,This is a great deal. So much cheaper than the pet store. My dog loves these and it helps her breath smell better. It used to be terrible but she has gotten better after eating these. I just wish they lasted longer for her as she can chew one up in about 2 minutes.
74906,74907,B0026RQTGE,A12U37FSBL495N,Puppyluv,0,0,4,1322956800,Not a huge fan of the ingrediants but my dog loves them,"My 11 year old dog loves greenies!  It's the best treat besides the smoked salmon he regularly gets.  The smell weird and the ingrediants are not that clean, but he's a fairly picky dog."
74907,74908,B0026RQTGE,AKWP7LOOOF3NB,RW,0,0,4,1322870400,Tasty treats,"My dog is relatively picky when it comes to treats, but she loves these. They don't do much to help her doggy breath, but maybe over time they will help."
74908,74909,B0026RQTGE,A3EQHF6B4M2ZBM,J. Wirth,0,0,5,1322611200,Healthy treat my dog loves,"My dog is about 70lbs, 11 years old and diabetic. We couldn't completely cut her off from all treats once she became diabetic, so we needed something healthier. She loves Greenies and they're healthy enough for us to feel comfortable. Yeah, they are pricey but if you buy them on Amazon with the free shipping they are alot cheaper than buying them in stores! For all she gives us, the treats are still a bargain!"
74909,74910,B0026RQTGE,A360IAUDG0XDOG,Rebekah Shinn,0,0,5,1322524800,Love them!,"or really my dog loves them.  When I have a busy day and I am too tired to brush her teeth, I just give her one of these instead and they do as they describe:  keep her teeth clean.  They are very soft and easy on her teeth but also rub the leftovers off to keep them clean.  I really recommend these to anybody who has a dog and they also make cat greenies which also work for my barn cats and they love them."
74910,74911,B0026RQTGE,A2IHWOOOCAIP0P,Gordon Remala,0,0,5,1322179200,Too Good!,"Our dog, Wylie, begs for a Greenie first thing in the AM. He would eat them exclusively if we allowed it (only one a day is allowed)! Teeth look great, so far."
74911,74912,B0026RQTGE,A35GV0E188B3TR,Molly,0,0,5,1322179200,DOG LOVES THEM!,MY DOG LOVES GREENIES!  THIS IS A GREAT PRICE!  BETTER PRICE THAN ALL THE PET STORES.  WILL REORDER FROM AMAZON AGAIN.
74912,74913,B0026RQTGE,A1DIC3O3FZ1J7X,Dood's Mom,0,0,5,1321920000,Doggie Dope,My chihuahuas love their greenies.  If they don't get them by 6:30 p.m. they let me know.  It's part of their routine and they know it.
74913,74914,B0026RQTGE,A2AJBR6I0DFV95,ABravo,0,0,5,1321401600,Teenie Weenie,My dog loves this treat. It helps clean his teeth daily since brushing is not an option because he dislikes it. I recommend watching your dog while he chews it to prevent choking!!!!!
74914,74915,B0026RQTGE,A3VH9WGKFM1498,Linda L,0,0,5,1321401600,They're Greenies,"I don't know if they actually freshen Sugar's breath or not, but she really likes them!  And since she's the princess, she can have whatever she wants!"
74915,74916,B0026RQTGE,A2DM30B8F6BIY4,NAL42511,0,0,5,1321315200,Fantastic price & Charlie loves them,"Great bargain , Amazons price is at least $10 cheaper the petco & petsmart .Our Jack Russell loves his nightly greenie.  I know we should be brushing his teeth but he turns into a Tasmanian devil every time we try. I like to think the greenies are the reason for his white teeth + he doesn't have doggie breath."
74916,74917,B0026RQTGE,A3NI2SIYJXRIME,Jonesie,0,0,5,1321228800,Great Price and Product,I have ordered Greenie's several times from this buyer and I am always pleased with the quality as well as the price. This large box costs almost $1 each at Petco and PetSmart.
74917,74918,B0026RQTGE,A27QPBHR4GEKVJ,Tina Thomas,0,0,5,1321142400,Good for your pet,Greenies are great. I have 3 dogs who really love and 2 of them<br />the 2 yr old and the 4 yr old have beautiful clean teeth. I only<br />wish I had known about them when the 12 yr old was young.  They really<br />love them and its improves their breath
74918,74919,B0026RQTGE,AYKBELIUK9GFU,1dogowner,0,0,5,1320969600,Greenies review,"I bought 5 boxes of greenies, 2 for my dog and 3 for my friend's dog and the dogs go crazy about greenies!"
74919,74920,B0026RQTGE,A2R3G9QJT8UADB,And,0,0,5,1320796800,Great,Our dog loves them.  He is 35 lbs and the Regular size is perfect and it seems to help with his teeth.
74920,74921,B0026RQTGE,APCEV44GW6YVC,genebean,0,0,5,1320710400,Great doggie treats!,My dogs love these treats. I have 3 small dogs and they can't wait to get their morning dental treat. The younger dogs teeth are pretty white and I hope to keep them this way but my older dogs teeth have some tartar on them. I noticed the tartar has gone down quite a bit after a month of feeding him these treats. Hope his teeth keep getting better.
74921,74922,B0026RQTGE,A18LMESO7EN5BQ,Brian Johnson,0,0,5,1320624000,Excellent,"My bog loves these dental chews more than any other treat I have ever given him.  As a bonus they seem to give my dog better smelling breath.  Just so that it doesn't take you by surprise, they will turn your dog's poop a darker shade because of the coloring.<br /><br />I highly recommend these."
74922,74923,B0026RQTGE,A3MOJ69W0AGP2O,Brenda J. Beers,0,0,5,1320624000,My Chihuahua loves these!,I haven't been using them long enough to see if they are keeping his teeth clean. I am optimistic though. Once he has finished all 96 I should be able to tell.<br />He gets one a day and really loves them.
74923,74924,B0026RQTGE,A82YGCB4KNFB8,Franco Caliz-aguilar,0,0,4,1320019200,Well...,My dog's bad breath went away...but as for long term health effects I have no idea whether positive or negative. My dog likes them and they've been recommended to me by everyone around. Amazon tends to beat the box xstores by 5-7$ a box.
74924,74925,B0026RQTGE,AHXKL9V9KYIZU,Loretta Sharp,0,0,4,1320019200,greenies teenie for clean dog teeth,my italian greyhounds loves these greenies for their teeth and have used them for several years as they are very prone to cavities. They are 8 years old now
74925,74926,B0026RQTGE,A2LB13NU0ORTTF,Lana,0,0,5,1320019200,My dog loves these,"I've been giving these dental chews to my chihuahua mix daily when I leave for work in the morning. She absolutely loves them and looks forward to them. Before I started giving these to her, she would cry when I was leaving, but now she actually gets excited. They don't last too long, but they last long enough for me to leave without her noticing. And these big boxes last for months."
74926,74927,B0026RQTGE,A10F0HNTLNTL7W,Penelope Embry,0,0,5,1319846400,My doggies love these,"These are the best doggie treats ever. My little dachshunds go crazy for these. If I forget to give them their morning greenies, they come looking for me in the house and leap in the air and whine until I get up and go to the cabinet and fetch them a greenie. They do a good job keeping their breath clean too."
74927,74928,B0026RQTGE,A35TFL3GFRLHSW,BlkIceMom,0,0,5,1319760000,Love Greenies!,"I have been feeding Greenies to my 9 year old Schipperke since she was old enough to eat them.  She loves them, her teeth are exceptionally clean which I attribute to having fed these to her all of these years.  My Boy Schipperke is now 6 and I have feed them to him also.  My Vet remarks every time I take them for appointments how clean their teeth are.  I also brush their teeth most nights so a combined effort and my dogs teeth have never needed to be cleaned which has saved their little bodies from the trauma of anesthesia. Feed the right size and ALWAYS watch your animal with any treat."
74928,74929,B0026RQTGE,AHRH012VJKRTI,M. Gershenson,0,0,5,1319760000,They are the best...,"Been using Greenies for a couple months.  I have a toy poodle with a sensitive stomach.  So far, no issue for her.<br /><br />And it is sooo nice, no more doggie breath for her.  I highly recommend the treat as long as your dog can tolerate.  Seems like it has helped with the tartar too which is what motivated me for the purchase.<br /><br />Thanks Greenies!!! :-)"
74929,74930,B0026RQTGE,A8FPP1EYJMQK8,"Philippe Jean Jorat ""Carpenter""",0,0,5,1319760000,Dog dental chews,"<a href=""http://www.amazon.com/gp/product/B000KEVF32"">Greenies Dental Chews for Dogs, Regular, Pack of 27</a> A great product at a great price. My dogs love them."
74930,74931,B0026RQTGE,A3OIE7IE9LTPJG,GatorMan,0,0,4,1319673600,Dogs love these bones and I can see a difference,These really whiten their teeth.<br />And the dogs love them.  Works great for my big dog.<br />The price is why they only get 4 stars.
74931,74932,B0026RQTGE,A1MX0D09ZKQNZO,"Johnny C ""sheepforwheat""",0,0,2,1319587200,Dog goes crazy for these,"EDIT: I had been giving my dog a half of one of these every day, and he was having digestive issues with them. I stopped giving them to him and he recovered. I will have to lower my rating on these, even though he loves the taste.<br /><br />I have a havanese dog. He is very picky about treats and food. He LOVES these things. He goes crazy for them. He sometimes won't even eat his regular food (EVO Chicken small bites) because he wants one of these first. I'm not sure if they are actually helping his teeth though. His teeth are looking kind of gnarly and he is only 3. I don't mind the smell of these treats either."
74932,74933,B0026RQTGE,A2ADSQUBU84XW,"Jonna A. Craft ""JAC""",0,0,5,1319500800,Great price - my dog loves these things!,"I shopped a little to find the best price for these treats for my dog. This was the best I found, and with free shipping, it was even better than going to the petstores in my neighborhood!"
74933,74934,B0026RQTGE,A11A2WJJVCTAKP,Rachel D. Schultz,0,0,5,1319328000,Greenies for large dogs,After doing an extensive price comparison we ended up purchasing a double pack from Amazon. So pleased with the Greenies product! Took one of our dogs for his annual exam yesterday and the doctor mentioned TWICE how good our boy's teeth look! YAY!
74934,74935,B0026RQTGE,A3K5FC4M9M0YMY,M. Hammond,0,0,5,1319241600,wonderful Greenies,"A friends told me how much her dogs love Greenies. I was skeptical, a dog loves Any treat but i decided to buy some to give my dogs and I am sold, they just LOVE Greenies even my little picky boy who is very choosy, soon as he sees the Greenies box he runs to get his share. from now on they will get a Greenies everyday for a treat."
74935,74936,B0026RQTGE,A1G3MN3MGQF7U3,Barbara,0,0,5,1319155200,Greenies Dental Chews,Greenies (96) were received quickly in a protective box. They were fresh in a resealable bag. I would order from vendor again.
74936,74937,B0026RQTGE,A3E1DEO1RNI5P4,CJM,0,0,5,1318896000,Best Price Available ANYWHERE!!!,I have been buying Greenies for years - this company had the best price - very satisfied!!<br />Shipment arrived faster than promised and packaging was original from manufactuer.
74937,74938,B0026RQTGE,A267CNXZTWED3N,"C. Harmon ""Florida Maveric""",0,0,4,1318377600,Greenies,"I've bought these greenies twice now from Amazon.  Amazon has one of the best prices on the Internet, but I still feel the product is way too expensive.  I'm now using a cheaper product from Walmart that is supposed to do the same thing so far as cleaning teeth."
74938,74939,B0026RQTGE,A23PHJVJY2DFOD,tony,0,0,5,1318291200,tonytada,very cheap compared to buying in the stores. great price for this product. product was fresh not stale. i don't know why they insist on making you put 20 words down for just saying the product is low cost and good.
74939,74940,B0026RQTGE,A152OZFK83V701,"K. Smith ""Techno-addict""",0,0,5,1318204800,Vet says she's got really clean teeth,"We give Greenies (""Teenie"" size) to our 12-year old miniature poodle. Her doctor has always commented on how clean and healthy her teeth and gums are and has never had to put her under for a cleaning. Her breath is nicer, too, since we started giving her Greenies.<br /><br />We give her one every day or so and she will carry it around 'protecting' it for an hour or so before settling down and devouring it. We tried other brands but she will only accept the best. She is terrified of thunderstorms and will come out from under the bed only if we offer her her favorite treat: a Greenie."
74940,74941,B0026RQTGE,AEB27HZ60NEXG,Tall Mom with Big Feet,0,0,5,1318204800,Great price on a great chew,"We give our dog one of these per day to help clean her teeth.  I don't really know how well they work, but she loves them, and so we're happy to give them to her.  Amazon has absolutely the best price on these - I've looked extensively.  When we call ""greenie"" she comes running, and takes it to her special ""greenie chair"" to enjoy!"
74941,74942,B0026RQTGE,AR47053EWCSGX,peggy parks,0,0,5,1318118400,Greenies,"I always buy greenies for my two dogs.  They each get one at night for dessert.  I try to get the best price and know that if I go through amazon.com, I will be able to see what the best value is."
74942,74943,B0026RQTGE,A11BDGW00G2G5M,Dave A. Luke,0,0,5,1317945600,greenies dog chews,"This is a great product, the puppies just love them and they are great for their teeth and breath at a good price."
74943,74944,B0026RQTGE,A15VRUQUSFA040,Sandy,0,0,5,1317945600,Lily's favorite,"My dog, Lily, loves these dental chews...they are her favorite treat! It's the<br />one treat she looks most forward to every day."
74944,74945,B0026RQTGE,A2VGNVADEXISCQ,Dan,0,0,5,1317945600,No stomach issues,Both my dogs love these treats.  They trouble with rawhides and chicken strips but have had not trouble with these.
74945,74946,B0026RQTGE,A1YLVJNGUB0XRT,irene pendell,0,0,5,1317859200,Greenies,My dog absolutely loves the greenies...he gets one at night and he thinks its a great treat!! Decent price for treats...
74946,74947,B0026RQTGE,A1KFMQCCKB68KJ,Bets,0,0,5,1317772800,Very good,My toy poodle loves the Greenies. I give him one every day. Along with brushing I feel the greenies are helping to keep his teeth clean.
74947,74948,B0026RQTGE,A2TB91BKWWY6N1,Skip Rohde,0,0,5,1317600000,Greenies,My dogs look forward to this treat every morning. It helps the breath issue and satisfies the chewing need as well! I can't be without them.
74948,74949,B0026RQTGE,ABQH3WAWMSMBH,tenisbrat87,0,0,5,1317168000,Perfect for our little doggies,"Our dogs love Greenies, but of course, which doggies don't? I bought this for my dashchund and minpin, and it's perfect! A great price for a great product. Who could ask for more."
74949,74950,B0026RQTGE,A3VH9WGKFM1498,Linda L,0,0,5,1317168000,They're Greenies. What else do you need to know?,Greenies!  My dog loves 'em.<br /><br />I like buying them from Amazon since they're so much cheaper than the pet store.
74950,74951,B0026RQTGE,A1WOCDLPG4LGWZ,"JLo C. ""JLo""",0,0,5,1317168000,Greenies,"You cant go wrong with greenies! My dogs love them and go nuts on them. Only downside to this is that its so soft it gets chewed up quickly so i dont quite see how this will improve the dogs teeth and gums.<br /><br />Amazon has the best prices by far and with no tax + amazon prime, this by far, becomes the cheapest place to buy products."
74951,74952,B0026RQTGE,A2W9WZZ010C6AD,Mary H.,4,4,5,1302739200,Our dog loves Greenies,"Greenies are a healthy treat for dogs and they love them!  I first bought them while working at a hardware/feed store to give them a try. We were so pleased to find them on Amazon at nearly half the price.  Every dog owner should try them, they come in all sizes for all dogs and really do keep their teeth in great condition."
74952,74953,B0026RQTGE,A2BBY5HVWEJEEX,Steaky,4,4,4,1287273600,Dogs really like them,My dogs love these. They start drooling everytime they get these. Not really sure if they do anything for their teeth/breath. Gave it 4 stars instead of 5 stars just because these are alittle pricey considering they are gone in like 30 seconds.
74953,74954,B0026RQTGE,A3DV3XKP2KNXOV,"Rosy Garden ""Paula""",4,4,5,1261353600,Will order again,"Very quick delivery and same quality goods!  Cheaper than buying them at the actual pet store.  So, I'll be ordering again when I run out.  My dogs love them and their breath is a lot better."
74954,74955,B0026RQTGE,AXNTSFNCVWHL8,FrankietheC,4,4,5,1224028800,Great price on an item he's crazy about,"My 60 lb Ridgeback-mix is just crazy about these.  By about 10:30p he starts anticipating getting his nighttime treat and he won't leave me alone until I give him his Greenie.  I had a Sheltie-mix who didn't care for Greenies but this guy loves 'em.  The vet says they're good for him and we've never experienced any problems digestively speaking so if your four pawed friend is a Greenie fan, too, this is certainly a great price.  Shipping was reasonable, as well ... particularly when ordering several boxes ... and quick."
74955,74956,B0026RQTGE,AYKK46NTS0MUZ,MB the GymRat,13,17,1,1316044800,Greenies Lite - Not for dogs who had the taste of regular Greenies,"My little dog who's rather picky about his treats absolutely loves Greenies REGULAR.  As he's getting older, I thought I'd go for the LITE since I'm sure regular Greenies have a lot higher calories.  So I bought Greenies LITE (teenie, 96 pack) and he sniffed at the first one and literally pushed it away with his nose and several more attempts have gone unsuccessful and I've been just handing them out to my friends' less-picky dogs.  Had to buy a tub of Greenies regular and surely enough, he sniffed at it, did his dance, grabbed it and ran away (well, he was so happy he skipped away) with it.  When I smell it, the regular definitely smells better/more appetizing whereas the LITE has the blah~ smell to it.  So if your dog already had a taste of regular Greenies, I suggest you stick with the regular."
74956,74957,B0026RQTGE,A3R2E9L5HRKJD3,maddiegirl,3,3,5,1332115200,Greenies Dental Chews,"My postman started giving Maddie Greenies when she was about a year old, when he stopped I had to purchase them myself, she has one each day, she is now 13 1/2, she loves them I feel they are good for the gums and teeth, she has had very few pulled, looks good for a Senior.  I would highly recommend them to any one who has a pet."
74957,74958,B0026RQTGE,A2P5ZCMXDNMZKL,oldhorseartist,3,3,5,1317945600,Dogs favorite treat,"I've yet to meet a dog that wasn't absolutely nutty about Greenies, so being able to order them here at a comparatively economical price is wonderful. We keep them on hand; if we didn't our dogs would riot."
74958,74959,B0026RQTGE,AXNV70DLIVZJV,"Mary Beth Domaz ""Lovestotravel""",3,3,5,1304035200,"For now fine, will know more at next physical","My dog really enjoys these as a daily treat. However, until she has her next physical I really can't evaluate these properly. I will try to remember to update after her physical so I can report back if her tartar build-up has been reduced or eliminated. Our vet said they work IF your dog chews them slowly. Our dog goes through them pretty fast, so I am not sure if they are going to be effective. We decided to give them a year and see what happens."
74959,74960,B0026RQTGE,A1IADYYFC3NTE3,ocraj,3,3,5,1298332800,Love these for my old guy...,"Even though these are pricey, my old Aussie Shep loves them. I am glad there is a special senior formula. Thanks Greenies!"
74960,74961,B0026RQTGE,A1BA3HEE3KPKGN,PaulyEddyFreddy,3,3,5,1293321600,Great for Treats and Teeth,"These Greenies are a great buy. I used to get the Petite size for my Bicon/Poodle and my Bichon, but found that you get more treats with the Teenies and the dogs enjoy them just as much. So, if you have small dogs up to say 25 or 30 pounds, the Teenies are the best. I don't think you can find them any cheaper."
74961,74962,B0026RQTGE,AVTY5M74VA1BJ,tarotqueen,0,0,5,1316822400,dogs love greenies,Dogs love these things. they sit around the cupboard begging for more. These are a great training tool for a food motivated dog.
74962,74963,B0026RQTGE,A2DXXQVDERNG7E,"Daniel M ""Magic Man""",0,0,4,1316822400,Pooch loves them...breath and teeth are nice,My puppy loves them. She burns through them like nobody's business and they give her a softer stool but she really goes nuts for them. She has no tartar and nice breath though
74963,74964,B0026RQTGE,AVTY5M74VA1BJ,tarotqueen,0,0,5,1316736000,dogs love greenies,"My dogs love these things. They would eat the entire box at once if they could. Ask them who wants a greenie, and they run to the cupboard and bark."
74964,74965,B0026RQTGE,A2LA7OP41JJNKF,angelgirl,0,0,5,1316736000,My dogs love them,I purchased these for my dogs for thier teeth cleaning capabilities. My dogs love them and the price on Amazon was much better than in the stores. They do help with cleaning the tarter off of my dogs teeth
74965,74966,B0026RQTGE,A3LGTHDGFENZFA,Hazel V. Hertsch,0,0,5,1316649600,Greenies,"My dog loves these Greenies,  they are very addictive. They have become his all time favorite treat. They are a little expensive but helps keep his teeth clean and he enjoys them so much."
74966,74967,B0026RQTGE,AMM3Z58T7TQT5,Howard B,0,0,5,1316563200,Puppy loves the Greenies!,"This is a favorite treat of our 7 month old standard poodle puppy. He is an aggressive chewer, so we need something which will occupy him. The Greenie really seems to satisfy  - after chewing through it (which, admittedly, only takes a few minutes) he will lie down and stop bothering us during dinner.<br /><br />I wish these were less expensive. Each Greenie costs about $1.50, so it pains me a little to see it evaporate so quickly. But that is a function of my dog, not the product."
74967,74968,B0026RQTGE,A8KRBLBBYIN87,Babs,0,0,5,1316476800,ambers greenies,Amber loves her greenies and they sure help to keep her teeth clean.I hope this continues and I can avoid another expensive(dentel bill)from her vet.
74968,74969,B0026RQTGE,A3M6DAPWLDKFYT,Buff Warne,0,0,4,1316476800,Good value - good price,"This product is a good value, good price.  Greenies can be much more expensive in pet food store.  Item is delivered quickly and it is sealed.  They always seem to be fresh and consistent.  I feed my dog (1) day so I go through them quickly."
74969,74970,B0026RQTGE,A9BBN01G8HFM3,Sugar's moma,0,0,5,1316390400,"Great buy, my dogs are addicted to Greenies.","This is a great buy, I was paying over twice as much for a box of them. All three of my Poms love Greenies, and expect them every morning. :)"
74970,74971,B0026RQTGE,A2RJG295LOSZ94,Grace,0,0,5,1316044800,Greenies,"My dog Sadie loves these bones!  They are her absolute favorite! Usually after I give her a different bone, she just likes to be chased around the bedroom, alot, but with these, one quick chase and she lays right down to chow on it. Once a week or longer is all I spoil her with these making them even more special."
74971,74972,B0026RQTGE,A1VRU0741NP6M9,"Dr. Jo-anne Winslow ""MusSec""",0,0,5,1316044800,Greenies From Amazon,The price is excellent and the product arrived in a timely manner.  I will always buy this product from Amazon.
74972,74973,B0026RQTGE,A2B9X87Q07F8YJ,kiki,0,0,5,1315958400,good value!,Good value for a lot of treats! my dog absolutely loves these and it's awesome that they sell them on amazon for half the price of what they would sell it for at a pet store! Will continue buying from here as long as they're available :)
74973,74974,B0026RQTGE,A1Y7MCOCLCBB7I,Mountain Folk,0,0,5,1315699200,Crazy for Greenies,My dogs are crazy for Greenies.  I love that they come in so many sizes.  I have two dogs and the teenies are perfect for my little dog and the petite are great for my medium dog.
74974,74975,B0026RQTGE,A1JIK63BU8RTEA,"Tami Kidd Masincupp ""Author of Let Sleeping D...",0,0,5,1315699200,My Dogs LOVE Greenies!,My three dogs love Greenies.  So much so that they know the exact time every evening they are supposed to get them! They act like kids in a candy store!
74975,74976,B0026RQTGE,A26G74Z8A1TJDK,Anthony,0,0,4,1315612800,Do seems to like them...,We bought these because of the dogs bad breath... he seems to like them. His breath is better and they have not caused him any problems.
74976,74977,B0026RQTGE,A18C267MPCPBCW,"Don Reukema ""Don R""",0,0,5,1315526400,Our Dogs Know When it is Time for their Greenie,"Every evening, about the same time, our two dogs know when it is time for their Greenie treat. They will both come and sit in front of us and patiently wait for us to get their treat. If we are busy and ignore them they will give a soft cry to get our attention. Each one only gets one a day, but other than walks, petting and their dinner, the Greenie is a highlight of their day."
74977,74978,B0026RQTGE,AP6OASOXU68AF,drushopping,0,0,5,1315440000,My dogs Love Greenies,"I have two Boston Terriers and a Terrier mix.<br />They wait in line for these every morning.<br />Their breath is much better.<br />They are a little pricey, but worth it."
74978,74979,B0026RQTGE,A1HWUP3B0CQBO4,Tammy k,0,0,5,1315267200,Ultra clean teeth,Awesome product for keeping my doggies teeth clean and tarter free. It must be used everyday to be effective. I would highly recommend it for any breed.
74979,74980,B0026RQTGE,A34NR6ZAZIXQYZ,flo stengel,0,0,5,1315180800,"Fat free, good for oral hygene and the very favorite of my dog","Finding this product on Amazon was like finding an unexpected Christmas present!<br /><br />Highly recommend by the vet, because of price, I save it for special occasion (always once a day) and, by far, the treat my dog just loves.  True story.  Since I am not able to walk my dog, when the mail lady delivers my mail, she often leaves screen door  open so Scrappy can take off and run for exercize.  She leaves screen door open, whe he has been out running when he should be back, the mail lady hollers ""Greenie, greenie"" and this 15# of black fur runs full speed ahead, into the patio and the door inside (which I left open.  A good testiment for a fantastic product!!"
74980,74981,B0026RQTGE,A161Y9NAR43WCW,vertov,0,0,5,1314835200,Our dog has fresh breath,"No doggie breath for our dog.  People are always commenting that she doesn't have bad breath and her teeth look so clean.  A friend of ours who runs a veterinary and rescue clinic recommended them to us when our dog was very little, and we've sworn by them ever since."
74981,74982,B0026RQTGE,A2TGCCK0GZ8ESM,Woogie,0,0,5,1314662400,My dog loves greenies and they are very well priced on Amazon!,My little loved one gets a greenie a day. He loves them. I shop around for the best price on everything I buy and Amazon had the lowest price!
74982,74983,B0026RQTGE,A1XEHQJ0UHJ18E,Bismarck,0,0,5,1314489600,Excellent Teeth Cleaner,Greenies are very muched loved as a tatsy Treat by are two small dogs!!! At 96 Chews they last a long time!!!
74983,74984,B0026RQTGE,A2TCMZMLHRABPC,Mattco,0,0,5,1314403200,My Dogs Love Them,"I have 3 dogs and they each love Greenies and they know exactly where I hide them so when I am close to the treat door, they get all excited.  In addition my boys have the freshest breath at the dog park."
74984,74985,B0026RQTGE,AKL5UW1119IOH,"R. Kaempf ""typical white woman""",0,0,5,1313539200,3 Dackels joy,"Being the ""mom"" of three mini wirehair doxies I spend a lot of money on a number of things.  Imagine my surprise to find such a bargain of Greenies on Amazon.  I really must make a habit of first checking any purchases to see if available on Amazon.  Hang tough on the CA sales tax issue, I live in CA and I am taxed enough already."
74985,74986,B0026RQTGE,A8KRBLBBYIN87,Babs,0,0,5,1313020800,Ambers favorite,My girl (Amber) just loves her greenies.She knowes where I keep them and lets me know when she wants one.
74986,74987,B0026RQTGE,A1VRIP3VPSQSYN,Marshall,0,0,5,1312934400,WAY cheaper than your local pet supply store!,Our vet recommended this for our dog. It was selling for $37.99 at our local pet supply store. Found it here for way less!
74987,74988,B0026RQTGE,AAW4CJ72798MB,Billy Joe,0,0,5,1312761600,greenies,my pug misty is 7 years old i have given her greenies seince she was 4 months old. i give her 1 a day as a treat. i give them on the second time she goes out side in the morning and she loves them more than anything else that she gets and she knows what time it is. her teeth have been cleaned once the vet said her teeth are perfect. i buy greenies from amazon beacause the service and the price is the best there is.  billy j.  alabama.
74988,74989,B0026RQTGE,A29GXY4Q2N172E,"Mrs. Susan K. Metzler ""Mountain Mom""",0,0,5,1312675200,Most competitive price around!,"One of my two male Shih-tzus absolutely LIVES for his Greenie which he knows he gets to have after our morning walk, so they are an item that I cannot run out of! I haven't tasted the myself, not being a dog, and they do not smell good to me, either, but I buy these regularly and the ones I purchased here are the best price I have seen!"
74989,74990,B0026RQTGE,A1MP8Z3WQ1DD5A,Kristofer L. Takach,0,0,5,1312502400,Minty Fresh Breathe,"When I first picked up my puppy, he didn't like any treats.  I was worried and asked  a co-worker about what treats his dog likes.  He mentioned how much his dog liked the greenies.  I went to the store, picked up a bag and I have been giving my puppy a greenie ever since.  He LOVES them and his breathe is much more fresh now.  His favorite treat."
74990,74991,B0026RQTGE,A21FYXKCUBHBUN,Sara Stone,0,0,5,1312329600,Wonderful Chewy Healthy Treat,"My yorky absolutely loves Greenies Chews.  They are good for him so I am very glad that he likes them so well.  They have a pleasant smell even to me.  My cats love greenies too, the feline variety.  I recommend them highly!"
74991,74992,B0026RQTGE,AFKXX3AVHAZNY,Shopping Mama,0,0,5,1312243200,Best Dog Treats,"My dog loves these treats.  He gets one every morning after he goes outside, and waits by the treat cabinet to get it.  They seem to be working great for his teeth.  We never brush his teeth, he's six years old, and the vet just said he doesn't need to have a teeth cleaning as his teeth look great.  I wish these were available on a subscription so they'd just come automatically!"
74992,74993,B0026RQTGE,ATC03WPKS09XP,Gmaputz,0,0,5,1311984000,AM NEVER WITHOUT TEENIE GREENIES,I've got two adopted rescue Chihuahuas . . . they would run me out of town on a rail if they didn't get their daily Teenie Greenies . . . Amazon has the best price around for this product . . . it's a winner all around . . .
74993,74994,B0026RQTGE,AQ7VOLUVB1BNN,P. Pecore,0,0,5,1311465600,Much Cheaper then in Stores!,"This is a great deal! At $25 per bag at the local pet store, I couldn't afford them (I have three dogs!). Now I can order these anytime."
74994,74995,B0026RQTGE,AR4R0I0ISSUJ5,Woody1,0,0,5,1311379200,My 2 Dachshunds love these,My two little boys love these treats. So much in fact that I've been cutting them in half so they can have them more than once a day. I honestly can't say that they reduce tartar but I can see how they would with their chewy texture.
74995,74996,B0026RQTGE,A1FW9S8HRPTBMB,D. Dixon,0,0,5,1311033600,Dogs love them,"I have 3 90 pound dogs and I buy these in the 27 count boxes 2 at a time.<br />Each dog chews them as if they are munching on gold. It's like they are savoring each bite which is all the better for cleaning their teeth.<br />My veterinarian even noticed a difference in my dogs teeth after only 2 weeks. Like another contributor, I give them last thing at night before bed and I have don't know if the 2 are related but night time doggie gas has all but disappeared as well.......LOL"
74996,74997,B0026RQTGE,A1H4XK8H88PEGY,"Robert McCormick ""Superluminal""",0,0,5,1310601600,Great dental treats...,"Our Shiba loves these. Over a three week period we have observed a reasonable reduction in the amount of tarter on his teeth, especially the molars.<br /><br />We would continue to buy them from Amazon if the price were lower. However, a large shopper's club sells essentially the same product (ingredients, and including the capped box and inner packaging), while offering the product at a consistently lower cost: 10%-12% per unit."
74997,74998,B0026RQTGE,A13J40H3KGQ0G8,Mac loverk,0,0,5,1310601600,Dogs love them,Good price. I'm not sure how they help with their teeth but my one dog just had teeth cleaned and just started giving these to her so will see if it's worth the price at the vet.
74998,74999,B0026RQTGE,ASCSHRBJ9Z04X,"R. Colley ""~~RC~~""",0,0,5,1310515200,Great Doggie Treats,My little pom absolutely loves the Greenies Dental Chews. Amazon provides the bigger pack of 96 at a cheaper price than you can find in stores. When they arrived today I told my dog her treats were here and she knew exactly what I was talking about. She was jumping up and down and could hardly wait for me to open the package. As soon as I got it opened she grabbed her little Greenie and went to town!!
74999,75000,B0026RQTGE,A3O197O0BP0EA3,bigyellowtaxi,0,0,5,1309824000,Greenies are a great treat,"I have 2 boxers. 1 is 16 mos. and the other is 11 months. The older one, often gets what my husband and I call ""shrimp breath"". The younger one has lots of digestive issues. They both get 1 greenie a week. Vet says their teeth look great and it's helped with the bad breath. Also, doesn't give the little one runny poop, which is nice. Only problem is they are expensive, that's why they get one a week."
75000,75001,B0026RQTGE,A3UZOYJVD08BX7,Deborah M Porter,0,0,5,1309651200,my dog loves Greenies,"My dog, Shadow,  loves Greenies more than any treat. He's a Pomeranian and gets the Teenies, and are we in trouble if we run out!  I just bought the tub of 96 on Amazon for less than half the money that the small packages cost at the store. Debbie"
75001,75002,B0026RQTGE,A22ZON5WZLACLH,fred,0,0,5,1309564800,Dogs love it,"I'm not sure this helps the tarter since my dogs need their teeth cleaned every other year but I can tell you they really love this stuff.  It does seem to help their breath, probably by settling their stomachs, and they never had a bad reaction to this treat."
75002,75003,B0026RQTGE,A3QNK88K5JM8V3,"Robin Black ""Tricky123""",0,0,5,1309132800,Dogs Love,"All 3 of my dogs-pom, yorkie, rat terrier, love these. I just received my 2nd order. Wish these were on sub. and save."
75003,75004,B0026RQTGE,A1X8CUY24POQL8,"Jane A. Knispek ""Jane A. Knispek""",0,0,5,1309046400,Greenies,My dogs love the greenies and their breath is alway good smelling. A good product.<br />I purchased this through Amazon for a better prlice than I normally get.  This is an expensive little treat but worth it.
75004,75005,B0026RQTGE,A21OJJ6C4DZDQT,Boston's mom,0,0,5,1308182400,Excellent deal!,Best deal on greenies out there! Came fast and without any problems. My dog loves them and they make his breath smell good.
75005,75006,B0026RQTGE,A233GJE85LAE9H,"LisaMVP ""LisaMVP""",0,0,5,1308009600,Freshens breath and my Yorkie loves 'em!!,"When my Yorkie was about 10 1/2 years old, her breath suddenly became extremely nasty!  I thought, perhaps, the malodorous breath was caused by a bad tooth so I took her to the Vet for her annual checkup.  The Vet gave her a clean bill of health and suggested I have her teeth cleaned at the price of over $350!  Well, before forking over the big bucks, I thought I'd try brushing her teeth myself and headed to Petco to buy some doggie toothpaste.  I found the toothpaste and continued to walk around the store because Spunky just LOVES her Petco outings!  I let her sniff her way down the doggie treats aisle when we bumped into the boxes of Greenies.  After checking out a box, I thought it was certinaly worth a shot so I bought a box of 96-count Teenies for $35.<br /><br />As soon as we arrived home, I attempted to brush her teeth the best that I could and then gave her one Greenie.  She seemed to really enjoy it.  I typically buy everything on Amazon so I jumped on here to check the price and was pleasantly surprised to see that the cost was $10 less than Petco's.  I immediately ordered them from Amazon and when that box arrived a day later, I took that unopened box over to Petco and returned it to them to get my $35 back! :)  Very sweet deal.<br /><br />My dog is now a Greenies addict with sweet breath again!  I should create a video review sometime because it's hilarious to see this little Yorkie ""yelling"" for me outside of the pantry door.  She knows exactly where the Greenies are and every morning she runs over to the pantry and just barks for me to get her a Greenie.  I allow her to have two Greenies per day and she seems to know that's her quota.  Both Spunky and I are very happy with Greenies and will continue to buy them!"
75006,75007,B0026RQTGE,A326QNHW72LDF4,"Comics, Cards & More!",0,0,5,1307923200,It's like crack for dogs,"These things aren't cheap, but there's nothing that gets my dog more excited than the thought of getting a Greenie. Whatever is inside of them is something he can't get enough of. I don't know about whether they are healthy, they don't seem to clean his teeth, but they certainly make him a very happy pooch."
75007,75008,B0026RQTGE,AJCAVTHZFM0J3,"G. Eguia ""gaber""",0,0,5,1307836800,Best price - great quality product,My dog loves these things - one in the morning<br /><br />Everyone makes a compliment  on her breath smelling good
75008,75009,B0026RQTGE,A2D3JYUBKYXABF,Channelle,0,0,5,1307145600,Absolutely fabulous,"I have a notoriously finicky Chihuahua who wouldn't eat a regular dog treat if you coated it the best tasting thing on earth, and she certainly wouldn't let me brush her teeth. Ever since the first time I gave her a Greenie, my dog has gone nuts for these things. On our last trip to the vet they examined her teeth because I expressed concern that her overbite was preventing the Greenies from as effective as they should be. She can't really chew properly with the front teeth.<br /><br />This vet wasn't our usual vet because we went on a different day, but he looked at her teeth and asked how old she was. I said, ""Almost three."" And he asked if I'd had her in to have her teeth cleaned before. ""No, I didn't know dogs could have their teeth cleaned.""<br /><br />He went on to say that on a scale of one to four, one being the best and four being the worst, her teeth were a perfect one, which was surprising because Chihuahuas have teeth problems early on usually. I explained that I'd been using the Greenies since she was nine months old.<br /><br />I give her one Greenie every morning because they are so cheap on Amazon. In the store I pay twenty five dollars for a bag of twenty. I pay twenty two dollars on Amazon for a box of ninety six! It's easy to give her one daily. She is still marginally underweight, so I can't say they make her gain weight. She has no digestive issues and doesn't seem to be suffering from having them. Her breath is fresh, her teeth are white and tartar free, and she's a very happy dog."
75009,75010,B0026RQTGE,A3V8UMB6LJ5V6K,"wildwns ""wildwns""",0,0,5,1307145600,Great product for your dog !,"Have used greenies since they came out and they definitely help keep your dog's teeth clean. My dog gets excited about being treated to a Greenie everyday. The pricing was very attractive through Amazon, as much as half of what you would pay at a pet store. Very impressed with the product."
75010,75011,B0026RQTGE,A7G9M0IE7LABX,Kevin,0,0,5,1307059200,My Dog loves this,"Well, the ingredients list is a little questionable to me personally.<br />However, after comparing to most other brands, such as Nylabone, Pegetables etc, they all seem the same.<br />This is economically priced so it does not break the bank.<br />My dog loves and goes crazy for it, and I haven't heard of any problems/recalls with this product.<br /><br />So overall, it's great I guess."
75011,75012,B0026RQTGE,A1NB11D41Z75P4,Marcy,0,0,5,1306972800,My greyhounds love teenie greenies,"I have two 60-65 lb greyhounds and I buy the Teenie sized greenies as a snack twice a day.  I use it as a bribe in order to get their teeth brushed.  I'm not sure how well they work for deterring tartar but they seem to love it.  Doesn't seem to cause any digestive problems as my hounds have sensitive stomachs.  Another reason why I like the teenie size is becacause they can be rationed out to last longer rather than getting the ""large or X-Lg"" greenie where you get fewer pieces."
75012,75013,B0026RQTGE,A1FVW47U1G96QV,book man,0,0,5,1306627200,It does work!,Our cute little dog had the breath from hell! This product actually works! She loves them as treats and her breath is waaaaaaay better!
75013,75014,B0026RQTGE,A2N1P4ESZOMHG4,ESM,0,0,5,1306108800,Dogs love 'em,"Our dogs love these.  The vet always compliments us on brushing the dogs' teeth, but we never have.  (Seriously, if someone has ever accomplished this without the dog making various dramatic escape attempts and trying to eat the toothpaste, please tell me your secret.)  We just give them each one of these every day and a bunch of rawhide to chew on, seems to do the trick."
75014,75015,B0026RQTGE,A37IGB1PXS0EB6,cgreer,0,0,5,1306022400,Great  Buy,"Exactly what I ordered. Product was just as if I had bought it in the store, only a way better deal. Fast shipment. Very satisfied with this transaction. will definitely do business with this merchant again if they have what I am in the market for."
75015,75016,B0026RQTGE,A31ZK64VBQLL6,Rosie,0,0,5,1305936000,My dog  loves them,"Maddie loves her greenie treats,she would eat the whole box if I allowed her..The treats are very special to her..As soon as I give her one she heads for the couch, away from everybody,so she can relish her treat in private...Also good for her teeth..Great treats for my little dog..very pleased with them"
75016,75017,B0026RQTGE,A1CMZTT7W5TBYK,Roger Sanders,0,0,5,1305504000,Greenies are good!,"For the past 5 years my dog has been starting his day with a greenie.  He still gets excited about this morning treat and appears disappointed when I run out.  Since he controls the household, I buy them."
75017,75018,B0026RQTGE,A1MSV0CU1Y9HTP,xspook67,0,0,5,1305331200,Greenies Dental Chews,"My dog, a 13 year old Bichon Frise' has been loving these Greenies for many years. Our vet says that his teeth and gums are excellent although he has never had his teeth cleaned or brushed. Could it be the Greenies? I'm sure of it.<a href=""http://www.amazon.com/gp/product/B000KEVF32"">Greenies Dental Chews for Dogs, Regular, Pack of 27</a>"
75018,75019,B0026RQTGE,A2XYLN3PHFMQ6A,D. DUKE,0,0,5,1305158400,GREAT SNACK,"We get the Regular and the Petite, for after meal or instead of meal treats.  Brutus and Popeye review this product at 12 out of 10!  Until we tried Greenies, Brutus turned his nose up on almost everything we gave him.  Now he has something he really enjoys.  Popeye, on the other hand, is a different story.  He would eat the box, so we can't use him as a judge."
75019,75020,B0026RQTGE,ARLJKS3ORVNSS,"Glenda S. Burnside ""CiCi""",0,0,5,1305072000,My fussy little dog's favorite treat,"I usually buy these at the pet store, but the price was great, and the product arrived fresh. These little chewies are a boon for dog's dental health, but also for their digestive tract. Highly digestible, just the right amount of 'chew' for my older dog...Greenies are a great adjunct to yearly cleaning. They do not take the place of cleaning, and dental decay is a huge problem in dogs as they age. I want my special girl to stay healthy, pain free, and happy as long as she can...and Greenies make her healthy, happy, and sweet breathed."
75020,75021,B0026RQTGE,A3E5QYU20C6OUN,Amberdrake,0,0,5,1304121600,Excellent product,Our dog loves these and our vet agrees that it helps keep her breath fresh and her teeth clean.  And this is the best pricing I've found so far. Your dog will love you even more!
75021,75022,B0026RQTGE,A3PE8ZJW2B6GX8,Debries,0,0,5,1303516800,Gives dog great breath,"These are a bit expensive but when it comes to your pet, especially one with bad breat like mine, it's worth it. My bog is 65 pounds but I give her the petite be causes it saves money and cuts calories. I have tried everything to get her breath smelling decent or even bearable and this is the only thing. One petite greenie once a day or once every two days keeps her breath minty fresh. It's also grt for their teeth, she hasn't had to have her teeth cleaned at the vet once since she started eating these."
75022,75023,B0026RQTGE,A3LVAQNZ5LA2EN,Jennifer L. Frovarp,0,0,5,1303084800,greenies work,"I wish these things weren't so expensive, because they're the only thing that seems to work for my dog's AWFUL breath!"
75023,75024,B0026RQTGE,A25FYME2724S0V,S. Murwin,0,0,5,1302307200,Greenies Rock!,I used to buy these at Petsmart - not anymore!  Same exact product considerably cheaper.  I usually tack them on to other orders to take advantage of free shipping.  God forbid I don't have a supply of Greenies in the house...
75024,75025,B0026RQTGE,A1E18EMC2ZR4NQ,Maeve Stormchild,0,0,5,1302220800,Greenies are treats!,"My dog loves these!  He has learned the word 'greenie'! It's good for him but he treats it like a favored treat.  I only use one a day, but he has accepted that and loves them.  They are good for his teeth - he has better teeth than I do!"
75025,75026,B0026RQTGE,A1WWBDK22Z8WRJ,LoveShoes,0,0,4,1301702400,dog loves them,This is a great product to help maintain dog dental care. My dog looks forward to getting her treat every night
75026,75027,B0026RQTGE,A3BVSVB8I7GU3K,JD 068,0,0,4,1301616000,the Wonder Dog's Favorite,"My vet recommended these, and the Wonder Dog loves them! They're a bit pricey and smell terrible to me, but apparently smell great to a dog!"
75027,75028,B0026RQTGE,A2UFHYS5TPYR9N,mrs dee,0,0,5,1301616000,Greenies teeth biscuits,"I love this product!  My dog would not chew on toys or rawhide things and her teeth were getting brown in the back from just foods she ate without cleaning them. My vet told me about Greenies, so I went on a search online for the best prices. They are wonderful, she gets one a day, chews it so it actually is helping with her teeth cleaning. It's all natural and even her breath smells better :)"
75028,75029,B0026RQTGE,A347TM2HQ3JGDX,"Almir Rizvanovic ""&#8734;Hare Krsna&#8734;""",0,0,5,1301529600,Dog love them and one of these works for about 3 to 4 days on our boxer.,"These are ""minis"" but seriously plenty for even a bigger dog like a boxer.  We give it to Mocha about 2 to 3 times a week to keep here breath from smelling like the crypt keepers shorts . . ."
75029,75030,B0026RQTGE,A1S7LST1G51C3,"Ayax J. Conde ""Jack conde""",0,0,5,1301529600,My dogs love these,"I have never seen my dogs as happy as when they seem me take out the greenies bag.  They are pricey but, what can you do?"
75030,75031,B0026RQTGE,A1VSK5CFL3D7ZM,Barb,0,0,5,1300233600,Greenies Dog Chews,"This was an awesome deal!  I will absolutely continue to buy these through Amazon, now I have 2 dogs and it would have been getting really costly at the old place I purchased them from.  Thank you!!"
75031,75032,B0026RQTGE,A2L5JS0E67OL9N,Jean T,0,0,5,1300147200,Great treat,I have two rescue Beagles and they get one Greenie per day.  Geat treat and they love them.  Also good for their teeth.
75032,75033,B0026RQTGE,A1PYC89LDBZ2J2,Pamela N. Kelley,0,0,5,1300147200,Greenies are the bomb!,We NEVER run out of Greenies! My little baby loves these treats. It is an added bonus that they are good for dental care as well.  Greenies got a bad rap for a while but they have been reformulated and are chewier now. We buy the teenie size for her because she is only ten pounds. My Mia dances for these treats and leads (herds) us to the treat jar for her daily fix!  Amazon has the best price for this quantity and shipping was fast!
75033,75034,B0026RQTGE,A1CNVVEEJ8Q1ZR,newyorker,0,0,5,1299369600,"Happy dog, happy customer","My dog goes crazy for these. He won't touch the Virbac dog chews. He's not a chewer, so the fact that he will chew these means they must taste really good. They're expensive, but because my dog will eat them, it's worth the cost."
75034,75035,B0026RQTGE,ARCLASA61DB6M,J. S. Thomas,0,0,5,1298851200,My Lab's favorite bedtime treat,"I should take a video of my dog drooling when I ask him if he wants a Greenie!  No other treat can compare as far as he's concerned -- and this is a dog who will eat just about anything.  He happily trots into his crate every night at bedtime because he knows that's when I'll give him this special treat.  Seriously, if he could skip, he would skip.  At a little over $1.40 per treat, Greenies are more expensive than I would typically pay, but I like how they freshen his breath, clean his teeth, & are generally healthy for him.  There may be other products out there that claim to have the same benefits, but none I've tried so far have that ""tail-wagging drool"" factor which, to be honest, makes me feel all warm and fuzzy at bedtime too :)"
75035,75036,B0026RQTGE,ANZ4KWT464KV8,Sissy,0,0,5,1298851200,Greenies are GREAT!!!,I have two dogs that are absolutely nuts for Greenies!! One dog is so picky about what he eats that it really suprised me that one of his favorite things would be a Greenie!
75036,75037,B0026RQTGE,A2564RU496D0CH,"Susan D ""Susan D""",0,0,5,1298073600,"A little pricey, but worth the $","Our full sized Goldendoodle gets one every day.  According to our vet, his teeth and gums ""look great"".  I also have purchased the feline greenies for my daughter when she complained that hr cat had ""bad breath"".  3 chews/3 days later=no more bad breath."
75037,75038,B0026RQTGE,A1WP2OMIW1QBGH,mimi.g,0,0,5,1298073600,My pups really like them!,"Both my Maltese and Chiweenie pup really dig these greenie's. I break the teenies in half for the chiweenie to spare the money.  Just like the people food, the healthier, the more pricey. But they do like these and would rather the greenies than anything else. 2nd time purchasing from here and shipment is quick and easy.  I am a student prime member- FREE FOR A YEAR!"
75038,75039,B0026RQTGE,AJEPHJ204HL0O,Kathy in Ohio,0,0,5,1297728000,Greenies are Great,"When I got my dog he was 6 and had recently had his teeth cleaned.  Now he is 13 and, with eating a greenie a day, has not needed to have them done again.  He loves these treats!"
75039,75040,B0026RQTGE,A49XRZZ5W9RMK,Joanne,0,0,5,1297382400,My Boxer's favorite treat!,"My dog has a very sensitive stomach and this is the only treat that agrees with her.  She gets one a day which I use to coax her onto her crate in the morning.  She saves the Greenie until I return home in the afternoon, like it's her treat for being such a good girl all day.  So funny!"
75040,75041,B0026RQTGE,ALQ72P8BPMEZT,Matt,0,0,4,1297123200,Only thing my dog will eat.,"I have a 3 year old Siberian Husky, who has to be the pickiest dog in the world. He will go days without eating if I don't give him exactly what he wants. I must have 15-20 bags of different treats that he turns his nose up at (Busy bones, busy rollhides, busy granola, biscuits, chicken jerky treats, etc.) Greenies are the ONLY thing I can give him that I know for a fact he will eat. In fact, Siberian Huskies rarely if ever bark, but if I even go near him while he's chewing on the greenie he'll starting barking at me.. and well trying to take it away is another story. These things are EXPENSIVE, but it is cheaper in the long run than paying $10 for a bag of treat where he'll have 1 or 2 and be done."
75041,75042,B0026RQTGE,A39GLTXSGLMFOM,OneSimpleOversight,0,0,5,1297036800,Good product for teeth,My dog likes the Greenies. They seem to be a little more than other products of this type. But they do appear worth the money as they are well liked by pooches and do the job of cleaning teeth well.
75042,75043,B0026RQTGE,AMCHDVKKLXT5U,Cecil L. Caulkins,0,0,5,1296345600,Greenies,"We've been buying Greenies for our two dachshunds for many years now. The dogs love them, and they seem to be good for the dogs. We plan to keep it up."
75043,75044,B0026RQTGE,A556MTMWCI7BS,Scotty,0,0,5,1296345600,Greenies,"My dog has been eating these after his dinner for years. They keep his breath clean and limit the build up of plac. He waits with anticipation his greenie after his meal, running to get one out of my hand. Digestion has been no problem at all and the formula is soft enough to prevent any form of choking. I would highly recommend this product."
75044,75045,B0026RQTGE,AHWBQVQ60T0SF,"mollyshark ""molly""",0,0,5,1296345600,Love those Greenies,"My 3 hounds (2 small, one large) have one of these after breakfast every morning.  They know the routine and go stare at the box as soon as they come in from breakfast.  Just the right size snack and it cleans their teeth and breath.  Good stuff."
75045,75046,B0026RQTGE,A2R08F1HOURE2S,J. Shadley,0,0,5,1296259200,Good Treat,"I'm not sure what's in these. Very odd odor & texture, but my dog absolutely loves them.  They also help calm her stomach and clean her teeth.  I've gotten these for her before at the local pet superstore, and found them on here for a few bucks cheaper.  Great seller and fast shipping."
75046,75047,B0026RQTGE,ANZ4KWT464KV8,Sissy,0,0,5,1296086400,Crazy over Greenies!!!,"I have two cocker spaniels that are absolutely crazy over Greenies, we have to spell it out and they still know what it is! All I know is that if it makes my dogs this happy then it makes me happy!"
75047,75048,B0026RQTGE,ARQU1PP9XRO4K,Nancy C. Tanowitz,0,0,5,1296086400,Greenies at a Great Price!,My dogs love Greenies. They are a healthy chewing snack for dogs. I was pleased to purchase Greenies at such a great price. I paid under $23.00 for a tub of 96 tiny Greenies. The same package sells for at least $10 to $15 more for the same product. I will continue to purchase this product from Amazon.com.
75048,75049,B0026RQTGE,A17GOITEAEZ1N8,xotchil,0,0,5,1295827200,Big Dane - little treat,"Our Great Dane prefers Greenies over any other treat.  She really likes the small ones.  Because they are expensive we limit her to one ""special Greenie"" a week.  She knows when we get the box down and gets very excited."
75049,75050,B0026RQTGE,AILAHGJ0LY6RO,Papillon Mama,0,0,5,1295136000,Love these!,"Greenies are wonderful, my dog loves them and chews them up! I don't notice much as far as better breath, but I already brush his teeth and scale them. He gets 1 greenie each night for a snack :)<br /><br />(To the bad reviews/comments...if your dog is one to scarf treats and does not chew things up before swallowing, these are not a good idea! If your dog enjoys the chewing and gnawing, make sure you get the proper size for your dog so they do not choke. Also giving these to puppies can upset their stomache, hints the diarhhea comment previously)"
75050,75051,B0026RQTGE,A31G6R6ZDTPY6B,"Physicsmind ""Physicswish""",0,0,4,1295049600,Works well but too dense,"My dog likes to chew it but it's ""heavy weight"" even for this petite size. It's almost like 1/2 of her lunch. But it's very safe to use--my dog got choked often when she was chewing the rawhides or pig ears but never had problem with this one. Howwever, it's quite thick and dense. Wish they could make the shape flat and thin, that way, it will provide longer chewing and more fun. My 50lb dog consumes it in less than 20 seconds. She got a pack of Trixie Dentafun Kauchips 100g made in Germany from my best friend. The Trixie Chews are superior than ANY existing dog dental chews in the US market. But unfortunately, we don't have it here."
75051,75052,B0026RQTGE,A3DAZF6EK5OEZL,Susan L. Lee,0,0,5,1294704000,dog treats,These are the BEST dog treats EVER!!!  Thanks for the prompt service and good pricing!  Check out goodpersontest.net.
75052,75053,B0026RQTGE,A3F2RDTAZ3QKL3,doggy,0,0,5,1294531200,"son excelentes, les encantan a mis perritos y le mantienen el aliento fresco. llegaron a tiempo y en perfecto estado.","Son excelentes, les encantan a mis perritos y le mantienen el aliento fresco. llegaron a tiempo y en perfecto estado. estoy satisfecha con el producto y el envio."
75053,75054,B0026RQTGE,A15U808VPAXYIH,Jessica,0,0,4,1294272000,Dog Loves Treats,My dog loves these treats and I give one as a reward after I brush his teeth.  I can't determine at this point if they help clean his teeth.
75054,75055,B0026RQTGE,A2DLI40A41IWZ4,"Kenneth A. Ackert ""NRA""",0,0,4,1294099200,Greenie$,"Good product & my dogs love them. But, over priced like most Pet treats.<br />I did get fast delivery & good service as usual."
75055,75056,B0026RQTGE,A2UTHFH7QIGER9,alfboone,0,0,4,1294012800,Greenies #27 regular size,"A great treat that your dogs will love. Even our slightly picky dogs love these treats. They clean their teeth too! Also, they don't smell like some rawhides and other natural products. I wish the lasted a little longer - our larger dog eats his in a couple of minutes."
75056,75057,B0026RQTGE,AP355AXC75N7U,Wes Rice,0,0,4,1293235200,Our 3 dogs love greenies,"Our three dogs, 2 Cairn Terriers (5 & 4) and a 15+ year old border collie are proud of their Greenies. They like the taste and it helps keep their gums and teeth in good shape."
75057,75058,B0026RQTGE,A2LZ0WSNS35HXK,Jack Attack,0,0,5,1292284800,"Great price, great product!","I have given my dog greenies before, and he LOVES them!  Moreover, I love the fact that they keep his teeth and gums clean and healthy!  Buying through Amazon is so much cheaper than buying at a petstore, and I love the storage box that the greenies came in!  Highly reccommend, but be sure to buy the correct size treats for your pup!"
75058,75059,B0026RQTGE,A1XXKZ8LY9YIJH,S. Prop,0,0,5,1291680000,Greenies,"Love em, love em, love em.  Need a bigger box I think.  Better than paying for a dentist thats for sure.  Remember to brush>  All paws up on this"
75059,75060,B0026RQTGE,A22GALIXAEXTL8,TheMeltingPotters,0,0,5,1291593600,Best chews ever!,We have been giving these dental chews to our little Pomeranian for over 3 years now. The vet always says we do a great job with brushing her teeth and gums although it is these chewies that do the job! Highly recommended!
75060,75061,B0026RQTGE,A367PCCD424UY0,D. Dutcher,0,0,5,1290729600,love them,our dogs love greenies. we give them greenies that are smaller than recommended for their size though because they are quite expensive but they still do a nice job of cleaning up their breath.
75061,75062,B0026RQTGE,A2DRS4WOQMPN5C,all887,3,3,5,1285977600,awesome!,"My dog won't chew rawhides or any bone really, I've tried them all. After spending $350 to get his teeth cleaned, and getting 15 teeth pulled due to decay, I was on a mission to find something he'd chew on to help clean his teeth. He LOVES these!He's around 12 lbs.  I think the bones are a little on the small side, so next time I'll go up a size, so it'll last longer."
75062,75063,B0026RQTGE,ADSC198SZH0ID,"Pac Sailor ""Lost to Time""",3,3,4,1238457600,The dogs love it.,Nothing wrong with this product as far as the dogs are concerned.  They always want more than just one a day but we try to limit them to that amount for their own good and our pocket book.
75063,75064,B0026RQTGE,A2DPKQPZUCEIZU,Bradley Monton,3,3,5,1214524800,dogs love them,"My dogs love these, and everything I've read suggests that they're good for the dogs, especially for the dogs' teeth. One of my dogs sometimes won't eat her regular food, or will eat it slowly, but she will always eat her Greenies right away."
75064,75065,B0026RQTGE,ARLXVI50UPKTI,Denise O'leary,5,6,5,1266105600,Yummy Greenies,My two yorkie/apso dogs come in from morning outing and get all excited waiting for their Greenie.  They've been getting one teenie size every morning for only 2 months - but their teeth and breath are looking and smelling good.  I recommend this healthy treat.
75065,75066,B0026RQTGE,ANPR395RBZ9HB,rpmkem,2,2,5,1334188800,Dog loves them,The new Greenies are so much easier for our dog to chew up. She only gets 1-2 per week but enjoys them each time. Buying them via Amazon always saves us money.
75066,75067,B0026RQTGE,AI1OMTFUB375Q,"TravelFamily ""GDV""",2,2,5,1333065600,My Dog Goes CRAZY!!,"I don't write too many reviews, but I read them all the time...so I though it was high time I wrote a review for this product (my dog told me to).  I have a Maltichon and she loves her mid-day treat.  Her breath was horrible, so I thought this might freshen it up a bit.  First of all, so goes BONKERS when I take this Greenie treat out.  The smell is so-so...and her breath is at least 1/2 better than is was before.  The greenies are not hard - you can bend them.  Not that the dog notices, but they are in the cute shape of a toothbrush.  She (the dog) runs around the house and hides the treat, then finally gives in and gobbles it up.  She then sniffs all over the place - hoping there is a crumb left behind.  There must be some doggie drug in those things, that's how much she loves them.  So - long story short - your dog would be crazy to NOT love these treats!  Worth the price - and they come in a nice container with a plastic lid that you just pop off to take a treat out."
75067,75068,B0026RQTGE,A1YZYHCKDK2K4I,Santorini,2,2,5,1328832000,My Pooch loves them,"Since my pet does not like having his teeth cleaned, I have been giving him greenies for the past six years.  Each vet check-up confirms that he has no plaque buildup.  He is a picky eater but loves the taste of them as well."
75068,75069,B0026RQTGE,A16ITFLKSAUQJC,Jean52,2,2,5,1328400000,Greenies are a plus for dogs teeth.,I buy greenies for  my two best friends.  My vet commented on how their teeth are looking good because of the greenies.  My ten year old Scottish terrier and my four year old Standard Poodle will dance circles for their greenis..lol.  How cool is that?
75069,75070,B0026RQTGE,A3U58GFUQAOZLE,Jani Hager,2,2,5,1326672000,Greenies for Owen,Our Newf Owen is a Senior citizen now so wanted to switch him over to a treat that fit his mature lifestyle.  He loves these just as he did the regular Greenies.
75070,75071,B0026RQTGE,AJNVKVB4DP8YT,Stars in Rancho Cucamonga,2,2,5,1326412800,My chihuahua loves'em !!!!!!!!!!,"Seriously, my dog goes absolutely bats#*t crazy over these things! Her teeth are cleaner, and her breath is nice and fresh. Highly recommended."
75071,75072,B0026RQTGE,A37XGB2EAFFLQ5,Terrierrr,0,0,5,1290124800,Great deal,"Our terrier mix adores Greenies (haven't met a dog who doesn't love them, actually)... they kind of have a gummy-bear quality. We give him one before we leave for work so he has a little distraction (only takes him a few minutes to finish one). These are $1.50/ea at our local pet supply store, so buying them in bulk is the way to go. We bought them from Entirely Pets and got a great deal with fast shipping."
75072,75073,B0026RQTGE,A2ZM5F1K76ZFUV,"J. Cupp ""EulerEquation""",0,0,5,1289692800,"Can't beat this price, came super fast.",Excellent product. Your dogs will love them. I wouldn't recommend them for dogs over 25 pounds as they may pose a choking hazard for quick eaters.
75073,75074,B0026RQTGE,A2B1JQQN2QNXC0,Tana S Quick,0,0,5,1289347200,Good Price,Buying the greenies online is the way to go..  They cost about $10 cheaper than if you were to walk into a chain pet store.
75074,75075,B0026RQTGE,A22LNLDBE5H92S,Greentastic,0,0,5,1288137600,My dogs love them,Vet recommended them for my small dogs due to dental problems.  They enjoy them a lot.
75075,75076,B0026RQTGE,AB7ZEX4V9VWKQ,Suzanne,0,0,5,1287878400,Greenie Treats,My little girl doggie loves these..and great for her teeth.  Less expensive than at the pet store when I buy four it's like getting one free!  Great product!
75076,75077,B0026RQTGE,A2IMMGFIPE3NXJ,Garzon the waiter,0,0,4,1287878400,My poodle loves these,These are a great training aid for dogs because they seem to like them so much.  I have one dog but have offered them to others as well when I go to the dog park.  I have had great luck using these for rewards when she follows the commands.
75077,75078,B0026RQTGE,A2KS79D1S9QHM6,Red,0,0,5,1287360000,Best Price,"For some reason, these are nearly twice the price locally.  My dog likes these and his teeth/gums seem cleaner, but I don't know how to quantify that.  The foil bag inside the cardboard container is reclosable which helps a great deal with freshness."
75078,75079,B0026RQTGE,AXPS51YI6WQRG,surfergal,0,0,5,1287187200,My pugs favorite dental treat & works!,I've had my pug Koa for over 6 years now. Since 2 years I've been providing him with greenies and he just loves it!  Every vet visit comments how well his teeth look with hardly any plaque at all; amazing!  I've pretty much invested a lot of money for my service animal pug who is worth every penny.  But with purchasing different pricing each time through Amazon is something I don't understand.  It would be great for return loyal patrons to purchase same price or honor discount pricing.
75079,75080,B0026RQTGE,A1L26X0GUJ16T,liz,0,0,5,1287014400,the best reward/bribe ever,"I have three terriers and most often foster another dog. My dogs will do ANYTHING for a Greenie. One races through agility, because a Greenie awaits him at the end of the class--in addition to small treats after each run.  Right now I am fostering a traumatized little poodle who feared his crate; a Greenie at the back of the crate and he will quickly go in. And Greenies are good for their breath/teeth, healthy and easily digestible. My vet, too, recommends them."
75080,75081,B0026RQTGE,A1K30M50CNF38W,Jennifer Caicedo,0,0,5,1286668800,great,My dog (maltese-) loves greenies. It's her fav treat and knowing that is good for her and is cleaning her teeth makes me feel great !! ;)
75081,75082,B0026RQTGE,A3AOY9VSU98N1Q,Bridgette &amp; Sophie,0,0,5,1286236800,My dogs devour greenies.,My dogs absolutely love greenies and any time I can save money buying them that's a plus.  They are twice the price at any pet or grocery store.
75082,75083,B0026RQTGE,AYN45AFLZ8JVN,B. Crider,0,0,5,1285459200,Greenies,Received as promised. What can you say about dog treats? I personally haven't tasted one! lol Shipper was prompt for delivery.
75083,75084,B0026RQTGE,A4UPM8EPURCNN,burt69,0,0,5,1285113600,Greenies are great,"My dog is so picky,but when it comes to geenies,he loves them.<br />So to me,greenies are a heathy treat and helps keep his teath clean.<br />Thank you greenies"
75084,75085,B0026RQTGE,A1LBXXQEA2DU14,Donna M. Arasi-gudinas,0,0,5,1284681600,Greenies,"My two little Italian Greyhounds love Greenies. I did buy the wrong size Greenies this time. I usually buy the teenie Greenies with 96 in the package for aprox the same price, but I must have hit the wrong size product. Not too big a deal, I just break them in 1/2.<br />The product arrived very quickly and I will be certain to order again in the future....thought I will be sure to order the correct size next time!"
75085,75086,B0026RQTGE,A1Z97V0LDWXOOP,Dr. SSS,0,0,5,1284249600,Dog is worth it,Greenies are recommended for dog dental care and this is the best price I can find and free shipping.
75086,75087,B0026RQTGE,A5PUP1GCDQAVM,Toby,0,0,5,1284163200,Greenies...yum!!!,"Between 11:30 and noon every day, my dog starts to hound us for his one a day Greenie! He loves them, and they have his veterinarian's approval. This is a great product...I've used it for years. The site is easy to navigate, and delivery is always prompt."
75087,75088,B0026RQTGE,A1PDJHN5HK7529,"ws ""yuki""",0,0,5,1283817600,Our pet loves greenies,"Our pet loves having greenies as treat, she gets crazy every time she hears or see us opening the package. Her breath also gets better after eating her treat."
75088,75089,B0026RQTGE,A2Q962BJG80K2Q,JBM,0,0,5,1283644800,Dog Dental Chews,Our dogs like their Greenie in the morning. It makes them happy and also helps to reduce their dog breath. I don't know that it provides any other dental advantages.
75089,75090,B0026RQTGE,AS0Q5SJAGMVYA,meterman,0,0,5,1283644800,Great!,My dog goes crazy when I mention the word Greenies.  He hasn't put on any extra weight since I have been giving them to him.  He gets one per day and always lets me know when it is time to have one.  The cost is a little high so I buy them in the larger quantity.
75090,75091,B0026RQTGE,A267QVA1GWNZMY,golSquared,0,0,5,1283212800,Always a great choice,I buy these time and time again. I noticed an immediate improvement in my dog's breath (no stink...he gets in my face all the time) and there's no plaque on his teeth.
75091,75092,B0026RQTGE,A7BOLKG1HWQ2L,D. PEREZ,0,0,5,1282867200,M PUPPY LOVES THESE,My 1yr old pup loves greenies. He's been snacking on these since he was a month old. His breath always smells great and no tummy aches.
75092,75093,B0026RQTGE,A25OE2QSYV6J38,H. Skelcher,0,0,5,1282694400,We have to call them Gs,"Our dog knows the word Greenies so we have to call them Gs, but never to her! We don't want to have to come up with another name. These are an absolute must. The dog must have them. That is all there is to it. The fact that we could find the ""lite"" greenies was an added bonus."
75093,75094,B0026RQTGE,A16FRUOWEKAU7C,"barbara ariens ""scrapmimi""",0,0,5,1282694400,Proof is in the Vet's Bill,"My ""Sammy"" is very picky on treats but he loves these and the best thing is he is 7 and a half years old and has never had to have his teeth cleaned. The Vet says his teeth are clear of tartar so I've saved enough in Vet bills to more than pay for his special chews"
75094,75095,B0026RQTGE,A1NADKSHMF3S6K,a viewer,0,0,5,1282435200,#1 dog treat!,"These are our dog's absolute favorite treat!  As recommended, we only give one each day and make sure he doesn't get choked.  These are not as tough to chew as the old formula, which took him longer to chew.  Greenies are supposed to help clean dogs' teeth and breath, but we buy them because he loves them so much.  The large box of Teenie size has 96, so they aren't that expensive at one a day.  Well worth the price for our loyal baby!  He's been enjoying them for several years with no problems.  Be sure to get the correct size so your dog can't gobble them whole."
75095,75096,B0026RQTGE,A1MYSCDZ4UW21P,"Nancy J. Svensen ""Buddy's Mom""",0,0,5,1282176000,Greenies - Buddy's #1 Treat,"As always, the perfect snack for my dog.  He just loves them and knows exactly when it is 8:00 p.m. and starts to ask for his!!!  As that is the time of evening he gets his ""Greenie"" snack"".  Thank you for the excellent product and fast delivery."
75096,75097,B0026RQTGE,A1YPB7Y3039A48,Michelle Bauer,0,0,5,1281916800,"Greenies Dental Treats for Dogs, Teenie Pack, 27 oz, 96 chews","My two babies just LOVE this product - they cannot get enough.  They usually get their treat just before bedtime.  When they know the time is nearing, they sit on the bed and anxiously await their bedtime treat.  Although the bones are small, I cut each bone into four pieces so they think they are getting multiple bones.  This item is a win win for my little ones!!"
75097,75098,B0026RQTGE,A30TATOHS8HJ8M,"PJK ""PK""",0,0,5,1281225600,My picky dog LOVES these!,My small Westie terrier absolutely loves his Greenies! I had other Westies in the past years and these were also their favorite treat. The company was sold and they changed the formula years ago and made them safer for the dogs to eat. They are the BEST!
75098,75099,B0026RQTGE,A2U1YDEK4ZRKNJ,Stormy,0,0,5,1280534400,Great Value=Happy Dogs,We ordered this after paying pet store prices for greenies for our 5 dogs and this has been a godsend! Larger container and affordable price I would be remiss to ever get them anywhere else again!
75099,75100,B0026RQTGE,AB9I2365FJYRB,"B. Lowe ""The King""",0,0,5,1280534400,Dycee's Mom,"I don't know much from a personal point of view, but Dycee say's they're necessary. She loves them and wouldn't be a very happy pooch without them. If you have a dog, you probably know what I mean. This is one of her MUST HAVES."
75100,75101,B0026RQTGE,A83ZVFOZOMRIK,"M. BROGLEY ""LowPeriapsis""",0,0,5,1279497600,Serious Dog Joy,"Greenies are an great product - they are very attractive to my dog, who can be picky about treats, and provide a good chew that helps address his tartar problems, and Amazon has among the best price I've found.<br /><br />As long as you have someplace out of dog-nose reach to store the box, Greenies are a great way to help your dogs teeth stay clean and thus avoid the further health issues that result from canine dental problems."
75101,75102,B0026RQTGE,A11NIGM8IJWKNT,T. Landsberger,0,0,5,1277942400,my dog would like to give them 6 stars,"My dog is goofy enough but when he knows one of these are comming,  he really goes nuts.  I did not have a hitch in the order or length of time getting them. Thank you so much, Linda Turner I would recommend ordering these to anyone. Greenies have been a part of my dogs lives for nearly thirteen years and they look forward to one everyday. I ordered them from Amazon and everything went smoothly."
75102,75103,B0026RQTGE,A1T9UYLOBIKMKW,Jorge A. Avila,0,0,5,1277856000,Great Treat,I have three dogs and they get a greenie every day.  You will be amazed to see what these treats can do for your dogs teeth.  Buy on Amazon for the best value.  Some stores sell these for more than $30 a box.
75103,75104,B0026RQTGE,AKGYV341V3N3L,"Michael Gorlin ""TechMaster Mike""",0,0,5,1277856000,"Good Greats, Good Quality, Good Product",This is a great product that most dogs absolutely love. It's great for the teeth and great for their morale. I give my coton a treat every morning when I leave for work. The product on Amazon is considerably cheaper than it is at the local petstore and the 96 size is perfect for dogs under 20lbs.
75104,75105,B0026RQTGE,A3H3I5DA0360BG,"Iggy Crazy ""Dawn""",0,0,5,1277769600,Dogs love Greenies,"Dogs LOVE Greenies!  They go crazy if they even think they hear the greenie bag...my tiny little Italian Greyhound girl gets a greenie at bedtime, and sometimes she starts pushing us to go to bed and getting wild and begging to go to bed, because she wants her greenie.  You do have to be careful and only feed them one a day of their size range, or they will upset their stomach...you can have too much of a good thing, but as long as you don't overdo it, the dogs love them, and it's a great treat for them!"
75105,75106,B0026RQTGE,A2LTQKVUG75IW9,Linda S. Turner,0,0,5,1277337600,Greenies Review,"Greenies have been a part of my dogs lives for nearly thirteen years and they look forward to one everyday.  I ordered them from Amazon and everything went smoothly.  I did not have a hitch in the order or length of time getting them. Thank you so much, Linda Turner  I would recommend ordering these to anyone."
75106,75107,B0026RQTGE,A2QGNZ4SB2QG6R,Superlooney,0,0,5,1276992000,Dog Treats,My dogs love their Greenies.  I would buy 6 to save money. It is a must for treat time. All I have to do is say Greenies and you see the tails wag.
75107,75108,B0026RQTGE,AH574Z078P967,Wendy E. Dahl,0,0,5,1276128000,Greenie Clean!,"My dog loves these, This was an awesome price too! These are sometimes 40 bucks at the stores for a 27 pack. I will def buy these again."
75108,75109,B0026RQTGE,A2SE44GOVMEQ75,MaryRN,0,0,5,1275782400,Great buy,"My dog eats a greenie a day and we were very excited to have found them here at such a great price.  The package arrived in perfect condition and they are very fresh.  I have chosen this size Greenie for my chihuahhua, who is approximately 12 pounds.  It has proven to be effective for us, though through time I still notice some tartar buildup on the very back teeth (molars).  Therefore, I am sure to still brush them frequently.  He loves the taste and has been eating them for about a year and a half."
75109,75110,B0026RQTGE,A3APVUGVRJ7UOT,Kate,0,0,4,1275436800,Our three dogs are addicted to Greenies!,Our three dogs are addicted to Greenies. Even at one treat per day it has become an expensive habit but one we are willing to promote.  We were thrilled to find such a great price and free shipping!
75110,75111,B0026RQTGE,A1SN5WAWNX1GEJ,Polly Otoole,0,0,5,1275177600,Greenies dog treats,These to are a very good way to help keep my dog's teeth and gums clean and she loves them too.
75111,75112,B0026RQTGE,A28QTAFIAZSAIU,"Rita R. Woroniak ""missrita39""",0,0,5,1275004800,greeenies,my dog loves these...he would eat these things for regular food if you would let him.  breath is also wonderful.
75112,75113,B0026RQTGE,A1MYSCDZ4UW21P,"Nancy J. Svensen ""Buddy's Mom""",0,0,5,1274227200,Greenies - Buddy's #1 Treat,"Greenies Bones are the best treat my dog of 11 years can think of!  Even after all of these years, they remain his #1 favorite - looked forward to - every evening - extra special - treat - no bones about it !!!!! Very affordable pricing and shipping.  Would recommend seller and will be buying more from them myself!"
75113,75114,B0026RQTGE,A1DHQM2KXP9VC1,Renae,0,0,5,1274054400,~ Fantastic Price On Greenies ~ One Happy Pomeranian! ~,"Our Pomeranian LOVES Greenies, But I Was Getting Really Tired Of Spending Almost 50 Dollars A Pack At The Local Pet Store, So I Decided To Check On Amazon. I Spent A Lot Of Time Checking Prices From All The Different Sellers And Found That These Ones Were The Cheapest. I Ended Up Getting 2 Boxes For The Same Price That I Would Have Paid For 1 Box At The Pet Store.<br />The Package Arrived Very Quickly & We Even Recieved A Free Sample Size Bag Of Dog Food, Which Was An Unexpected Bonus. The Only Issue I Had Was I Feel They Could Have Put Everything In A Smaller Shipping Box. Other Then That We Are Extremely Satisfied & So Is Our Sweet Little Pom. Thank You Amazon!"
75114,75115,B0026RQTGE,A1OU45ZINNK7YV,J. Heldman,0,0,5,1273104000,My dogs have clean teeth,"My dogs get their Greenies at noon, can hardly wait to gnaw on them, and and then chew heartly until the Greenies disappear.  The good news is that all my dogs now have clean teeth."
75115,75116,B0026RQTGE,A1JZ2LK4U46V7E,"K. Yanni ""DJ Kidd""",0,0,5,1272844800,It's Great! My dog loves it.,"Just small enough, but not too big for my dog. He loves it and it helps keep his teeth clean."
75116,75117,B0026RQTGE,A2UPT3109IE5Q2,"Jake ""tusks7""",0,0,5,1272758400,My dogs love these!,My dogs love these. They each get one a day. Amazon's prices are great! Thanks...
75117,75118,B0026RQTGE,A2V56TOHR3IQG0,"Stacy M. Baker ""Stacy B.""",0,0,5,1272499200,My dog's favorite,"My jack russell, Didi, absolutely loves Greenies!  All I have to say is, ""Do you want a greenie?"", and her little head cocks to the side and she runs to the Greenies bag.  A greenie a day makes your dog very happy!!"
75118,75119,B0026RQTGE,A1Q1Y8MXT88BJX,"S. Faust ""Chef Steve""",0,0,5,1272240000,Great price,I found this site to have the best price for the quantities on the web. I would definitely order from here again.
75119,75120,B0026RQTGE,ASJR4FNM8ZOJH,"Donna Begley ""Donabee""",0,0,5,1271721600,My Animals love Greenies,"<a href=""http://www.amazon.com/gp/product/B000KBFKIQ"">Greenies Dental Treats for Dogs, Petite Pack, 27 oz, 45 chews</a><br />My chihuahuas love Greenies and will do anything to get one. My cats also love Cat Greenies. I use the Greenies Pill Pockets to give my animals pills and/or vitamins.  Great product and good for them also. Make great training tools... Greenies come in the size to fit your dog. Chihuahua size treats are hard to find. I highly recommend Greenies for dogs and cats."
75120,75121,B0026RQTGE,A1YLVJNGUB0XRT,irene pendell,0,0,5,1270771200,"Love, love, love","My mini poodle loves these greenies...his groomer also uses them and we just went to a vet who was also familiar with them....all dogs seem to love these ""toothbrushes""...highly recommend them.."
75121,75122,B0026RQTGE,A3HTPFYDJSPF3X,av,0,0,5,1270598400,Does what it supposed to,"I don't know about others, but my dog loves these.  He's a 55lbs golden retriever mix puppy, and loves to chew.  Like a reviewer before me said, this product is like crack for dogs!  The chews don't leave a mess, they occupy my dog for a couple of minutes, clean his teeth and they get rid of bad breath.  A lot of chews are either messy or leave him with bad breath -- or both.  No digestion problems either, like rawhide can cause.  He did have a problem once with a rawhide chew that got us worried - I presume that's the compressed product related problem that a previous reviewer mentioned.  This never happened with the Greenies as they mostly melt away rather than break off in pieces, unlike rawhide.  As far as I can tell, this is a great product."
75122,75123,B0026RQTGE,AJ78VYNRNF8Y8,Kathryn Callahan,0,0,5,1270512000,Greeenies are a great treat!,"My small dog loves his greenies. I give him a greenie after dinner. Goodness, if I forget he sure remembers it's time for his delicious treat. These are great at keeping his teeth clean. I still brush his teeth once a week, but these help keep his teeth healthy and strong between brushes."
75123,75124,B0026RQTGE,A2W11XJDVVQTZM,Charlotte Garrett,0,0,5,1269993600,Greenies are Great,These are great for our dog and the price is great on Amazon.com for the large package.
75124,75125,B0026RQTGE,A1OH18SIMC0LWK,"SnowBird ""Internet Shopper""",0,0,5,1269302400,She loves it!!,"I adopted my dog because her previous owner had passed away.  My dog had been eating canned food and her teeth looked terrible.  I tried a couple of teeth whitening treats and toys, but Bailey would have nothing to do with them.  Then I found Greenies and she loves them.  Once she left a couple puddles of saliva on the floor as I was getting out a greenie for her, she was salivating so much.  Her teeth look so much better now and her breath is great."
75125,75126,B0026RQTGE,A3M744ACHT1HGN,"E. Morris Azbill, Jr. ""Bogeyman""",0,0,5,1269043200,Bow Wow Yum,"Both of my dogs will practically sell their souls for a greenie treat.  They know that this is the sign that it is time to go into their crates for the evening and after getting a greenie, they willingly go to bed."
75126,75127,B0026RQTGE,A2NDWC61L0Y0IW,"Ronald J. Gardner ""jeff""",0,0,5,1268265600,Great Buy,"Great buy for the great product, it saves me money and i don't even have to leave my house. I will buy this product again from amazon only."
75127,75128,B0026RQTGE,A28QTAFIAZSAIU,"Rita R. Woroniak ""missrita39""",0,0,5,1267660800,goodies for dog,My friend gave me some of these greenies that were left from her dog.  I gave my dog one and he was sold.  Never thought he would eat these.  Good breath now and also is a picky eater...Quick delivery and good price.
75128,75129,B0026RQTGE,A3KY9IBY5EIHKV,CurlyQ,0,0,4,1267488000,My dogs' favorite treat by far.,"My dogs are absolutely addicted to these.  Never had any digestion problems.  They keep my chihuahua's teeth super clean, my beagle/dachund's teeth need a little more help.  I personally don't care for the smell of them, but it's really not too bad."
75129,75130,B0026RQTGE,A5SBS03UTEE0C,P. Blakely,0,0,5,1265932800,Highly Recommended,"I ordered these on sale on the evening of 02/08/10,( ususlly with an item on sale such as this, you get gouged on the shipping/processing fees, but that was not the case with this vendor!) and they were on my doorstep on 2/11/10. Excellent communications from this vendor, with an email order confirmation,and an order shipped/tracking confirmation, and super fast shipping. A++"
75130,75131,B0026RQTGE,A2D3XOW2VKD9G0,ECB,0,0,5,1265068800,What a great price for greenies!,"We used to get greenies from Petco, what an amazing price difference this is!  Our beagle eats one every day and it keeps her breath in check."
75131,75132,B0026RQTGE,A2YQ2ZI65F37N8,T. Gaston,0,0,5,1261008000,Our greyhound loves them,"Looking for a treat that will never be refused, or left lying around?  Our greyhound loves Greenies and the Greenies are doing a great job of keeping his teeth in good shape."
75132,75133,B0026RQTGE,AEF3SAC5MZQ10,"Carol Green ""Devonz""",0,0,5,1260921600,Happy Customer,I am not only very happy with this product but am also very happy with the service and the speedy delivery
75133,75134,B0026RQTGE,A3R9X4US9UXBRN,Shelley Keith,0,0,5,1260835200,dog treat,My vet told me to have my dog get these to help with her teeth and she loves them
75134,75135,B0026RQTGE,A16CL6028VO0A5,S. Stokes,0,0,5,1260576000,AMAZING!,My dogs eat a greenie everymorning and they are so expensive everywhere in the stores! I was so happy to find some many of them for such an inexpensive price!! such a great deal!!
75135,75136,B0026RQTGE,A1HX8QTL1Z2ZF3,Bryan R. Fisher,0,0,5,1260316800,Good price.,"I buy these locally, and they are more expensive than Amazon.com.<br />My dog likes them and we do see a difference in her teeth.<br />Thanks."
75136,75137,B0026RQTGE,ASALOFU6V48J3,MES,0,0,5,1258070400,GRRRRRREAT!,I have no personal experience with Greenies but my dog loves them.  Her rating is grrrreat!
75137,75138,B0026RQTGE,A22FOCP4I28ZKJ,B. Stephens,0,0,5,1256342400,My dog can't live without these!,"Because our dog has to have his greenie every day, we have to make sure we have them on hand at all times.  The price was great, the shipment arrived promptly and the main thing is our dog is happy.<br />B. Stephens"
75138,75139,B0026RQTGE,A1V8SSY4TSKYS5,Christina M. Kelley,0,0,5,1255996800,Definitely will purchase from buyer in the future,Encountered 0 problems with this buyer. Received products as pictured/ordered in a timely manner. Packaged securely and safe to ensure no problems during delivery of shipment
75139,75140,B0026RQTGE,A158Y8GYX115I3,"dog fanatic ""dog fanatic""",0,0,5,1255737600,My dog would do anything for Greenies,"My dog absolutely loved Greenies. He would come downstairs every morning and sit in front of the pantry until someone gave him his Greenies. He also learned to do all sort of cute tricks. We taught him these tricks with Greenies as his incentive. These treats were healthy for him, never made him sick, and made his breath smell good. I would only give him one Greenies a day and to spread that one Greenie out over the entire day, I would take pliers and cut it into 6-8 little pieces. Seemed like my dog would feel more fulfilled to have little pieces throughout the day versus one whole Greenie once a day. Once I discovered Greenies, I cut all the other treats out and really only have him the Greenies. The 27oz. tub was in my opinion a really good value for the money so I would always buy that size. I highly recommend this product for all dogs."
75140,75141,B0026RQTGE,A1S7U6E1L3GOV3,Gary K,0,0,4,1255564800,Great price for this product,This is a terrific price for this product and quantity. The package always arrives early.
75141,75142,B0026RQTGE,A2CDJWL4810QX7,"James Rogers ""jrstudioboss""",0,0,5,1254700800,good greenies,"Our girls have to have their Greenies before bedtime. They are 30 and 40 lb border collies, but we give them the Teenie Greenies, sometimes two, they go NUTS over them!"
75142,75143,B0026RQTGE,A1ENZK86F1VE8P,"Kimberly Hart ""Southern Belle""",0,0,5,1254268800,My doggie hates everything but loves these!,My doggie goes crazy when he hears the box being opened. He has sensitive teeth and doesnt like hard stuff. These are perfect. I started using these after getting his teeth cleaned. I give him one every 2-3 days. Keeping his teeth clean.
75143,75144,B0026RQTGE,A1ZVJOGECIKWAL,"Gwen Potter ""Gwen""",0,0,5,1253232000,yummy yummy,My dogs LOVE Greenies!!  I have offered them a choice of Greenies or Nutri Dent several times......Greenies are their choice every time.  The Nutri Dents just don't cut it with them.  Greenies are the best!!!!
75144,75145,B0026RQTGE,ADMPF64R5C3O8,C. Wendel,0,0,5,1252281600,Dogs love Greenies!,"I give my dog 1 Greenie in the morning, he loves them and the vet that he goes to says they are the best for keeping their teeth strong and clean.<br />I highly recommend these for your dog or cat for the health of it."
75145,75146,B0026RQTGE,A1EVPGZPU9XDCP,Bob McP,0,0,5,1251936000,Great Supplier,"Product delivered quickly and item was as advertised.  No complaints here, I recommend this seller on a very high scale.  Keep up the good work and your customers will be well pleased."
75146,75147,B0026RQTGE,A2N08AQAPWW5MH,Barbara Showerman,0,0,5,1250380800,Can't live without greenies,My cavalier king charles spaniel and a friend's beagle can't survive without greenies!!!  Fantastic product and great seller...
75147,75148,B0026RQTGE,A1EVPGZPU9XDCP,Bob McP,0,0,5,1247961600,Excellent Vendor,Superb business.  I do not think this item could have been shipped and received any quicker unless I had driven to a local store and picked it up myself.  Wish all Internet businesses would strive to do transaction this way.  Adds confidence and credibility to the e-commerce world.
75148,75149,B0026RQTGE,A1LBXXQEA2DU14,Donna M. Arasi-gudinas,0,0,5,1246060800,Best deal on Greenies,"Most dogs LOVE Greenies, and they are supposed to be great for their teeth, but they are also quite expensive. I found this 96 count package on Amazon for under 25.00!!!! Note that this is the petite size as I have little dogs, so if you are looking for the larger Greenies you need to check the pricing. The product arrived within a couple of days, and is a great value. Normally a package of 6 or so petite Greenies cost aprox 7.00!"
75149,75150,B0026RQTGE,A32L17SBFFRL06,Beach Granny,0,0,5,1244332800,Beach Granny,My dog loves his Greenies. I give him one in the evening hoping that it cleans his teeth.
75150,75151,B0026RQTGE,A28SIV1NKVYO4R,L. Arnette,0,0,5,1243987200,GREAT !!,This is a FANTASTIC price on Greenies and my dog cannot live without having at least 1 a day ! Thanks for a great product at a great price !
75151,75152,B0026RQTGE,A2A1KI3EIHT2VT,Barbara M. Van Lieshout,0,0,5,1241654400,Good things!,My dog loves Greenies Treats and because they are good fo rher that makes them even better!
75152,75153,B0026RQTGE,A35BRGQ1TP3R5F,"P. Kleinschmidt ""ProPhoto""",0,0,5,1241654400,My Maltese gets one a night.,This is her goodnight treat.  She loves these.  We do not give her more then one a day and we like the teenie size the best.
75153,75154,B0026RQTGE,A3T05R0RDXLNAJ,"Lori ""Love Good Books""",0,0,5,1237420800,Dogs love it,"I always buy these on line for the dogs because the pet stores and grocery store prices are four times more.  For my small 10 pound dogs, I should have bought the teenie vice petite size though.  Great product."
75154,75155,B0026RQTGE,A38WYYTDR3J9B7,"M ""MacUser""",0,0,5,1235606400,Great Price and My dog just loves 'em!,"My Mom and Dad loved the price, and I just think these are way yummy. Keep 'em coming I say! As for delivery time, they ordered them and we had them in a box within a few days. Not quite as fast as the pet store, but they say for less money - even with shipping. Personally, I need them more frequently than my parents give them to me, please can I have another greenie, I love minty fresh breath! I'll be good! by Alex a Vizsla"
75155,75156,B0026RQTGE,A1JOX4TXXBM6ZO,"J. Pike ""lab lover""",0,0,5,1234656000,Greenies good product but price has gone up,I have been buying this product for quite some time. My dogs love them. I was disappointed at how much the price went up recently. I was also angry when I got my purchase which was advertised as 19 in a box and there were only 17.
75156,75157,B0026RQTGE,AUXA0DN06MFBF,"M. Kathleen Romanovich ""mynxr""",0,0,5,1234310400,Papillions Love Greenies!,"Our Papillions love Greenies!  They help keep the tartar under control.  This breed is notorious for bad tartar build up on their teeth and having to have dentals twice a year.  With using the Greenies daily, they only have to have a dental once a year.  This saves us over $400/year."
75157,75158,B0026RQTGE,A30YEMBTNSWU00,orangesrenee,0,0,5,1231718400,my dog loves greenies,"My dog loves Greenies treats, so I ordered him a big box for his Christmas gift.  He's been enjoying one every day.  I feel good feeding him these treats because they are recommended by my Vet and they are a natural treat that he enjoys."
75158,75159,B0026RQTGE,A2S1AFKP49PL77,K. McCreary,0,0,5,1224979200,Greenies,My dog loves the Greenies. He is a 12lbs pug and the Tiny size were too small for him.  These are a better size for him.  He loves them.  He recently decided that he didn't like many of his treats but he still loves these.
75159,75160,B0026RQTGE,A2UCGE4EQZ0P4A,Christine A. Rasmussen,0,0,5,1208304000,"Yummy and Good-for-you, Too!","These treats occupy my dogs (quietly!) while they clean their teeth at the same time. The first time I tried them, I bought the large ones to cut in half so I'd get more for my money, but believe me, it was definitely NOT worth the hassle. They are very hard and hard to cut. The ""Regular"" size is perfect for my 50-65 lb. dogs."
75160,75161,B0026RQTGE,A2W5IUAKVQRMBF,"C. Jensen ""K9 Happy Gal""",0,0,5,1175040000,New Softer Greenies,"I do like that the Greenies are softer, more chewable.  I feel it makes the product a little bit safer for my dogs to have."
75161,75162,B0026RQTGE,A3K185BXWHVS6X,A. Lu,10,16,1,1310428800,Bad for My Dog,"My dog was on a bland diet (boiled chicken & rice) so his poop was usually solid but a few days after eating 1 Greenie a day, his poop became more liquid-y and green. Not sure if Greenies was actually the cause until I googled and read on various dog forums about how Greenies have affected other dogs. Stopped giving out my dog Greenies and have thrown them away. BEWARE, Greenies CAN be bad, so watch your dog after giving them out."
75162,75163,B0026RQTGE,A16EH1TRPC5IDD,Lesal,1,2,2,1341792000,Greenies Treats,Not the best product for the price. I got these for my dog that has plaque problems but I haven't really seen any improvement since we got them. They are okay to give as a treat but as far as helping with plaque I don't think they work at all.
75163,75164,B0026RQTGE,A3JRTVV2E9P6R1,Diana,1,2,2,1325203200,Contradicting photo and description!,"There is contradicting information.  The description says Senior Greenie Large, while the photo shows ""regular"" as well as 27 treats versus 27 ounce.  Anyone that reviews and can clarify the actual product would be much appreciated."
75164,75165,B0026RQTGE,A1JSXH2JWFMOU4,"Lynw21 ""Lyn""",1,2,5,1314144000,great product,"I was amazed at how well these cleaned my dogs teeth. He is not happy with getting his teeth brushed, especially in the back, the Greenies have assisted with cleaning this hard to reach area. I have read other reviews where people have had trouble with their dogs trying to chew off too much and choking or what-ever - my solution stay with your dog as they chew anything this is just plain common sense. I also give it after his evening meal so that he won't try to swallow to big of bites."
75165,75166,B0026RQTGE,A10K5ZTLEVT2XX,"Richard W. Pollex ""Richard P""",1,2,4,1292112000,Very good value - but manufacturer should switch to a larger bulk bag,"This was an Excellent value of buying on Amazon versus the pet stores.<br />It was packaged and labeled well for shipment.<br /><br />However - the manufacturer's plastic top of the box itself is a little cheap and less functional than I expected.  Frankly, the whole top has to come off each time I want to give my dog a single chew.<br /><br />So - I'm actually putting these chews into a Dog treat jar that has a open-and-close top with a tab.<br /><br />The manufacturer could simply change the bulk packaging to a bag.  Frankly, a Ziploc bag would be just as functional (and probably have a lower manufacturing cost) than the box."
75166,75167,B0026RQTGE,AP209JM9QCB8S,Joan Clark,1,2,5,1287273600,Suppliers Make All the Difference!,"Since all Greenies are the same I would suppose that only the suppliers of Greenies could make the difference, and this one certainly did!<br />We received our order for an amazing cocker spaniel in very good time, which made us all very happy!<br />And as far as price goes, that was really a surprise!<br />Even with postage these healthy treats cost less than we had been paying for them in pet stores here in Salt Lake City!<br />You can surely look forward to many more orders from us!<br />Thanks for the great treatment!!!!<br />Ray, Joan and Taz<br /><br />PS  I HAVE NO IDEA OF HOW THE IDENTIFYING PICTURE OF THE PRODUCT I REVIEWED GOT SWITCHED!<br /><br />HOWEVER, PLEASE DO NOT LET YOUR DOG EAT THE MICROFIBER CLOTHS (EVEN THE GREEN ONES)!!!!!!!!!"
75167,75168,B0026RQTGE,A7JJX3KMDZD2F,"Shinichi Isozaki ""shincyan""",1,2,5,1268524800,"The pet dog is delighted, too!","I gave a pet dog plural resemblance products, but have got tired directly so far.<br />However, the pet dog continues Greenies and wants it."
75168,75169,B0026RQTGE,ACDHLOVWRC6TC,Renee Strange,1,2,5,1255132800,Wonderful Treat,"My Shih Tzu is seven and has had one Greenie a day for years.  She is happy, healthy and has great teeth.  She begs for her Greenie every morning.  Don't worry about Greenies causing allergies!  The main source of allergies is CORN in dog food.  Do your little one a favor and go to a grain free or reduced grain dog food.  When you think about it, wild dogs didn't eat corn meal!  If your little one has allergies, you will be amazed at the immediate healing."
75169,75170,B0026RQTGE,A2AE869K5GLGN5,"Susola ""Book Lover""",1,2,5,1243814400,"Excellent seller, excellent service, excellent prices!","I would not only order from this seller again, I have also told all my friends about this seller's store!"
75170,75171,B0026RQTGE,A1CSOV6BCEVPZX,Jot,2,4,2,1321401600,Great product... Misleading product picture.,"My AKC English Bulldog has been using greenies since he was a puppy, and hasnt had any problems with it. Ive always given him the correct size greenie for his weight, and have never had to take him to the vet. (yet I never leave him unattended with his greenie) The only problem I had with this particular seller was the picture on display, and what I recieved in the mail. Please don't make the same mistake I did, there are only 17 greenies in the box, would have been better off buying them at Petsmart."
75171,75172,B0026RQTGE,A2K4SLANHLGYGR,Johannah Berger,2,2,5,1326067200,Another happy dog and owner,I am sad to say that my dogs are completely addicted to Greenies. They get one every night after our walk and they never let us forget. Once we get inside they go right to their crates and sit and wait until their treats are given. Good treat for small dogs and a great price on amazon.
75172,75173,B0026RQTGE,A3LIZY8BL6XPCO,Daisy,2,2,5,1325980800,Terrific Product for Doggie Breath!,"The Greenies ordered through Amazon is less expensive than the ""bricks & mortar"" stores; and I plan to order another box.  We received the product a few days after placing the order.<br /><br />Terrific product, and our lab loves this treat!"
75173,75174,B0026RQTGE,A2RZUAFCLKAOLQ,theresa a velazquez,2,2,5,1324339200,brandi,my dog brandi lovessssssssssssssssssss these greenies she cant get enough of them and i keep them in cabinet she will look at cabinet and than look at me and say ma can i please have a greenie im not kiddin shes a dog but she talks to me they have there own communication.<br />anyway whoever is leary about buying these trust me when i tell you they are worth every pennie and this seller got them out to me quick!!great product great seller what more can i say but<br />merry xmas and a happy healthy new year too!!
75174,75175,B0026RQTGE,A2YQ2ZI65F37N8,T. Gaston,2,2,5,1322697600,our dogs love them,Our two greyhounds love the Greenies dental chews.  I prefer to buy them the smaller treats since they are both seniors now and don't like to chew on things for extended periods of time.  The regular size fits that need.
75175,75176,B0026RQTGE,A3NIW2COUTH4R3,M. Nygaard,2,2,3,1321142400,Full of worms,"When we opened the box, we found it to be full of small worms. My husband was able to remove them with a small brush but they shouldn't have been there in the first place. We have gone through many many boxes of greenies and this is the first time we found worms in them. The dogs love the greenies and it helps their teeth a lot."
75176,75177,B0026RQTGE,A17USQH314JOTA,Matthew Zahn,2,2,5,1320710400,Great Deal,"As always, amazing price on amazon. Paid the same price for 45 chews, as I did for half the amount at the local pet store. Product shipped extremely quick even using the super saver shipping. My dog absolutely loves these treats. She hates going to her crate, but if I grab one of these out of the box that it came in, show it to her, and say ""bed"" she literally sprints to her crate in anticipation. Highly Recommended. Oh and her breath is about half as stinky as it was before I started giving her these."
75177,75178,B0026RQTGE,ASHHK9F3013IX,M. Peterson,2,2,4,1318636800,Doggie Crack,"Dogs LOVE Greenies. We can't even say or spell the word without our three flipping out. Their daily Greenie is the high point of their day. Greenies work as advertised, keeping their teeth white and their breath smelling as good as a dog's breath can."
75178,75179,B0026RQTGE,AULYLI7ZVLQUC,Vivian,2,2,5,1318204800,Greenies,"What can I say. To my dogs, giving them a Greenie is like giving them a steak! The minute they hear the box being take out of the closet they are right at my feet."
75179,75180,B0026RQTGE,A2XC1DOGG1MY14,Ariel,2,2,5,1316736000,"Great for my old, spoiled dog","My elderly (soon-to-be 17) beagle, Dakota, is super picky about what he eats.  Making a different dish (has to have different protein source and flavoring) every other night is the only way I can keep weight on this once food-frenzied chow hound.  The ONLY consistent item he eats -- including dog treats and human table food -- are Greenies treats.  The ""Senior"" variety is the perfect texture (softer than the regular Greenies treats) for his aging, sensitive teeth.  The inclusion of glucosamine and chondroitin to help with his joints give me hope that it helps the creaking and cracking of his joints.  Whatever the formula they use to make it easier to digest is a plus since I know his aging system doesn't work as well in his older years.  Dakota gets one petite Greenies Senior treat everyday and he has never turned down an offer for one yet."
75180,75181,B0026RQTGE,A1TPS6YW7ZCGEJ,Dee,2,2,4,1316131200,Dog loves them,"These are recommended by all vets that I've seen.  They are healthy, clean teeth and my dog loves them.  I cut them in half though as if he eats a whole (large) one, his tummy doesn't like it.  He has a VERY sensitive stomach though."
75181,75182,B0026RQTGE,A2F2UOAIUB1V8B,TwoPiecesOfshihTzu,12,20,1,1324684800,WORMS IN GREENIES?????,This is my second box of greenies that I have been quite pleased up until today.  I pull out on greenie and found a WORM along with larvae!! This is horrible.  I had this box for 3 months.  I emptied the box and found about a dozen more worms and was disgusted.  I couldn't believe greenies product was contaminating my dogs.  The expiration date is dated 2013 so this clearly shows that there is something wrong with this product.  I hope someone from the greenies department will give contact me to fix this.  I will be posting these comments on every doggy treat review forum/website until I hear from someone so I know that they are trying to fix it and shows how much they value their customers and product.  I don't know how long I have been feeding greenies with worms in them so my two pups will now have to go to the vet.
75182,75183,B0026RQTGE,A3OJVVNODSZMRW,"Matt V. ""Matt""",0,1,1,1350345600,Observe Pet Reactions to Greenies,"I had good results with this product six months ago.  However, a second purchase that I just opened caused all of my three dogs to vomit within minutes of eating the product.  I removed other items from their diet to be sure and it did it again, instantly. I contacted the company about it and they have claimed no other problems exist(suggesting I must have tainted the product or have exposed it to an environment making the dog snacks unstable, or the company I purchased them from somehow did something to the product. Hmm: sounds troubling to me, especially from the factory.). I have seen other issues out there regarding this product, which vary.  Use your own methods of making a control group, but be sure to see they have proper bowel movements and are not vomiting after you feed them the product.  Secondly, Greenies.com(the Nutro Company) will not honor purchases made through unauthorized vendors.  Amazon directly is an ""authorized vendor"".  ""Monster Pets"" is not authorized to resell these items and only those vendors listed on their website are ""authorized"".  They will only help you return/refund something if it was purchased through an ""authorized"" vendor.  This now makes me leery of items purchased through ""Amazon Marketplace"", particularly food items.  Buyer beware!  Caveat emptor!"
75183,75184,B0026RQTGE,AEQZIQMOC0XPV,this_moment,0,1,1,1347667200,No go,"My dog won't eat these things. I can offer her nothing else to eat all day and she still will literally turn her back and walk away from these things. I tried gifting them to another small dog owner, only to find they are warned against as a choking hazard. Turns out they are so gummy that they sometimes get stuck in a dog's throat and choke the poor thing to death. Maybe my dog knew something I didn't... or maybe they just don't taste or smell that good to some dogs. Buyer beware. (Message me if you want an almost full 96 count box for just the cost of shipping, since if you are going to buy them, I hate to throw away something someone else can use.)"
75184,75185,B0026RQTGE,ABVE0SBRXFAFR,Elizabeth918444,0,1,5,1319068800,Greenies,"My dog loves her greenies, she gets one every morning, if I forget to give her one she lets me know it in no uncertain terms.<br />I buy them from Amazon because the price is right, petsmart wants to much for them.<br />I just ordered them yesterday, received them today.<br /><br />Thanks"
75185,75186,B0026RQTGE,A2974R9BTPZPOJ,DoKi,0,1,4,1264809600,Just as pictured,"Nice to have a box to store the greenies, but the lid doesn't really fit back on once you open it, it's really flimsy plastic.  Inside is a ziploc bag of greenies."
75186,75187,B0026RQTGE,A3QUA7CCU30XFQ,Bunny,0,1,5,1235779200,Greenies,"This product is just what we wanted. Doggie loves them,and I can hardly believe how fast they got here. Excellent seller.....Bunny"
75187,75188,B0026RQTGE,A1UZU257P5V8QL,"Mary G. Ray ""mary""",8,14,1,1329004800,These scare me.  Look at what I've found online:,"I was all set to buy these thinking they'd be great for my dog.  Then I found:<br /><br />""At least 13 dogs have died after being fed the top-selling pet treat in the country, owners and veterinarians have told CNN. The problem comes because the treats, called Greenies, become lodged in a dog's esophagus or intestine and then some veterinarians say they don't break down. A CNN investigation uncovered 40 cases since 2003 where a veterinarian had to extract a Greenie from a dog after the treat became lodged either in the animal's esophagus or intestine. In 13 of those cases, the pet died.""<br /><br />The directions also tell customers to monitor dogs to ensure the treat is adequately chewed and to always offer water after feeding. ""Gulping any item can be harmful or even fatal to a dog,"" the directions say.<br /><br />Some vets and pet owners say the directions are unrealistic.  ""These things tend to be wolfed down,"" said Dr. Brendan McKiernan, a board certified internist at the Wheat Ridge Animal Hospital outside Denver. ""They are meant to be chewed carefully, but that's like giving a sharp knife to your 2-year-old. Dogs can't be controlled that way.""  [...]<br /><br />Even though the info from these links may be BEFORE they improved them, and considering the following quote:  ""At the end of the day ... literally millions of Greenies are enjoyed by dogs on a weekly basis with absolutely no incidents,""<br />[...]<br /><br />I'm still extremely leary."
75188,75189,B0026RQTGE,A3P380HI0LB0EF,ttaylor,8,14,1,1326585600,Worm found on Greenies Joint Care,"Just opened Greenies Joint Care (individually sealed) in December 2011 and found small worm crawling all over it.  Next one looked fine, but really supposed to trust these now?"
75189,75190,B0026RQTGE,A2974R9BTPZPOJ,DoKi,11,19,2,1264809600,Not too thrilled,"I expected to recieve a box of Greenies, which is why I ordered this.  I thought that it would be a nice and neat way to store them.  Instead what I recieved was a bubble bag full of individually wrapped greenies.  Not neat and easily stored at all.  The picture of this item shows a box, but I did not recieve a box of greenies.  I wish I would have just ordered the bag of greenies, with the ziploc top, at least that is easily stored.  My dog also has a sensitive stomach and food allergies, even though greenies don't have corn in them he still pukes them up and doesn't seem interested in them when I try to give him one.  My larger dog has the bigger size and he likes them just fine, so I guess it just depends on your dog.  My main complain about this purchase was that I didn't recieve the box of greenies that is described.  Maybe they ran out and just threw 45 individually wrapped greenies in a bubble mailer, either way, that was disappointing."
75190,75191,B0026RQTGE,A1JI6R4EP20WGJ,Sea,1,3,1,1343606400,puppy didn't like,"Bought the big box to be economical..bad choice. My dog ate one reluctantly and then never ate another--and this was over months.  I gave them to a friend.  My friend who owns a dog store said that many dogs have digestive upset with these, so I'm not sad that my dog didn't like them."
75191,75192,B0026RQTGE,A4BCBSJTWHOU6,dogowner,1,3,3,1337558400,I don't recommend this treat for your dog.,"From a taste perspective, your dog will probably love this product; however, I do not recommend that you buy it for your dog.  As with any dental treat, the purpose is for the dog to chew it and work the toothpaste that is in the treat around the teeth to get them nice and clean.  The problem with this treat is that dogs will literally eat them in three bites, which means that the treat is not working on the teeth.  Also, because the dog eats them in three bites, this product is much more likely to put your dog at risk of choking on them.  This product is very expensive and, from my opinion, I just don't recommend them."
75192,75193,B0026RQTGE,A3NKGRF937ZJ8Y,Nancy,7,13,1,1312675200,Very disappointed,"I ordered 3 packs of 27-count greenie dog chews from Entirely Pets and have ordered this product from various sources for many years. I have now opened the 2nd pack and both were the same:  all of the greenies were stuck together in one big lump.  I had to forcibly pull them apart.  Although I didn't try them myself, it leads me to believe these are old products and probably stale.  I will not order from this vendor again, even if it is a buck or so cheaper."
75193,75194,B0026RQTGE,A21M71QTD44GQ1,fishpick,2,5,2,1314144000,Good but GONE,"Supposed to be for cleaning their teeth - right...  well - that would assume they held up to some for of chewing...  our little Border TERRIER (not Collie) ""eats"" one of these in about 5 minutes...  too fast to be of any use to the teeth and almost too fast to cause concern in the digestive tract.  Bummer too because these are supposed to be great for pups teeth...  just an agressive chewer defeats Greenie...  that's all."
75194,75195,B0026RQTGE,A1ZUUPXAGE57ZB,"Preciousgio ""Preciousgio""",6,12,1,1247011200,BEWARE,"I have bought greenies for my dog for 7 years (since she was a puppy). She has always had digestive problems, but we didn't know why. While googling greenies a couple of weeks ago, I found that several dogs have died because they were not able to digest greenies. Please do some research before buying this product again. It could save your dog's life. Since switching to another dog treat, my dog has not had any problems (although it has only been two weeks)."
75195,75196,B0026RQTGE,A3192L9LYHIQ7O,Tlc1283,0,2,3,1336953600,Greenies,I thought the greenies were the petite size for small dogs instead they were much larger. I'm having to cut them in half for my 6# Yorkie.
75196,75197,B0026RQTGE,A2YCEKVUN1W5F1,"K. Salinger ""MBA, MSN, FNP, RN""",0,2,2,1334793600,I like Greenies but these are too tiny and snap in half,"I'm a fan of Greenies for dogs. However, this size is just too small and almost immediately snap in half. The issue with that is they end up chewing each 1/2 down to a size that is easy to gag and choke on. Part of the advantage to Greenies is that they're supposed to break down to tiny bits that are easily swallowed. These breaking in half defeats the purpose.<br /><br />For puppies and even for grown up tiny dogs I recommend going one size up."
75197,75198,B0026RQTGE,A2D9ZDPJ6YJVO,Sadie,0,2,1,1333929600,Dog wont eat them,Had to buy another box of the same thing at Petsmart. She eats those.  Must not be fresh.  How can you tell when they look the same.
75198,75199,B0026RQTGE,A132ETQPMHQ585,"Donna's Reviews ""I Love Shopping on Amazon!""",0,2,2,1324166400,Our dogs liked them OK...but!~,"Our dogs liked them OK...but!~....Greenies Dental Chews for Dogs, Teenie Pack, 96 Chews....they are pricey and our two pooches love ....Veggi Dental Chews ...that's all we buy them now on Amazon of course!~"
75199,75200,B0026RQTGE,A2QF0T1R28FXYD,Sue Lettieri,0,2,5,1315872000,can't live without,"My dogs MUST HAVE a daily Greenie 1st thing in the morning.  If I run out, there is hell to pay. If they wake before me, they start licking my face so bad that I have to wash it!  I have 2 Maltese and they literally start dancing when I bring out the box. Last order I made a mistake and bought 6 boxes. So I should be set for a while.<br />27 ounce 96 count teenie tub pack<br /><br />I DONT UNDERSTAND HOW YOU CAN SELL USED GREENIES.  PLEASE EXPLAIN.<br /><br />I also purchased a Kindle.  I LOVE IT. I have optic neuritis from Multiple Sclerosis and I am now able to read by adjusting the font.<br />I am dissapointed  that the letters are wearing off and the covers are so expensive.  My cousin made me a beautiful one out of quilt. Much nicer than the $50+++ ones from Amazon. I TOLD HER SHE SHOULD SELL THEM."
75200,75201,B0026RQTGE,A3PHNF5AWA5PV0,J. Daniel,0,2,3,1297987200,GREENIES are GREENIES!,"Dogs love them, this box was economical as compared to vet prices, BUT they by no means help my dog's bad breath.  I get stared down every night at ""TREAT TIME"" by my golden retrieve and sheltie, until I am forced to get out of my comfy chair and give them their EXPECTED DESSERT every single night.  As always, my dogs walk all over me! lol"
75201,75202,B0026RQTGE,A1CWIITBDOU9KD,Love Online Shopping,7,14,1,1328054400,DEADLY!!!!!,"I am writing this because this product KILLED my in-laws 2 year old YORKIE. They have been breeding Yorkies for 18 years and this was the first product they have used, that KILLED one of there dogs. They started using this product this past summer. Sweetie (the dog) was chewing on the GREENIE chew in front of both of them, when she started convulsing.  They immediately took her a 1/2 mile to the vet, by the time they arrived there, Sweetie was DEAD.  The Greenie had Pierced her TRACHEA.  Please be aware od how dangerous these could be to small dogs."
75202,75203,B0026RQTGE,A2L11XFJ1W0AV1,dog dog,4,9,1,1322352000,do not feed this product to pugs.,My pug almost died from this product. A piece did not digest and got stuck in his intestinal tract. He had to have emergency surgery and 3000.00 later is now OK. Any knowledgeable pug breeder will tell you not to feed these to your pug. All the company did was refund me 25.00 for the cost of the product.
75203,75204,B0026RQTGE,A3K185BXWHVS6X,A. Lu,4,9,1,1310428800,Not the best,"My dog was on a bland diet (boiled chicken & rice) so his poop was usually solid but a few days after eating 1 Greenie a day, his poop became more liquid-y and green. Not sure if Greenies was actually the cause until I googled and read on various dog forums about how Greenies have affected other dogs. Stopped giving out my dog Greenies and have thrown them away. BEWARE, Greenies CAN be bad, so watch your dog after giving them out."
75204,75205,B0026RQTGE,A2X243TOVWCZYJ,A. Hannan,2,6,1,1326153600,96=45,Just because you see 96 treats on the box your crazy if you think that's how many your buying everyone knows 96 really means 45
75205,75206,B0026RQTGE,A1J1F8B09O6URF,Lily,2,6,3,1318377600,My Dogs love them,My  dogs love them.. They are pricey for a treat tho!<br />I did not notice any change on their teeth -plaque stayed the same.. even tho I gave it to my  dog 2 times a day for few months. Still needed to go to the vet for  deep teeth cleaning.
75206,75207,B0026RQTGE,A2SLPWNVXLZDAV,Bev Scott,0,3,5,1304899200,Yummy!!!,"My name is Duncan, and I'm a mommy's boy, and she and Dad love me so much that they give me one of these every day after supper.  They taste great and clean my teeth at the same time.  All my friends love them, too! They buy them from Amazon because the price is good.  I'm going to have them get on the automatic sending list, so I'll never run out!"
75207,75208,B0026RQTGE,A27O8U73ZPLSCE,"K. Leon ""LeoDC""",9,19,1,1288742400,Greenies are not digestible -your puppy will vomit and have diarrhea and will get very sick,"I made the mistake to give a Greeny to my puppy without reading reviews about this product. It was a bad idea. The poor puppy got very sick after eating a Greenie. He vomited and had diarrhea.<br /><br />I took him to urgent care and the Vet's verdict(informed on the X-ray)was: ""a Greenie got stocked in his intestine"".<br /><br />I was very lucky to get the puppy recovered with medicine. But surgery was being considered by the Vet (mind about $7,000). On the worst case scenario, my puppy could have died because his intestinal system was obstructed for 3-4 days.<br /><br />After this unfortunate incident, I looked-up for reviews about this unsafe product -and not to be surprised- I found several concerning stories like mine. I also learned that few dog owners have sued Greenies because they believe it was the reason that provoked an obstruction to their pets digestive system, sadly resulting on death. ""Roughly 315 million Greenies were sold last year, but the breath-freshening treats have been blamed for at least 13 pet deaths and more than two dozen complaints have been filed with the Feds"". Dogster-com<br /><br />Note that as the product label says: Greenies are not 100% digestible, and if you read with more attention, the label has a Warning saying that: dogs may get sick or even chock when ingesting a Greenie!<br /><br />At the end of the day, it's hard to believe that there are companies like Grennies that don't address these issues, and just care about marketing and profiting -not so much about producing a healthy, safe treat for our best buddies.<br /><br />In any case, I'd recommend to ask your Vet or read more dog owners reviews before giving Greenies to your dog."
75208,75209,B0026RQTGE,AIKXESYKV13OT,pc,1,5,1,1339200000,Greenies Dental Chews For Dogs,"Consumers Beware of Greenie products for dogs or cats. It contains a very toxic ingriedant called, Menadione Sodium Bisulfite {MSB},which is a synthetic {man made} form of Vitamin K3 and causes cancer, organ damage {kidneys,lungs,liver,and mucous membranes}. It is also in almost All dry and canned pet foods. Chech your ingredients on All of your pet treats and foods. This will kill your pets. Check to see if BHA,BHT,and propylne glycol are listed in your treats and foods, both dry and canned. These Will Kill pets."
75209,75210,B0026RQTGE,A6I1EZIX2J0RB,The Baroness,6,14,1,1338681600,Fatal,"Why aren't there more negative reviews on the site?  Greenies are known for the harm they've caused many dogs; just look it up to see for yourself.<br />Years ago, my Pomeranian died due to biting off a chunk of a Greenie bone and having it obstruct her intestine.<br />It was a painful and horrific death and I found out the same thing has happened to many other dogs to the fact that they are full of cellulose fiber.  There are many other types of teeth-cleaning bones out there that WON'T seriously injure your dogs.  They're probably cheaper as well."
75210,75211,B0026RQTGE,A3V9JILD26W620,C. Scopa,2,7,1,1296432000,My dog won't eat them,"Bought these for my little shih-tzu a few months ago and he just will not eat or even chew on these things. And he's a chewer! Chews on everything else in the house, anyway. I tried coating it in peanut butter and he ate the first one, but the next time I tried he knew I was trying to trick him and wouldn't go near it."
75211,75212,B0026RQTGE,A39JZ9W8P2PIFU,Vivek Puppala,2,7,3,1292371200,Best price...,"I'm not sure how much I like this product because I'm always a little concerned our puppies might choke on the Greenies which tend to be a bit small.  When it comes to oral hygiene, I actually prefer the CET chews:  <a href=""http://www.amazon.com/gp/product/B001P3PR54"">C.E.T. Enzymatic Oral Hygiene Chews for Petite Dogs, 30 Chews</a>.  Having said that, if you already know you like Greenies, this seems to be the best price anywhere..."
75212,75213,B0026RQTGE,A22JW7FCT9ASWE,Allie,24,47,1,1253318400,Be careful with wheat gluten,"I'll admit, I am reviewing a product I have not used.  The reason is that wheat gluten is about the #1 cause of allergies in dogs.  When wheat gluten is broken down it gets very sticky, so it coats the cilia of the digestive tract.  This can cause irritation, and cause the immune system to actually destroy the lining of the intestines.  This means that your pup might not be able to absorb all the nutrients he is eating.<br /><br />Often allergies show up as 'hot spots' where the dog gets itchy and possibly scratches fur off.  The problem with food allergies is it's possible that they won't be obvious because all the damage will be internal.<br /><br />So, I have not seen a problem with this product, but I have known dogs who have had terrible reactions to wheat.  It's the same things as ""gluten intolerance""in humans, but it's much more common in dogs who are not quite as good at digesting grains.  Wheat flour can be bad enough, but including concentrated wheat protein is much worse - because that is what causes the allergies."
75213,75214,B0026RQTGE,A3P8WFZ3ZPA0AX,brittany,0,4,1,1348099200,Find another treat,"I have an almost two year old lab mix named Ares. I willingly admit to spoiling him and didnt mind getting him these over priced treats. His vet told us that his joints were in need of attention so I took it upon myself to buy Greenies treats that support joint care for large dogs. I started with a small bag to see if he liked them which he did. He was in love with them. I noticed he had a bit more gas than usual coupled with some less solid poop, but I didnt really read to much into it. After giving him these treats he farted almost constantly! He also had diarrhea on a regular basis.Within a week of feeding him these on a regular basis he would stay in the squatting poop position for about three to five minutes every time he pooped trying to get more out. Once he got to the point that he was leaking diarrhea onto my floor it hit me. I called his vet who advised me to discontinue use of this horrid product. After which I looked up reviews and was horrified at what I read. This stuff is posion. Its killing dogs and cats. DONT LOSE YOUR BEST FRIEND OR WASTE YOUR MONEY! Find a better product. Your best friend deserves it."
75214,75215,B0026RQTGE,A3PPFW1RHMAULY,Rob,0,4,3,1316304000,NOT LONG LASTING,"I bought two of these at a pet store. One for 100lb plus dogs. My lab is 45 lbs. She consumed it in minutes.<br />I also got a small one for my older chihuahua mix, she consumed it within minutes.<br />Long lasting they are not !<br /><br />Bull sticks are the only item I have found that last a while. However they smell bad. Even the so called orderless ones."
75215,75216,B0026RQTGE,A2W94QQDJY47R7,lilyponds,1,6,1,1309132800,Greenies Made My Dog SICK,"Do not buy these for your dog! I made the mistake of not researching Greenies Dental Chews online before buying these. If you Google the Greenies and how sick it may make your dog you will be shocked these are still on the market. Dogs have died eating this deadly poisonous treat.<br /><br />I saw the reviews on this product and I bought the teenies for my Yorkshire Terrier and gave it to him at night after his dinner. I figured since its for 5-15 lb dogs and his first time, I'll give him just half of the teenie. The next morning he didn't eat and he threw up bile and some of the food he ate from the night before. And remember I only gave him 1/2 a piece; imagine if I gave him an entire piece, it might get obstructed in his intestines.<br /><br />I complained to Amazon and they wanted to send me a replacement. Seriously? Like after all that for making my dog sick, you think that I should try it again? Plus they wanted the Greenies back. For what? To resell this poison? They wouldn't even mail me a box to return it. Eventually they just decided to send me a refund and that I can discard the Greenies.<br /><br />I just want to warn pet owners of this danger. There are plenty of similar complaints on this product if you research online. Please take care of your pets!"
75216,75217,B0026RQTGE,A2XYBW17T0KI5R,mmq1943,0,5,2,1325030400,wrong size,I ordered the large size but received the regular size for dogs 25-50 lbs.  My dog is 75 lbs and needs the other size.
75217,75218,B0026RQTGE,A3HHLRVCGQW0L7,Julia Kuiper,1,7,1,1303084800,Didn't receive what I ordered,I ordered the Teenie pack of Greenies that was supposed to come with 96 teenie sized chews. I ended up receiving a pack with 52 teenie sized chews and 8 large chews. I returned the product because I did not receive what I ordered. Amazon couldn't replace my order because they couldn't guarantee I would get the right product if ordered again.
75218,75219,B0026RQTGE,A3KDKU5A4MS3K3,A. Prouty,3,11,1,1340150400,PLEASE RESEARCH BEFORE GIVING TO YOUR DOG!,"Read the stories online....dogs have died from Greenies.  I gave my 50lb pound dog Greenies for the first time 2 weeks ago, and she became very very sick for more than a week.  She was vomiting and having potty issues the entire time.  These cause blockages and do not allow the dog to fully digest.  I can't believe these are still on the market.<br /><br />From one loving pet owner to another - DO YOUR RESEARCH BEFORE GIVING YOUR DOGS GREENIES!  TRUST ME."
75219,75220,B0026RQTGE,A29MUI0NWN37UT,B. Kay Thompson,2,11,2,1227484800,less than I ordered,"The ad says 30 regular greenies, but the package I received says<br />27 greenies."
75220,75221,B0026RQTGE,AHL0TI6H9FALR,"Old School but Kicking ""Foggy""",7,25,1,1278374400,"The Ultimate Consumer ""Fraud.""","We have two St. Bernards, one of whom is close to ancient, and last year she developed a dental problem.  Someone mentioned GREENIES and off we went to find our old girl something to help her age gracefully and hopefully without pain.  Well, she just loved them - as did the younger Saint - and here we are a couple of thousand dollars later wondering how to wean at least the younger dog off these obviously addictive green hard gel bones that don't have a single expensive ingredient in them.  The packaging, however, is nicer than that of most department stores but just how many of those boxes do I really want?<br /><br />I have calculated that the most expensive dentist around here would have cost less than the dent Greenies have made in my pocketbook.  So this is a warning to first time browsers - move on to another product that might well do the job for a third of the money.  A stop at your local butcher's shop could be cost saving compared to these overpriced pieces of strange green.  Someone should tell these folks that we are inching toward a depression because to date their reaction to what must be declining sales is to just keep upping the price."
75221,75222,B0026RQTGE,A2PZYE86MWEXB6,L. Arrowood,1,15,3,1252800000,Greenies,I do not recommend these for people.  My dog seemed to enjoy them.  They were too big for my cat.
75222,75223,B0026RQTGE,A24PH6RGFDHXHU,"rolf neumann ""junglerolf""",1,24,3,1243728000,Greenies never has clear description,"hello,<br /><br />i don't care if it's manufacturer's or Amazon's description, but it's weak. 1, you can't blow up product picture. 2. description is inconsistent. sometimes it states quantity in box, but most of the time, it does not, as with this size ""petite"". by the way, can someone tell the manufacturer it's bad french, there's no ""e"" at the end?!<br /><br />thanks"
75223,75224,B0026RQTGE,A21JE17TFAHQEA,Caroline,2,2,5,1315612800,My dogs love these,"The thing I like about the senior Greenies is that they seem a little bit softer than regular Greenies, so they are easier on my dogs' teeth (I have 6 dogs, 5 seniors and only my 9-toothed senior Doxie doesn't eat them)."
75224,75225,B0026RQTGE,A1TZFCI1R9FOJM,"Lois Wilson ""dog lover""",2,2,4,1312934400,My dogs love these,I have five dogs and feed these daily to help keep their teeth clean.  My only complaint is that they are quite expensive to feed on a daily basis.  Wish there was a way to buy them in bulk.
75225,75226,B0026RQTGE,AR4R0I0ISSUJ5,Woody1,2,2,5,1312070400,"Great treat for dogs, plus ""lite""",These are great for small dogs. I have two dachshunds and I love that these are lower in calories. I cut them in half because they get more than one per day. They like them as much as the regular ones.
75226,75227,B0026RQTGE,A15RYTNK30XJ7R,"Brett L. Colvin ""Threshershark""",2,2,5,1306195200,Greenies are the Best,"My dogs get more excited over Greenies than any other treat.  I have one German Shorthair that is a notoriously finicky eater, and she has flat-out refused many varieties of dental bones.  Not only do the Greenies do a great job of keeping her teeth clean, but she practically does back flips when it's time for her daily chew.<br /><br />I have pointers between 45 and 60 pounds, and the regular size is great for them.  Greenies are not a chew that will last very long (usually about 30 seconds with my dogs) - but they do the job.  The chew's consistency is just right for a dental bone.  I give one to each dog after their evening meal, and afterwards there is no food residue left on their teeth.<br /><br />Dental bones aren't the kind of treats that I use frequently or for training.  I give 1 per day to help with oral hygiene.  Based on that use of this product I have yet to find anything that compete with Greenies."
75227,75228,B0026RQTGE,A10ANM54XQLSG3,aballen,2,2,3,1302307200,"Large size is ""small""",While my dogs do like the chews the picture is misleading. The actual package is small and so are the chews ( even the large size)<br />My dogs' breath is a bit better but I'm not sure they are worth the price.<br />I'll be trying other brands.
75228,75229,B0026RQTGE,A3BI6G5Y70AF2I,Jon Paul Nichol,2,2,4,1297814400,Hate to pay the price,"This appeared to be the best price around, but I still don't like paying it!  Wish my dog would eat pigs ears, but he has to have his ""toothbrush"".  My vet also sells these and I do trust him, so maybe ""Max"" knows best."
75229,75230,B0026RQTGE,A2MC5PRPKM4ELL,L. K. Nguyen,2,2,5,1292803200,My dogs LOVE these,"I have two Chihuahua/Yorkie females (age 5, both 7 pounds) and they absolutely love these -- it helps their breath smell better too.  It's a win-win situation!  I give them each one a day.  Amazon's price of $22.95 for 96 beats the price at my local pet store by a full ten dollars!"
75230,75231,B0026RQTGE,A2AXT8JUEJ3NF4,"carriew ""carriew""",2,2,5,1287878400,Greenie is my dog's other name,"The fur kid loves these & vet has commented on how clean her teeth are for a seven year old.  They're pricey, but for a once a day treat I think they're worth it for keeping her teeth in good condition, not to mention seeing her big grin when we open the container.  We should've named her ""Greenie"" because that one word gets her attention like nothing else will."
75231,75232,B0026RQTGE,A74SHV5ZD3RLT,"R. Ellis ""Bobby""",2,2,5,1271548800,Great product and free shipping to AK.  Can't beat that!,"I thought I would write a review because I have seen some negative ones out there. In particular, ones about dogs vomitting green sponges after eating them.<br /><br />My girlfriend and I have a little maltese (Dexter). He's a little over two years old and loves greenies. Absolutely loves them. They're his favorite treat. He loves to hide them and then go back for them later.<br /><br />A couple things to watch for... the package says to only feed them one a day. We were feeding him like 3 or 4 a day. We thought it was like a dental treat and couldn't hurt. We've cut it back to one a day and every once and awhile we'll give him two.<br /><br />Another thing, they can be messy. When we first got him and he was tiny, it would take him awhile to eat them. Once they get wet, they tend to stick to things. Now that he's older, he eats them pretty fast so there's no problem.<br /><br />We've never had him vomit from them, ever. Even when we were giving him 4 a day. He loves them and has never gotten ill from them. One time, he got into the package when we weren't paying attention and hid them all over the house so he probably has a secret stash somewhere.<br /><br />I would stick to the product recommendations (if you can) and if your dog is like ours, he'll love them."
75232,75233,B0026RQTGE,ABKL22UYV62F9,Lynn Fir,2,2,4,1255564800,Good stuff,"Dog loves these - and he's about an 85 lb chow/german mix, so the large size is good for him.  I guess these are good and healthy for dogs - supposedly they are - but they're also pretty expensive.  These are also chewy - so it only takes him about 1-minute to devour - so you may want to take that into consideration if you're looking for something that will last a little longer . . ."
75233,75234,B0026RQTGE,A2XQ1T2VI9BJ3D,Jsep,1,1,2,1347321600,keeps breath fresh but gives diarrhea,"I bought these without first doing some research. I was giving these to my dog for a few days, her breath was great and I felt good that her teeth were also being cleaned aside from brushing. I noticed she was getting diarrhea didnt really think it was the greenies until I did research and found alot of dogs have digestive issues over this stuff and some small dogs have even died. My dog is 60lbs not small but it was affecting her stomach. I stopped for a week and her stool was back to normal. The other day I gave her one greenie to see how she would react and 12hrs later the diarrhea is back. She had it all day yesterday and some this morning, hopefully tomorrow it is all gone but these greenies are now in the garbage and I am in search of other dental chews."
75234,75235,B0026RQTGE,A1INZJRJE8PSS1,Keane's Mom,1,1,4,1345852800,Great Deal???,Purchased for a good price.  My Chihuahua likes them. Did a subscription and received tub for $16.92. However a week later went on line to find the subscription price had gone up to $20.99 and no notification was sent to inform me of price increase.
75235,75236,B0026RQTGE,A2F2YIDSUJ9L3T,luv2travel,1,1,5,1344384000,My dog loves these.,"After having 11 teeth pulled by the Vet, I had to find a convenient way to brush my dogs teeth.  I have used these for 6 months and he has not had any more teeth problems.  he loves the taste and he has fresh breath."
75236,75237,B0026RQTGE,A5Z6TIROUVA5O,"J. Lai ""JL""",1,1,3,1338076800,Dog likes it,"These are great, but I read horror stories about dogs choking or being unable to digest it so I have decided not to give them to my dog anymore. However, there was an article indicating that they changed the ingredients so that there wouldn't be a choking hazard, but I would rather be safe than sorry."
75237,75238,B0026RQTGE,A1GXFE8IJPEMHV,monique Hegede,1,1,5,1335916800,"Greenies Dental Chews for,Teenie","I have a little Shi-Tzu...Every day at 3:oopm she gets a greenie.She never forget,She stare at me with her lazer eyes until I go to the package and give one greenie. She loves your product and cannot live without it."
75238,75239,B0026RQTGE,A2O1WK192H2FIX,GranRM,1,1,5,1331856000,Dog Loves Greenies,My dog loves the Greenies and they actually do work for him as his teeth are whiter and breath is fresher.  I have tried other brands and had to come back to the Greenies!
75239,75240,B0026RQTGE,A19BB0YVL2U5MW,Ann Ammons,1,1,4,1330473600,Our dogs will do ANYTHING for a Greenie,"I have 2 small terriers who aren't really interested in any kind of dog toys (except rawhide ones, which they choke on) but they LOVE Greenies.  I can get them to do almost anything if I mention ""Greenie"".  I do wish Greenies were a little harder.  The dogs polish them off so quickly that I don't think they really are helping clean the teeth very well."
75240,75241,B0026RQTGE,A3BSV8EOS43FVN,Molly's Mom,1,1,3,1329091200,Greenies,"My medium sized dog will not chew rubber bones.  So I bought greenies hoping the chewing would help keep her teeth clean.<br />she is overweight so I don't give her extra treats during the day.  Unfortunately the Greenies are not as hard as I thought, she is able to bite off and swallow the pieces within a minute or two."
75241,75242,B0026RQTGE,A1UGRR7QI5TGAF,"L. Tsutsui ""Sumiko""",1,1,5,1327363200,Good deal,The dental chews were the right size for my golden retrievers.  They love them.  The chews arrived promptly and in good condition.
75242,75243,B0026RQTGE,A3UCXYEAV06AHA,E. Murano,1,1,4,1326844800,My dogs love Greenies!,"My dogs get one greenie everyday.  I like that they offer a lite version.  I was giving them the teenie version that has 96 greenies which took less than 1 minute to consume.  Since they are 14 lbs and 19 lbs, I'm happy that they offer the petite size which takes them a couple minutes to consume."
75243,75244,B0026RQTGE,A4SCR2I3HAKOU,Bentley,1,1,4,1326499200,favorite treat!,"Bentley LOVES Greenies!  He has a lot of tartar and he is only 2 1/2 so we use them hoping it helps.  He gets one every night if he has finished all his food.  He will go to the closet and cry if I forget.  All I have to say is ""puppy crack""  and he goes crazy for it!  It seems to be helping, but I can't really tell but we will continue using it always.  I priced them several places and Amazon was the best deal."
75244,75245,B0026RQTGE,A1SIQ6HIRR24LA,Critic,1,1,5,1326326400,My pooch's absolute favorite chew treat!!,"All my dogs have absolutely loved Greenies, though my latest little guy tends to gain weight in the winter, hence Greenies Lite!  This is the treat that my dogs will literally DANCE for, so when I can find these tubs for a great price, I grab them!  They really do prevent stinky breath and keep his six-year old doggy teeth looking good.  This was a ""home-run"" hit under the Christmas tree!"
75245,75246,B0026RQTGE,AA5D2Q1O4ZMG8,D. Morris,1,1,5,1326153600,My dogs go crazy for these,"Heaven forbid that I should run out of these, so I usually order more than one box at the time. My dogs are small, so I always buy the LITE Teenie Greenies. My dogs love these so much they will do anything I ask them to do just to get one. They will come to me when I call them, no matter where they are, if they think they'll get a greenie reward. I give each one of my two little dogs a greenie everynight before their bedtime, and they know the routine so well till one of them runs to her bed and actually opens up her kennel door with her paws, then climbs in and waits for her greenie. I have never seen a dog yet who did not love greenies.  Even my almost toothless fourteen year old schnauzer loves her some greenies."
75246,75247,B0026RQTGE,A1R2P31TRJDBNA,franushk,1,1,5,1325894400,Great Deal,"My dogs go crazy for these! It really does help w their bad breath, and it keeps them busy for a little bit."
75247,75248,B0026RQTGE,AGPFYP19KYQ5Y,"miss,m ""Mrs. O""",1,1,5,1325462400,Dogs Love Them,"great value, arrived quickly.  My two dogs love these treats and they are great for their teeth. Another great purchase"
75248,75249,B0026RQTGE,AEYZ1P2RQTEYQ,brittnny9,1,1,5,1325203200,amazing value price.,"I have 2 small dogs, that absolutely love greenies, In stores such as pets mart or pet co they want $35+ on sale for a pack this large. I always order on amazon. who doesn't want to spoil their dogs at a great price while keeping their teeth white and gums healthy."
75249,75250,B0026RQTGE,A27GWENVCZIO2Q,"rei the dog ""rei""",1,1,4,1325030400,dog likes them,"my dog loves her greenies, and it is better to buy them in a tub-pak because you get more for your money"
75250,75251,B0026RQTGE,A3IW9KBW4JV32X,"N. Chiocchio ""Nick C.""",1,1,5,1325030400,"Great treat, dog loves them!","My Black Lab loves these treats, I need to keep them on hand so I buy two boxes at a time. The ziplock bag closure keeps the treats fresh and keeps the pantry from smelling like greenies (nice for the dog, not for us). This also appears to be the best pricing."
75251,75252,B0026RQTGE,A3QYM2BMU19PE7,S. Spurlock,1,1,5,1324857600,My dogs love them and they really work!,My two dogs love them. All I have to say is it's greenie time. I have checked their teeth and they have improved so much. My vet recommended them and I'm glad that I bought them. Amazon delivery was fantasticly fast!
75252,75253,B0026RQTGE,A23QGDSKN3IVBH,badmustang,1,1,5,1324252800,Great treat for you dog while improving their tooth health,"Greenies are a great product that dogs love and while they are enjoying their daily treat, they are actually keeping their teeth  and gums clean.  I always share the information on Greenies when people ask how I keep my 6 year old Yellow Labradors teeth so clean.  I'd always thought they were a bit expensive but Amazon has brought them to us at a more affordable price.  We have chosen the lite variety to keep our lab a bit trimmer in weight.  A good product at a reasonable price....Thanks"
75253,75254,B0026RQTGE,A2SKFXXDYS5CMI,Jennifer,1,1,5,1322611200,Yorkies love em,This is a great product. My dogs love them. In fact they will fight over who gets one first. The teenies are the perfect size. It is one of the few treats I can safely offer my smallest yorkie. They both seem to listen very well when I pull out the bag.<br /><br />My vet says that for yorkies they both have very little plague. It beats trying to use the small brushes to brush their teeth.
75254,75255,B0026RQTGE,A16XF2UHIGU8VS,"Elsie M. Paroz ""Plywood worker""",1,1,5,1322179200,Greenies for My Dogs,"I recently found Greenies at Amazon. My dogs love them and I found them cheaper on Amazon than I can get them locally.They are a treat that, also, keeps their teeth cleaner and their breath smells good. When my dogs are happy, I'm happy and with Amazon's price, my wallet is happy!!!!!"
75255,75256,B0026RQTGE,A355N68F3UJPA,"Suzanne M. Webster ""Suzanne""",1,1,5,1322179200,Great gift for your favorite small dog!,"I purchased these for my 19 lb beagle.  They actually came in a holiday box (I didn't know this until I opened my amazon box), which would've been great had I been giving them as a gift.  They are the perfect size for my dog, and she devours them!  Note:  It is recommended that you give your dog only one treat per day."
75256,75257,B0026RQTGE,A226UEOQJEECZR,Chris,1,1,5,1321142400,Good price and fast shipping,"I am happy with the service of this company.  Fast shipping and great communication.  Also, the product helps keep my dogs teeth clean and breath smelling great.  My dog gets Greenies every night and reminds me at 8 PM that it is time for Greenies."
75257,75258,B0026RQTGE,A3COGF8HVN6IPZ,madhatter,1,1,5,1320019200,Wonder where the tartar went.............,"I was a skeptic.  I thought I would have to have my dogs teeth cleaned by a vet at a cost of $150.00 plus.  Their breath would knock over a horse.  Then I heard of Greenies!  Wow can I say, bright teeth and great breath and I feed them only 1/2 of a regular one a day.  They love them! Great product, fast shipping, there is nothing more that needs to be said."
75258,75259,B0026RQTGE,A3OIE7IE9LTPJG,GatorMan,1,1,5,1319673600,Great Bundle will last forever for small dog.,Make sure you have a small dog...Big Dogs might choke on these if they get to anxious...  But there are a ton in this box - a great value and they do whiten the teeth very well - see all the great reviews.  Help your dogs teeth if you don't want to brush them like me.
75259,75260,B0026RQTGE,A1HZIWB1RGW7RM,Danny Knowles,1,1,5,1319673600,Greenies,These are the best things since sliced bread.  I have been giving my dogs this treat for quite awhile.  My dogs love them and they were very reasonably priced.  I paid you $18.95 plus shipping and at Petsmart they are $32.99 plus tax for the exact same amount.  Thanks for the good buy.<br /><br />Sincerely<br />Danny Knowles
75260,75261,B0026RQTGE,A1Q5SEO5O6E0L4,brendab,1,1,5,1319673600,my dog loves these,My dog loves these.  I received a sample at the vet's office where I got my puppy and he loved them.  I like the fact that they help to clean his teeth as well as satisfy his need to chew.
75261,75262,B0026RQTGE,AFMF7YL0PKFIM,Jan,1,1,5,1319068800,Greenies Dental Chews -Teenies,"Oh my gosh, we cannot be without Greenies at our house or I will have a very unhappy doggie.  She seems to know the exact time of day that she will get her greenie, and just wags and begs for it right after dinner.  I order from Amazon because the price is the best I have found and the delivery is fast and convenient.<br />I am a huge fan of Amazon, they treat their customers right and makes all purchases/returns very easy."
75262,75263,B0026RQTGE,A3QXDQF5L6XOTS,HalfGeek,1,1,5,1319068800,"Great product, great price","Same thing you buy for a lot more at other stores. Not much more to say about.  I love it, she loves it, and I've bought it again numerous times."
562970,562971,B007JFMH8M,A368Z46FIKHSEZ,"jaimoi ""Appreciator of good music""",0,0,5,1343433600,Delicious!,I love these cookies!  Not only are they healthy but they taste great and are so soft!  I will definitely add these to my grocery list!
562971,562972,B007JFMH8M,A1JAPP1CXRG57A,"Linda Painchaud-Steinman ""PARK EDGE BOOKS""",0,0,5,1343433600,Great Anytime of Day!,"Quaker Soft Baked Oatmeal Cookies with raisins are a delicious treat, great for anytime of day.  For example:<br /><br />--at breakfast, I had one with a large banana and a cup of coffee, and felt I'd had a relatively ""healthy"" start to the day.<br /><br />--the next day at lunch, following a tuna sandwich, I had one with a glass of milk, and was satisfied enough to not need a snack before dinner at 6:30.<br /><br />--the following night, after dinner, I had one with the remainder of my glass of wine. (Delicious!) And again, didn't feel the need to snack later in the evening.<br /><br />Each cookie is individually packaged, and their texture is soft and moist, with just the right amount of sweetness. Natural flavors used in the making are Cinnamon and All Spice.  These flavorings give the cookies a real old-fashioned, homemade taste.<br /><br />Nutritionally, the cookies have 170 calories each, 1.5g saturated fat, 150 mg sodium, and 12g sugar. They also have 2g of protein, and contain 25g of fiber.<br /><br />While the calorie count may seem a bit high for one cookie, they are good sized, and 1 cookie per serving is certainly enough to satisfy.<br /><br />Because of their great taste and texture, kids will probably enjoy them also.<br /><br />If you like oatmeal raisin cookies, give these a try!"
562972,562973,B007JFMH8M,A2Z9JNXPIEL2B9,carwash169,0,0,5,1343433600,Very good!,"I am usually not a huge fan of oatmeal cookies, but these literally melt in your mouth. They are so soft and tasty! I would definitely recommend these to someone who loves oatmeal, and even those like me who would probably pick a different flavor over this one."
562973,562974,B007JFMH8M,A31CYJQO3FL586,"P. Titus ""Knitgirlll""",0,0,5,1343433600,Quaker Oats Oatmeal Raisin Mom Voxbox Review Courtesy of Influenster,"I participated in a product review that included a sample of <a href=""http://www.amazon.com/gp/product/B007JFMH8M"">Quaker Soft Baked Oatmeal Cookie, Raisins, 8.8-Ounce (Pack of 12)</a>.  Okay first of all I love Oatmeal Raisin cookies and this one was no exception.  It was great!!! Soft n chewy, nice portion size and and as always a high quality product from Quaker Oats.  Thanks to Quaker and Influenster to for including this in their Mom Voxbox.  If you haven't tried it you need to and make sure to share it with the family."
562974,562975,B007JFMH8M,A2KXQ2EKFF3K2G,Jessica,0,0,5,1343433600,"Quick, simple HEALTHY snack for the kiddos!!!","My kids loved these. I was very pleased to give my kids a quick on the go healthy snack before soccer and acne practice. They loved the flavor, I loved that its healthy."
562975,562976,B007JFMH8M,A2U5TAIAQ675BL,Jazmin,0,0,5,1343433600,Quaker Soft Baked Oatmeal Cookies,I really enjoyed these individually wrapped big oatmeal cookies. They are really soft and chewy. You can buy different flavors. I will definately be repurchasing these cookies in the future. They are delicious and super healthy too.
562976,562977,B007JFMH8M,A1R4PIBZBD3NZ0,inca_p,0,0,4,1343347200,Yummy,"I was surprised at how soft the cookie was. I usually buy Little Debbie's cookies, and I noticed the Quaker Soft Baked Oatmeal Cookie was bigger and had a bold taste."
562977,562978,B007JFMH8M,A1ECQ8LJMXG4WI,Lou,0,0,5,1343347200,Wow!!!!!,Filled with oats and raisins you'll love this snack ..... Delicious and nutritious ..... what else is there to say.... you can't beat that....
562978,562979,B007JFMH8M,A3MSG4E5MLI1XP,kmcwhorter,0,0,5,1343347200,"soft, chewy, yummy!","I was recently given a complimentary ""vox box"" from influenster, call the mom vox box. It came with various products in it for me to try out and review the products inside. One of the products i received was a Quaker soft baked oatmeal cookie ""raisins"" flavor. When i opened the cookie wrapper, i gave half of it to my 3 year old and i ate the other half. I was immediately surprised by how soft the cookie was when i was splitting it in half. It was like a really really good home baked cookie. Soft, chewy and tasty. I normally do not like oatmeal raisin cookies, due to the raisins, but this cookie was surprisingly yummy. My three year old loved it so much that we had to go out and buy our own box. The cookies are soft, chewy, yummy, and healthier than other kinds of cookies, so  i would definitely recommend this product to people that have kids for a healthy yummy substitute to other sweets"
562979,562980,B007JFMH8M,A3BUDUV9GORLWH,michrabbit,0,0,5,1343347200,so soft and good,"the best and freshest cookie that comes in a package, we ate them up, wishing we had more. soo good"
562980,562981,B007JFMH8M,A3HW0FYDWOUP3D,Sailorwife76,0,0,5,1343347200,Chewy deliciousness,I am a huge fan of the Quaker Chewy cookies! The moist cookies are satisfying and not too sweet. The high quality ingredients are a crowd pleaser. A must have for any car trip! After one cookie I was hooked. Highly recommend!
562981,562982,B007JFMH8M,A2AH0NQIVXE3HL,ponpon6,0,0,5,1343347200,the bomb,yummy and delicious. i love eating it when it when its warm. the best store bought cookies! cant wait to buy more!
562982,562983,B007JFMH8M,A2ZGYBGUC2O3DG,C Jo,0,0,5,1343347200,Deliciousness,"I received a Quaker Oatmeal Soft Baked Oatmeal Raisin cookie to try/eat for free from Influenster [...]). I shared the cookie with my kids, and we gobbled up the cookie faster than you can say ""Quaker Oatmeal Soft Baked Cookies."" It was soft (as advertised) and included a sufficient amount of raisins to make me happy (I like raisins). It was soft without being crumbly, moist, and not too dense (some oatmeal cookies are pretty dense). I highly recommend this cookie to anyone thinking of trying it for the first time:)"
562983,562984,B007JFMH8M,A1SYBOB4WOOTTO,Danielle,0,0,5,1343347200,Yummy,These cookies were so good. Can't wait to go out and buy some more! A good snack when you don't want to over-indulge yourself
562984,562985,B007JFMH8M,A3DJKYKNPY6VD5,Pen Name,0,0,5,1343347200,awesome cookies,I received these in my MomVox box from influenster! I loved it! Oatmeal cookies are my favorite and these are by far the best store bought brand I have tasted! I recommend these to anyone with a sweet tooth trying to stay healthy.
562985,562986,B007JFMH8M,A35R5NGXV8YXJC,RF,0,0,5,1343347200,Home-baked taste without the fuss,Quaker Soft Baked Oatmeal Cookies taste just like the cookies my grandma used to bake. Great to take as a quick breakfast since it is made with whole grain Quaker Oats.
562986,562987,B007JFMH8M,A1SXVTJXIYPKF5,Heather S.,0,0,5,1343347200,Yummy Whole Grain Goodness!!!,"These cookies are a real hit with my children! I received a sample from @Influenster in my Mom Vox Box. I enjoyed the sweetness, yet whole grain taste (which I love) and the moist raisins. This cookie would be perfect for breakfast, snack, or dessert! What could be better than that?! I love these cookies and definitely will be buying more!"
562987,562988,B007JFMH8M,AM3E6SVW2M0X3,avbfarm,0,0,4,1343347200,Quaker,I really enjoy Quaker's products and the fact that they are more healthy than most other products. These were really good especially if you like raisins.
562988,562989,B007JFMH8M,A3MCMVDYBTDFJ3,margaret antonia martinez,0,0,5,1343347200,So soft!,This was the most delightful cookie i ever tasted. I was very surprised on how soft and fresh it tasted. It makes a great snack on the go as well! I tried the chocolate almond as well and YUMMY! Quaker hit  this one out of the park!
562989,562990,B007JFMH8M,A1KNO1B2QQL16M,"A. Murphy ""His Crown""",0,0,4,1343347200,On the Right Road,"Quaker used some good ingredients in the cookie and one cookie eaten amongst four kids did not meet the nutritional panel for one cookie. Even if one cookie was eaten by them each the nutritional panel was pretty good.  So, I can be a happy mom about the children eating the cookie"
562990,562991,B007JFMH8M,A3PM5X6Z3B36K,Uncreative Mommy,0,0,5,1343347200,Quaker Soft Baked Oatmeal Cookie,"My daughter stole it from me and ate it, I guess it's a good thing I can't stand oatmeal.  But both my kids are already huge fans of all things Quaker so it's easy for me to write this review.<br /><br />Quaker Soft Baked Oatmeal Cookies are chewy, nutrition and according to my kids, DELICIOUS.  They are made with Whole Grain Quaker Oats, individually packaged at $2.69 for a box of 6, is a good source of fiber, only contains 6 grams of total fat per cookie and sold pretty much EVERYWHERE!"
562991,562992,B007JFMH8M,A2GLT67QUPVQSF,Shari,0,0,5,1343347200,Delicious and healthy!,"I loved this delicious cookie! I even shared it with my 11 month old, and I'm a pretty big health nut when it comes to what I feed my daughter. It tasted great, was a great portion and it's not full of fats and sugars like all of those other cookies!"
562992,562993,B007JFMH8M,A1VS92UYKY0GHN,jillian trapuzzano,0,0,5,1343260800,Yummy,I enjoy these cookies... They taste like my grandmas homeade cookies.. Plump and super soft!!! I can't wait to try the other favors made by quacker.l
562993,562994,B007JFMH8M,A1HI90UH876FKB,Todd,0,0,5,1343260800,Amazing Cookies!,"These cookies have perfect flavor, excellent moist/dry combination and are very soft. They melt in your mouth. I love the taste, I could eat box after box!"
562994,562995,B007JFMH8M,A5H2KQ06DLGWW,mikoto127,0,0,5,1343260800,Delicious,"Received this through VoxBox and loved it. My son ended up with most of it, which is fine. Excellent product to keep on hand or in the diaper bag."
562995,562996,B007JFMH8M,A184ZFZZBWEXMS,"Marilyn C. Martin ""Love's Pixiebobs""",0,0,5,1343260800,very tasty,"I love oatmeal cookies and have made them at least hundred times.  I love my cookies, but these come in a very close second to my under baked, soft homemade ""vanishing oatmeal"" cookies.<br />There's some ingredients in these cookies that I don't find in my kitchen cabinet, but if you're not against prepackaged food, it shouldn't bother you.<br /><br />I loved the allspice taste, but my guy friend didn't that much.  I think he's just partial to my cookies.  The individual serving size is nice.  I'm more apt to just have one cookie this way rather than opening a whole box and having to eat them before they get stale.  I could say that individually wrapping the cookie saves me from just having one more and one more and..........<br /><br />They are delicious and make me feel like I'm eating something that is somewhat healthy for me.  After all, there is oatmeal in the cookie."
562996,562997,B007JFMH8M,A1JE9RKJSQ9WGO,Angela Heller,0,0,5,1343260800,Yummy,I love the soft bakes oatmeal raisin cookies.  The subtle taste of the oatmeal with the natural sweetness of the raisins is wonderful.
562997,562998,B007JFMH8M,A35MLIRKBT4BYA,Caryn Haase,0,0,5,1343260800,Yummy in our tummy!,"I was pleasantly surprised when I tasted these oatmeal cookies, they were delicious. It is a great go to snack when you are out and about and need something quick... and the kids love them!"
562998,562999,B007JFMH8M,A3GJEEX2OZB1C4,Elaina B,0,0,5,1343260800,"I usually don't like soft baked cookies, but....","This was delicious. I was hesitant about trying it, but I was pleasantly surprised. It was so delicious and soft. I like my cookies crunchy and well done. Lol When baking my own I usually lightly burn a few for me. But this cookie was so good. I think I will make an exception for the Quaker Soft Baked Oatmeal Raisins"
562999,563000,B007JFMH8M,A2PMWI7ZJ0AU2N,Karla,0,0,5,1343260800,Delicious!,"I received a free sample of these cookies through Influenster and immediately got hooked on them. They're are so soft, perfect for anytime but specially for breakfast. My son loved them even though he doesn't like Oatmeal. I had to purchase more and now we treat ourselves every morning to a yummy cookie."
563000,563001,B007JFMH8M,A2RF55IVDK96SD,"J. Clark ""Joyce C.""",0,0,5,1343260800,A very good Cookie!!,"I loved the texture, the natural taste, and the softness was just right!!! If you are wanting a good cookie to take o the go, or for anytime, this is a very good choice!!"
563001,563002,B007JFMH8M,A2WSAGFJSQC1YF,Crease in the Page,0,0,4,1343260800,"Good, but not homemade.","First thought--not as good as homemade.  Second thought--good anyways.  Homemade oatmeal cookies are chewy, moist, a slightly crisp outer layer... but these cookies are cakey throughout.  The other thing that sets them apart from homemade cookies is a slight taste of preservatives--or something--something different and packaged-tasting about the flavor.  They're not too sweet, which I like.  My kids have started revolting against granola bars and protein bars as snacks on our day-trips--I think this would be a good thing to take instead.  Filling, good energy boost, tastes better than an energy bar."
563002,563003,B007JFMH8M,A2GSJUETASGMO0,rose thyme,0,0,5,1343260800,Very Good Oatmeal Cookie,"These are nice soft, spicy oatmeal cookies with a rich molasses flavor.  They are a perfect single serving size, in a perfect individual wrap.  They have a good taste, natural, not artificial and are a satisfying snack.  I would buy these to take for a snack or lunch."
563003,563004,B007JFMH8M,A1S78V0MOUYFUA,L A.,0,0,4,1343260800,Very good cookie,"Good store bought cookie comes individually wrapped so every one is fresh.  Has a slightly burnt flavor, the bottoms of the cookies were very dark, almost burnt.  Soft and chewy with a sweet tast, could use more raisins and a stronger oatmeal flavor.  Overall, I liked them and my son loved them.  I guess the younger folks will like how sweet the cookie is.  Not like homemade but very good for store bought."
563004,563005,B007JFMH8M,A1RXO6AXR1ROQB,Mal,0,0,4,1343260800,SO GOOD!,"i was surprised i liked it! i normally don't like oatmeal cookies, but these were sooo soft and chewy. it was delicious. i shared one with my daughter and she wolfed it down!"
563005,563006,B007JFMH8M,A2V0H5HIN4OWKN,The book lady,0,0,2,1343260800,Dry,"Oatmeal cookies aren't my favorite but I do enjoy them from time to time but you would never know it by this cookie.  The first bite was pretty terrible, though they did seem to get better about half way through the cookie.  It was so dry and had a sawdust kind of texture.  I think the problem is the main ingredient is ground up oats, then with whole oats and wheat flour, instead of the recipes I've made with more whole oats and then wheat flour.  Even though I don't really like raisins they were the best thing about these cookies.  At least a bite with a raisin was a tiny bit moister.<br /><br />Not only that but it was 170 for only one cookie.  If this was a diet cookie, maybe I wouldn't be so harsh about the texture, but 170 for one cookie sure isn't diet food.<br /><br />2 stars."
563006,563007,B007JFMH8M,A3IFHZYZT1SY5G,akollar,0,0,5,1343260800,Quaker Soft Oatmeal Cookies,"WOW, I gave it to my son to try and it was gone within SECONDS. Then he goes, ""Mommy, can I have more?"" and I had to then go out and buy some more of these great cookies. I was very impressed with the packaging and how SOFT the cookies really were when you opened them and the flavor that they had. Very Impressive. Would definitely buy!"
563007,563008,B007JFMH8M,A10E3F50DIUJEE,"C Wahlman ""cdub""",0,0,4,1343260800,A tasy cookie from Quaker,"Quaker products always mean good tasting.  They also mean a healthier option of processed snacks.  Soft Baked Oatmeal Raisin Cookies are indeed soft and moist.  Each cookie is over an ounce; a nice size cookie.  You can see the whole oats and raisins.  I can taste the raisins and spices as well.  It is a tasty oatmeal raisin cookie.<br /><br />There are six individually wrapped cookies per box.  I like the individual wrapping as it keeps the cookies fresh and aids with portion control.  Per cookie you are looking at: 170 calories, 6g of fat, 27g carbohydrates, 4 g dietary fiber, 12g sugar, and 2g protein.  The first ingredient is whole grain oat flour.  Nutritional facts are displayed on each individual wrapper as well, so nutrition, ingredient and allergy information is accessible even without the box or the internet.<br /><br />For a convenient, cheaper and healthier option, Quaker's cookies are a good choice.  I recommend these cookies.  I hope to try the chocolate almond flavor next!"
563008,563009,B007JFMH8M,A3E7903YPPDO7,a.abston,0,0,5,1343260800,Quaker Soft Baked Oatmeal Cookie,This is more than just a cookie. It is a guilty pleasure. Except that you dont have to feel guilty because it is good for you. It is so soft and fresh you would think your grandma just baked it. LOVE LOVE LOVE it!
563009,563010,B007JFMH8M,A1C66LMRGMGV19,Southern Girl,0,0,5,1343260800,Love the softness of this cookie!,"I received a sample pack of the Raisin variety of Quaker Soft Baked Oatmeal Cookies from Influenster to test out with my family.<br /><br />My 22 month old son loved the cookie and almost ate the whole thing himself. I did manage a couple bites and I love the soft, chewy-ness of the cookie. Plus, it provides a good source of fiber, something we don't incorporate enough of in our diets sometimes. I will definitely consider purchasing more of these cookies as a snack for my son!"
563010,563011,B007JFMH8M,A154QSI0I9S28O,hashepard,0,0,5,1343260800,Love these cookies especially for the kids,The soft baked cookies are amazingly delicious! Even my children really enjoy them!! I was surprised when they all actually ate it because they never eat anything with raisins in it. This was exciting since I now keeps these with me in case the boys need a snack since they would be able to eat one between the four of them.
563011,563012,B007JFMH8M,A2JU7J2OMXGUGV,kilee,0,0,5,1343260800,My kids loved them.,"My kids will devour these cookies. They must be super good because believe it or not my kids are picky cookie eaters. I do not like raisins personally so I haven't tried them myself. My only negative thing I can think of is that they are very crumby because they are soft, so with kids it gets quite messy."
563012,563013,B007JFMH8M,A1CFU5XJXN3PV4,Home Studio,0,0,4,1343260800,Lunchbox or Work Staple,"Quaker, which knows a thing or two about oats, has put together a pretty nice oatmeal cookie here. The cookie is soft, as advertised, but is NOT pillowy, doughy, gooey or some other displeasing variety of soft. Rather, it just has a nice yielding softness. No doubt related to the consistency, the cookie is not cloyingly sweet. Oh, it's still definitely a cookie - but you're not overwhelmed with a sugar rush. The raisins didn't add a lot of flavor - the ones I encountered weren't large or anything remotely like plump.<br /><br />Overall, this seems like a relatively low-guilt addition to a lunchbox or a desk drawer for snack time. Tasty, soft, and full of oatmealy goodness."
563013,563014,B007JFMH8M,A1AFEJ0230S741,mrssaxton,0,0,5,1343260800,So Delious,"After trying these cookies for the first time, i am hooked and dont feel guilty because they are delicious. Thanks Quaker for another awesome product."
563014,563015,B007JFMH8M,APPCJX62WKIIP,"Satia Renee ""Satia Renee""",0,0,3,1343260800,Over-Packaged Product,"In one box you get six cookies, each individually wrapped.  Which is all meant to be quite convenient, I suppose.  Throw one in your child's lunchbox and send him/her off.  Frankly, these cookies are not nearly as delicious as the ones my husband and I make and ours are lower in fat and calories, with fewer additives.  In other words, healthier.<br /><br />But ""healthier"" isn't why most people buy pre-made food products and these cookies taste good enough.  I love oatmeal raisin cookies and I wasn't disappointed by these enough to dislike them.  However, <a href=""http://www.amazon.com/gp/product/B004L5UD2K"">Grandma's Homestyle Oatmeal Raisin Big Cookie, 2.5 Oz Bag (Pack of 20)</a> are lower in calories and have the same amount of fat, per cookie.  (Of course, it's hard to eat just the one when there are two in the package so you'd have to share.)<br /><br />I know that it's hard to find time to bake from scratch sometimes but the effort to do so, teaching a child how to measure and mix a recipe from scratch, to then enjoy something that the two (or three or four) of you made together, is invaluable.  Make a double batch and freeze the dough before baking and you wouldn't have to do this every week to have enough cookies to last entire month or longer.  You'll build bonding moments, create less waste, teach simple mathematics and cooking skills, and provide a far healthier snack option for your child(ren).<br /><br />And if you truly don't have the time to bake cookies, then buy some fresh fruit.  If nothing else, you'll have fewer additives and most fruit comes in it's own convenient packaging."
563015,563016,B007JFMH8M,A1QZVTFM26YGQF,A. Thomas-zuniga,0,0,5,1343260800,yum,"I received 1 to try out and wasn't to sure what to expect. they are delicious i have to say, will definatly be buying more"
563016,563017,B007JFMH8M,A3APJ36C9R1XBZ,PETEZO_MOMMA,0,0,5,1343260800,Great taste,Love these cookies my Son asks me to heat one for him in the microwave for about 15 sec its soooo good that way gives it the freshly baked feel...I always make sure to keep in stock in my home...they are also individually packed do makes it easy to carry along in my bag
563017,563018,B007JFMH8M,AJUQOZM0WFP4J,NicoleBeauty,0,0,5,1343260800,Yummy!!,These cookies are so soft and tasty. I love the texture of the cookie!! I will definitely be eating these cookies as a snack for lunch.
563018,563019,B007JFMH8M,A1FVP6G8W3O8ZA,Arthur Kimes,0,0,2,1343260800,"Well, the foil packet is handy...","Quaker Soft Baked Oatmeal Cookies (raisin) fail the most important test of a cookie.  They are not delicious.  Considering they're 170 calories for ONE cookie you'd expect something decadent.  It's not even as tasty as an average cookie.<br /><br />A little bit dry considering it's supposed to be soft, moist cookie.  A slight sandy or grainy texture.  There's nothing foul or obnoxious about the taste - it's just nothing special.<br /><br />Nutritionally - ok for a cookie.  170 calories, 1.5g sat fat.  4g fiber!  (quite a bit.)  But I don't look at a cookie as some sort of health food.  A big* cookie like this should be an indulgence - a treat.  Instead it's not abhorrent.  If you start eating this, you'll finish it.  But you won't go out of your way for another one.<br /><br />*not THAT big.  It's not like a famous amos or something."
563019,563020,B007JFMH8M,AJ6AFRHY0TE85,CYBERMOM10,0,0,5,1343260800,TOTALLY DIFFERENT!,"TOTALLY DIFFERENT!<br />chewy, soft-baked cookie, Healthier alternative,<br />Individually packaged / Good for on the go!<br /><br />The Verdict:<br />Great Healthier snack for all the family!<br /><br />I don't like oatmeal & raisins... but this cookie really taste great! :D"
563020,563021,B007JFMH8M,A26XA5ME599Q8X,JexyTorres,0,0,5,1343174400,Soft Baked Cookies,It is nice to have a cookie that my kids enjoy and I don't have to worry about it being unhealthy. I was very happy to receive this in my Influenster Mom Voxbox!
563021,563022,B007JFMH8M,AXOHUES3YZ4UG,shelbielise,0,0,5,1343174400,Yummy,I was very surprised how soft they were. I gave one to my kids and they loved them. Definitely getting more for them!
563022,563023,B007JFMH8M,AM25R904WN2HA,thefatman420,0,0,4,1343174400,Scrumptiously soft delight,"These are great on the go treats for adults, and the kids too - if you wanna share ;)<br />They're bursting with flavor and nutritious to boot."
563023,563024,B007JFMH8M,AW5HYD1A2DUCJ,sarah,0,0,5,1343174400,so good,totally my kids favorite cookie so good soft not so much sweet exactly one that i want to give my kid
563024,563025,B007JFMH8M,A2YVU7PKI7069M,Courtney Pies,0,0,5,1343174400,Quaker Soft Baked Oatmeal Cookies - My New Favorite,Quaker Soft Baked Oatmeal Cookies are now my favorite cookies.  They are so soft and delicious.  And I love how they come individually wrapped so I don't have to worry about the rest of them going stale.<br />I definitely recommend giving these cookies a try - you'll be glad you did!
563025,563026,B007JFMH8M,AK0PXM8POPVMO,Christy,0,0,5,1343174400,So Good!,"I got a sample of these from Influenster, and I went out and bought more right away.  These are the softest and tastiest packaged cookies I've had.  I love the flavor, Oatmeal Raisin cookies are my favorite.  Even though they are cookies, I feel like I could be doing a lot worse health-wise than these."
563026,563027,B007JFMH8M,A1YC8ZO2WFMGYQ,Mouthpiece,0,0,4,1343174400,"Just enough to satisfy your sweet tooth,","I received a sample package of this product complimentary from [...]  to try. I must say, it was super yummy. The cookies are large enough to satisfy my sweet tooth yet small enough that i didn't feel like I was gorging myself either. Best part is, they are healthy enough that i don't mind feeding them to my kiddos as a special treat."
563027,563028,B007JFMH8M,A11DV7U73MFGMY,"Kelsey Fabricius ""Curious tech junkie""",0,0,5,1343174400,Yummy and good for on the go!,"Love the soft baked cookies, tastes great and I don't feel guilty eating this cookie. They are also individually wrapped so it's great for throwing in a bag for hiking or in kid's lunch. I tried the oatmeal raisin and must say it's my favorite, apparently many others favorites as I can never found them on the shelves."
563028,563029,B007JFMH8M,A357D8AWVFNNH6,mel,0,0,5,1343174400,my kids loved them,I got the influenster box and it had several products in it.  My kids loved the quaker soft bake cookie.  would get some if I were you
563029,563030,B007JFMH8M,A1B97O8MZHDNYB,lmonkeybad,0,0,5,1343174400,Yum,Cookie was so soft and my son acutally loved it and he really doesnt like a lot of item. I really love this cookie and i did purchase again.
563030,563031,B007JFMH8M,A17RQPA1VCKTYM,"crystal allen ""crystal""",0,0,5,1343174400,fresh baked taste,my kids and i enjoyed the Quaker Soft Baked cookies.  they are great for lunch boxes and for snacks at home or on the go.  i loved the soft baked texture and fresh taste.
563031,563032,B007JFMH8M,ADR3MR8529NOD,london&amp;lexington,0,0,5,1343174400,great tasting cookie,This is a great tasting cookie.  Portion size is close to perfect.  Soft texture with almost homemade flavor.  What a find?!?! I love these cookies!
563032,563033,B007JFMH8M,A2S41GL7XNIYH5,Julieannamtz,0,0,4,1343174400,Delicious Quaker Soft Baked Oatmeal cookies!,Quaker always surprises me with all their wonderful products which are satisfying for the whole family. I really love these Oatmeal soft baked cookies!! They are made from whole grain quaker oats and have a wonderful flavor! I can't wait to buy more of these and other yummy products!
563033,563034,B007JFMH8M,A10L198Q8ZKC0H,"Sandy ""dacotahsgirl""",0,0,5,1343174400,A Delicious Cookie!,"I really enjoyed these cookies. They tasted fresh & homemade and very soft and chewy.....I will purchase again, definitely a favorite!"
563034,563035,B007JFMH8M,A3JLHTAO1HD8RT,ngreen034,0,0,5,1343174400,just like grandmas,"I just love the oatmeal raisein cookie it was super soft and delicious, i was amazed by the amount of raisens in it because there usually isnt enough in other brands. Not only did i love this cookie but my daughter loved it so much i had to go out and buy a box of them. Id def. reccomend these to any cookie lover, im a fan for life."
563035,563036,B007JFMH8M,A1AT4YHGX2QVWS,"TexasMom81 ""Kimberly""",0,0,5,1343174400,Yummy Homestyle Taste,"These are so yummy. They taste just like my grandmas homestyle cookies. They are a perfect texture, just enough sweetness, and leave you craving for more! I can't get enough of them. I eat them with a nice glass of cold milk and it's heaven!"
563036,563037,B007JFMH8M,AU4U0ISJ875XL,C. Dykstra,0,0,4,1343174400,Love this,These are really good.  I love raisin cookies and this one did not dissapoint me.  It is soft and they are in individual packs.  I got it free from Influenster to try and liked it.
563037,563038,B007JFMH8M,A29SZ6ZTP4MH9H,Mark in Idaho,0,0,2,1343174400,Mealy texture for an oatmeal cookie,These cookies would be better if they were made with rolled oats instead of oat flour. The crumbly and mealy texture does not provide an enjoyable experience.
563038,563039,B007JFMH8M,A2FBKA2838KO0C,JLGmam,0,0,4,1343174400,tasty and great price,"This cookie is full of flavor and at a great price.  I got a sample free in the mail, and will be buying more for my son!  We both loved them."
563039,563040,B007JFMH8M,A3V980JQPFQVDJ,Kassie90,0,0,5,1343174400,Chewy Goodness,This cookie was moist chewy and delicious.  Both my daughter and I thought it was fabulous and I will definitely buy in the future.
563040,563041,B007JFMH8M,A32ZZQV7FBYBBK,DebbieP,0,0,4,1343174400,Yummy!,"This is pretty good for a store bought cookie! It was nice and soft, not too sweet. Just right. I gave them 4 instead of 5 stars because I like my cookies a little chewy. Overall great cookie! I got one of these cookies as a sample from @influenster."
563041,563042,B007JFMH8M,A1TIALU0XG3172,whitefam1,0,0,5,1343174400,YUM!,This cookie was really good... I liked the single serve packaging and the portability of the product! great for on the go and not loaded with junk!
563042,563043,B007JFMH8M,AHG9NC2C0FN98,Alisha Kostiuk,0,0,5,1343174400,A+ Cookies,I am very impressed with the Quaker Soft Baked Oatmeal Cookies. They are a healthier cookie and have a great taste. Very soft and melt in your mouth.
563043,563044,B007JFMH8M,A1CKSRF05IVVHW,jenjenlv,0,0,3,1343174400,Love it!,"It's not too sweet so I like that. The kids love it and let's face it, cookies are generally not healthy, so this is ok, not the healthiest, but good!"
563044,563045,B007JFMH8M,AO8W9PQE5UYGA,eglaubitz,0,0,4,1343174400,Yummy,"These cookies are delicious, a little messy but have a great taste, my kids also enjoyed them, it is a lunch bag must have."
563045,563046,B007JFMH8M,A3VR7QSYW1VUR9,RGOF,0,0,4,1343174400,yummmm,These are so soft and really yummy. I like that I can grab a pouch and toss it in my purse for an afternoon snack.
563046,563047,B007JFMH8M,AXLPWBWM7IO0G,ashes51,0,0,5,1343174400,"Love this soft, flavorful cookie!","I'm not a lover of oatmeal raisin cookies, but this one surprised me! I loved how soft and flavorful it was. YUM. I highly recommend. I got these as a sample from Influensters!"
563047,563048,B007JFMH8M,A3KPHXGQ2SUVCG,Marina S,0,0,4,1343174400,Yummy Store Bought Cookie!,I love these. They taste great and they are easy to throw in your bag and bring a long with you for a snack for yourself or a child. My 3 year old liked the taste as well. I do think they are a bit pricey but they are full of whole grains which is better than normal cookies.
563048,563049,B007JFMH8M,A1HDZG1VI59BFY,Charlene H.,0,0,5,1343174400,Soft and Delicious,"My son and I both LOVED these cookies, very yummy and delicious.  My son ate them so quickly that I hardly got any LOL.  I really like the texture of the cookies, and they are quite filling."
563049,563050,B007JFMH8M,A2XTQ37EZJP90N,Jennifer C Geiser,0,0,5,1343174400,Quaker Soft Baked Oatmeal Cookies are yummy,"I received a Quaker Soft Baked Oatmeal cookie in my Mom Voxbox from Influenster, and it was a big hit.  Soft, chewy, and tasty.  Only thing I would change about it is that it doesn't travel very well because it gets too crumbly."
563050,563051,B007JFMH8M,A28SGC3ISWHB9E,mand_d,0,0,5,1343174400,YUMM,"The Quaker Oatmeal Raisin cookies could not be more delicious! They have that homemade taste w/out all the mess!! I was surprised at how soft they were and you could really taste cinnamon and other flavors, they did not taste processed.  The most important thing- my kids loved them too!"
563051,563052,B007JFMH8M,A3U57Z3U2OZ00,"Sarah Burkett ""Sarah Burkett""",0,0,4,1343174400,Healthy Never Tasted so Delicious,"I got to try these through Influenster. Though I'd planned to buy my own, I'm glad I had to do it for the site, because otherwise I wouldn't have tried the Oatmeal Raisin. I'm not a fan of the combo. I don't know why.<br />But, Quaker did a great job. There was the perfect combination of oatmeal to raisin, and I didn't feel like I was tasting cardboard, as I tend to with oatmeal cookies. Instead, it was super moist, and honestly, if it had been hot, I would have assumed it was straight from the oven. Just perfectly done!"
563052,563053,B007JFMH8M,A2K4ZSJPDAQCG1,nicolejohnson624,0,0,5,1343174400,yum!,warm these up and they taste like you just pulled them out of the oven ... love love love these. My kids also really really enjoyed these .... my 5 year old thought they were home made !
563053,563054,B007JFMH8M,A261GIK3PL0UFF,Angela Garrett,0,0,4,1343174400,Delicious!,These cookies are not only yummy but they are good for you. My children love them too. Its a great snack for them and I don't feel guilty giving it to them. Try one!!
563054,563055,B007JFMH8M,A1BAK2PJSVK8MX,Darlene M. Eddy,0,0,4,1343174400,Quaker soft baked cookies,"I do not like Oatmeal raisin cookies, but I have to say I was pleasantly surprised by the soft texture and the taste of these cookies. I would recommend these if you love oatmeal raisin cookies."
563055,563056,B007JFMH8M,A1KVYM5CNK75PR,Laurie,0,0,5,1343174400,So Yummy!,I was pleasantly surprised with this cookie. It has a great flavor and was nice and moist! My three year old daughter loved it also!
563056,563057,B007JFMH8M,A3I4Z02JQ4VZ29,Jess B,0,0,4,1343174400,Good Yumminess!!!,"This cookie was very good, but a little dry for my taste! I would also prefer it to taste more like a homemade cookie with more raisins."
563057,563058,B007JFMH8M,A2OI26HDSEZFEB,"Jeffrey E. Riebe ""a.r.""",0,0,5,1343174400,Must Purchase,It's amazing!  Love the taste and texture!! awesome price!! My 3 year old loved it and she is a HARD SELL!!
563058,563059,B007JFMH8M,A2R3C0OG2HFQ9H,vturpin,0,0,5,1343174400,Perfect for kids,Great taste and packaging. Perfect for lunch boxes and take along snacks. We have enjoyed these cookies and look forward to more flavors.
563059,563060,B007JFMH8M,AAPPWNP9FWVWS,"Kathlyn Storey ""Kathlyn A Storey""",0,0,3,1343174400,Not my mother's oatmeal cookie,"Generally, these Quaker oatmeal cookies were a disappointment.  The major positive is that the first ingredient listed is whole grain oat flour.  Other pluses are that the cookie is not particularly sweet, individually wrapped, and it is soft, but not crumbly.  My husband and I tried these cookies for dessert last night.  The first issue was that they are 170 calories each, meaning we only had one, even though their size is not particularly large, around 3 inches in diameter.  Second, the overall taste and texture impression of the cookie is that it is commercially made; it will not remotely remind you of homemade.  Third, and personally, there are not enough raisins.  Finally, both of us noticed the cinnamon flavoring, which was border line too much; the ingredients list indicates allspice as well.  The only ""fortifications"" to the cookie are calcium (4%) and iron (8%)."
563060,563061,B007JFMH8M,A3FHDBBXZFNQUK,JK8,0,0,3,1343088000,Too much allspice,"These cookies are alright, except that once you are finished you may notice an aftertaste and I think this is due to the cookies containing too much allspice.  The cookies also contain cinnamon, which does not leave an aftertaste."
563061,563062,B007JFMH8M,A2Q53HT28RCH8N,Brandyboop,0,0,4,1343088000,Moist and delish,"The Quaker Soft Baked Oatmeal Cookie was given to me to sample through Influenster Mom Vox box program.  It tasted like it was home baked.  I did notice it was a little heavy in the cinnamon department, so if you don't like cinnamon or if you have an allergy to it, then this would not be a good cookie for you.  This was shared with my 14 year old daughter that gave her seal of approval, too."
563062,563063,B007JFMH8M,A24O0OS2H86QV,Crazed Mom,0,0,5,1343088000,The Adult Cookie,Quaker Cookies for me is that one in the package is suffice for me with a cup of tea or hot cocoa. Usually I go digging for a few more cookies to conquer my sweet tooth but not this time.
563063,563064,B007JFMH8M,A1QZQ1UC11S7SU,Jasmine,0,0,5,1343088000,Soft cookies!,"This is a really good cookie! DIdnt really think that I would like a cookie from a company known for its oatmeal, but completely surprised!! It was soft and soooo chewy! Really good served warm & with a cold glass of milk!"
563064,563065,B007JFMH8M,A2FH1KKTJCP5QW,"Jennifer S. ~ ""In God We Trust""",0,0,5,1343088000,Quaker Soft Baked Oatmeal Cookies - SO GOOD!,"I tried this cookie (which came free in my Mom Vox Box 2012) and I fell in love with it! My kids and my husband liked it, too! It is soft and chewy with a delicious home-baked taste. We will definitely include this in our stash of healthy goodies & snacks!"
563065,563066,B007JFMH8M,A2K14OQTVABTMY,MVANG,0,0,5,1343088000,Yummy,I wasn't sure if I was gonna like these until I received a free sample and fell in love with it. These cookies are so soft and yummy. My 5 year old loved it. Can't get enough of it.
563066,563067,B007JFMH8M,A31OLWW8C0GJXW,christy,0,0,5,1343088000,Quaker Soft Baked Oatmeal Cookies,"I originally purchased these cookies at the store and then being an influenster I received a sample of the Oatmeal Raisin Quaker Soft Baked Oatmeal Cookies. These make a great snack for kids and adults alike. These are great to carry in a diaper bag for that lil pick me up when out and about. They have so many flavors and styles of there new soft baked. They are soft but not crumbly, easy to eat not to chewy, they are filling and satsfying."
563067,563068,B007JFMH8M,A2KX939MKLWD64,amanii,0,0,3,1343088000,Great Snack Alternative for Kids and Adults!,"I'm not a fan of oatmeal or raisins (lol) but I wanted to taste the cookie before I gave it to my daughter. So I'll give my review based on how well she liked it. The cookie was extremely fresh when I opened it. My daughter ate about half of the cookie before putting the pack down. So I'll take that as she was somewhat satisfied because if she doesn't like it, she throws it aways and if she really likes it she'll eat it all! Ha! I am interested in finding out what other types of cookies are available because it is a more healthier alternative versus her eating chips or candy.<br /><br />**NOTE: In my review, I only took into account my thoughts on the cookie itself.  But if I had to grade this with the price that Amazon has it for, I would probably give it 1 star!  A 6-pack of these cookies is $2.69 so why is a 12-pack almost $35 on here?! Am I missing something, lol**"
563068,563069,B007JFMH8M,A1Z65IGMZ9SR7D,Nina,0,0,4,1343088000,Yum,These soft cookies are very tasty and have a great texture. They are just the right size for an afternoon snack.
563069,563070,B007JFMH8M,A2MMB9EG82GAT8,Cristylovee1,0,0,3,1343088000,Love Quaker but not the best product,"I have only tried Quaker Oatmeal raisin cookies and they were not my favorite, however Im still in love with their Oatmeal cereals and granola!"
563070,563071,B007JFMH8M,A1AJY4M502J8YY,mc25monini,5,5,5,1342396800,Delicious,"Ok so I love oatmeal cookies they are amazing. And this is one that I approve on for its soft gooey and chewy. It is absolutely amazing. I love it, and would recommend it to anyone that loves oatmeal, and the raisins are sweet they do not taste tart and are not overpowering."
563071,563072,B007JFMH8M,AZFX7FLEHCWXM,"Mary G. Longorio ""Texasbookgirl""",3,3,3,1343433600,"Not bad, not great","I love oatmeal raisin cookies, really love them.  So, I am always on the lookout for a good cookie...especially if they are made by someone other than me.  When I got the chance to sample Quaker Soft Baked Oatmeal Cookies with Raisins, I said ""Why not?""  The cookies come 6 to a box and are individually wrapped.  They are pleasant soft oatmeal with a balanced blend of spices and raisins.  I would have liked more raisins.  They were also very soft almost, as another reviewer mentioned...powdery.  They did have a good taste and they are very convenient (good for lunches, tucked in a backpack or desk drawer) and I found them very filling/satisfying.  But, for me, they were just a bit off mark.  I guess I expected a soft oatmeal cookie to be a bit more solid and chewy.  I will buy them occasionally if I have a specific need for something quick and easy."
563072,563073,B007JFMH8M,A1NM2P8DXA5SME,confessions209,3,3,4,1342396800,Great store bought cookie,"I was pleasently surprised about how soft this cookie was.  It had great flavor, I couldnt even tell there were raisins in the cookie, which is great because I dont normally like raisins.  I like that they come individually wrapped so that all the cookies don't dry out when you want to eat one.  Great snack to take on the go!"
563073,563074,B007JFMH8M,A11OQ0NZAVHYRF,"A. Aguilera ""C Cubitt""",3,3,4,1342396800,Yummy Cookies,Theses cookies are yummy and soft even with raisins my toddler likes them. My only problem is one cookie had 170 calories and is not remotely filling. It's not the healthiest snack but it sure is tasty!
563074,563075,B007JFMH8M,A3CPU6NZNKB5JA,"Yelena Burkut ""mom of two""",2,2,5,1341878400,love it,"Love single served cookies and they are a perfect as a pick-me up. I don't cookies in the house, but this one can stay all wrapped and waiting for the perfect moment"
563075,563076,B007JFMH8M,A4JHEO7H330AF,Tom Brody,1,1,3,1347062400,"Bland, but great for older adults","QUAKER SOFT BAKED OATMEAL COOKIES RAISINS is a product consisting of a box of six cookies.  Each of the six cookies is enclosed in a sturdy plastic envelope, with a tooth-edge at the top and bottom, suitable for grasping and for tearing open the envelope.  On the plus side, all of the cookies were intact, despite shipping.  The intact nature of the cookies was largely due to the fact that they are soft (not crunchy) and secondarily due to the secure packaging.  The cookies were bland and unadventuresome, both in taste and in texture.  Although the photographs on the cardboard box and on the plastic envelope show cookies having a surface dotted withabout 12 whole raisins, it was the case that the actual cookie contains a scattering of chopped raisin bits inside.  Therefore, the consumer should not expect to be treated to a cookies bearing a cargo of plump, juicy raisins.  In paying attention to the flavor, I noticed that the cookies had a detectable raisin flavor.  Also on the plus side, in knowing (from first-hand experience) that hard oatmeal can get wedged in between fillings, resulting in damage to teeth and fillings, the older consumer will be pleased that this QUAKER product is totally inocuous, as far as dental work is concerned.  These cookies are, indeed, sooooooft!<br /><br />Ordinary oatmeal has about 61 grams carbohydrate, 12 grams protein, and 7 grams fat, per 100 grams of oatmeal (Pomeranz (1987) Modern Cereal Science and Technology (pages 350-370)).  The NUTRITION FACTS label that this QUAKER product shows that the breakdown is as follows.  Each QUAKER cookie (42 grams) contains 27 grams carbohydrate, 6 grams of fat, and only 2 grams of protein.  Hence, it can be seen, that the cookies, as compared to straight oatmeal, is somewhat low in protein.  The low protein content should not be a concern to most adults, because growth, and the issue of acquiring the proper nutrient balance to sustain growth, is generally relevant only during pregnancy and lactation, and for growing children.  If any conclusion can be made regarding this fine product, is that it could be a preferred snack food for adults who have had multiple dental fillings, and need to worry about dental damage.  Although this cookie is fine for children, please remember that much better sources of protein are available, e.g., milk, cheese, meat, fish, poultry, tofu, and legumes (peas, beans, lentils)."
563076,563077,B007JFMH8M,A20VX7F4164FVC,"Machael Foegelle ""xenagrrl2000""",1,1,4,1346112000,Surprisingly good cookie!,"I love homemade oatmeal raisin cookies, the kind that are a little chewy, made with lots of oats, brown sugar, cinnamon, and not too many raisins.  So I was skeptical of this soft, ""store bought"" cookie.  I assumed it would be, well, bad.  I was pleasantly surprised.  It's made with whole grains, which imbues each cookie with 16% of daily fiber recommendations.  It was indeed soft, but it didn't seem artificially so, more like it was just cooled down from the oven.<br /><br />As I began my 'taste test', I appreciated the fact that the cookies are individually wrapped, which allows for easy transport in lunches or purses.  I took a small bite at first, because I was already prepared to be disappointed.  As that bite went down, I reached for another.  Then another.  Very tasty, as it turned out!  Soon the cookie was gone and I realized I wanted another one!  However, at 170 calories each, these are NOT ""low calorie"", they're just made with better ingredients than most.<br /><br />As for other nutrition information (other than the fiber and calorie count mentioned above), each cookie has 150 milligrams of sodium, so not too bad there.  You'll find 4% of calcium and 8% of iron (recommended daily requirements).<br /><br />The first ingredient is whole grain oat flour.  Sugar is about number 10 or so on the ingredient list.  One quibble I have is that the list of ingredients is rather lengthy.  My nutritionist has advised me to watch for products with what seem like extraordinarily long ingredient lists, probably means there's lots of stuff in there that's not exactly ""good"" for us, but it is what it is:  a factory-made, store-bought cookie that's got a pretty long list of ingredients and shelf life that don't come naturally to ""homemade cookies"".  Just accept it for what it is, a decent, convenient mass-produced cookie."
563077,563078,B007JFMH8M,A3UJRNI8UR4871,"Wulfstan ""wulfstan""",1,1,4,1343865600,"Great ""Soft baked"" texture.","The folks at Quaker really got the soft texture here, and the individual packages keep the cookies very soft and fresh.<br /><br />I would have liked more raisins, I couldn't hear ""it thru the grapevine"".<br /><br />Good nutrition for a cookie."
563078,563079,B007JFMH8M,A3H7AOFQDPU0JV,"Timothy Capehart ""Review-a-holic""",1,1,4,1343865600,Pretty durn good cookie.,"Taste: I thought these did a good job of mimicking the taste of home made cookies. Cinnamony and raisiny (though the raisins aren't big plump raisins...they're more suggestions of raisins...and they are sweetened by sugar and fructose NOT HFCS.<br /><br />Mouth feel: When Mom makes oatmeal cookies, you can feel the oat meal (usually) when you are chewing. This doesn't have that. The oats are milled to the point where the flavour is there but the texture is not. If this is a problem for you, you might want to pass. Other than that, it's probably a good idea to have a glass of milk handy. They are ""moist"" in that they aren't crunchy...but they verge on dry.<br /><br />Value: On Amazon, the cookies come to about .50$ a piece. Which is comparable to my local grocery.<br /><br />A good all around (large) cookie and I think I will try the other varieties...you should too!"
563079,563080,B007JFMH8M,A2WE93LJX8PMT1,"A. Hansen ""AH Booklover""",1,1,4,1343865600,Yum!,"The box says, ""soft baked oatmeal cookies"" and that is exactly what you get!  The cookies are individually packed, which makes it easy to grab for lunches, or to throw in a purse or backback for ""on the go"" kids.  The cookies are fairly good sized, and packed with raisins.  I was concerned about an aftertaste that I have sometimes noticed with cookies that are pre-packaged (maybe a preservative that is often used?) but I did not notice any funny taste or smell to these cookies.  In fact, I could not find anything I was unhappy with!"
563080,563081,B007JFMH8M,AQZH7YTWQPOBE,Enjolras,0,0,5,1343088000,Strong cinnamon spice,"Oatmeal raisin cookies are my favorite. Quaker Oats has done these well with this new product. The strongest flavor to come off is, perhaps surprisingly, cinnamon. It's a very strong taste at the tip of your tongue. The cookie also does have enough raisins for it to qualify as oatmeal raisin, which was something I was concerned about at first.<br /><br />The cookie is very soft and still tastes pretty fresh, even after all the packing and processing that obviously went into it. They're about as big as you'd imagine it to be from the picture on the box, which is actually impressive given how often cookies end up being smaller than they appear. Overall, this is a good choice if you want cheap, store-bought oatmeal cookies."
563081,563082,B007JFMH8M,A1SK3L2IQLYA8S,Rebecca Rodriguez Brea,0,0,5,1343088000,This cookie is a winner,"This oatmeal cookie was delicious - soft, full of raisins and not too sweet or sugary.  Full of whole grain, I feel confident eating this cookie and giving it to my family to eat as well.  Great item to have in the bag for a quick snack that feels like a treat and is filling too!  Thanks to Quaker and Influenster for introducing me to this product!"
563082,563083,B007JFMH8M,A3QD59N3M7O7KB,Xina143,0,0,4,1343088000,"Good, Portable Snack","Quick breakdown of the cost.  For $34.71 you got 12 boxes of 6 cookies.  That's about $2.90 a box, and 49 cents per cookie.  NOT too bad.<br /><br />Taste-This is a denser cookie than I usually enjoy, especially when it comes to my oatmeal raisin.  (My favorite cookie, by the way!)  It almost has a cake like consistency, and while it isn't the type of cookie I would munch on at home while I watch a Blu-Ray, this is the type of snack I would buy for road trips or picnics.  There is a hint of brown sugar, not overwhelming, but enough that my little ones (8 and 4) remarked that they liked the sweetness of it.  My oldest, wished there were more raisins, and I would have to agree with that as well.  But I liked the whole grains. Overall, it is good, but a bit dry.<br /><br />Size-this is a larger cookie, similar to what you would get in say Subway or Starbucks.  Not overly huge, but not too small either.  I think this is a perfect snack size.<br /><br />Nutrition-at 170 calories it isn't a lightweight, but nor is it overly fattening either.  6 Grams of fat, 1.5 grams of Saturated (NOT horrific), but it has some Polyunsaturated and 3.5 grams of Monounsaturated=the 'good' kind of fat.  4 grams of fiber, good in a snack like this, but only 2 grams a protein, wish there was more.<br /><br />All in all, this isn't a snack I would buy on a regular basis.  Maybe once in awhile for school lunches, and I would certainly get this for a road trip, or a hike.  Compared to many other snacks like this, it is a decent value for the money, and if you enjoy a thicker cookie, this is right up your alley!"
563083,563084,B007JFMH8M,A1LXHDQLA5KKPW,whitetiger83,0,0,5,1343088000,quaker soft baked cookies,me and my kids loves this.. so soft and healthy and soooo good... easy packed and grab and go... I cant stop one just one... lol
563084,563085,B007JFMH8M,A3D0G7ZGY2LCOG,Patricia Ibbotson,0,0,4,1343088000,Taste Almost Homemade,"These cookies are soft and chewy and the real raisins add a nice touch.  While they are 170 calories per cookie, the good taste makes them worth it.  They are also individually wrapped which makes them easy to add to a packed lunch.  They are almost as good as mom used to make!"
563085,563086,B007JFMH8M,A2TVFGPP29X71T,Junie D,0,0,4,1343088000,Delicious and satisfying,I sampled this product for the Influenster Mom Vox Box that I received in the mail.  I am purchase Quaker cereals on a regular basis and was excited to try this cookie.  I really enjoyed the flavor of the cookie and felt it stayed true to the Quaker brand.  I did not like the fact there were so many preservatives in the cookie like TBHQ and BHT.  For those reasons I will not be purchasing this on a regular basis.
563086,563087,B007JFMH8M,A1IGV3GVF39FTV,"YouthfulTips ""YouthfulTips""",0,0,5,1343088000,"Fresh, Moist and Good",The Quaker Soft Baked Oatmeal Cookie with Raisins were so moist with a fresh baked taste.  They had just the right amount of raisins to make them taste just like home made cookies.
563087,563088,B007JFMH8M,AIEH19GTFWHWP,DallasFlyChic,0,0,5,1343088000,OMG So so good!!,I recieved the Quaker Soft Baked Oatmeal and Raisins Cookie in my Influenster Mom Voxbox 2012. My husband and kids devoured the cookie before I had a chance to look at it or taste it. So this is what they thought of the cookie. It was sooooo good according to my 4 year old son and 3 year old daughter. My husband said it was moist and soft and delicious. He is most definitely ready for me to asdd it to the grocery list. I gave this product a 5 star rating because these cookie totally rock!!!
563088,563089,B007JFMH8M,A19T8PEUYFHVI1,jenny,0,0,5,1343088000,So  good,"Tried the Quaker Soft Baked Oatmeal Cookies. They were so good, nice and soft,fresh and just the right amount of raisins. Even my kids liked them. You have no idea what you are missing out on if you don't try them."
563089,563090,B007JFMH8M,A2Y5RGO9LX00ZU,Areynasmom,0,0,4,1343088000,Healthy Sweet Snack,"I like soft cookies, but most of the ones you buy taste ""fake"".  Really enjoyed the Quaker Soft Baked with Raisins.  I recieved a sample in my Mom Voxbox from Influenster and loved it.  I buy them to use as quick snacks, taste sweet and delicious but are healthier than other options."
563090,563091,B007JFMH8M,A1ZA9B6TVX961P,Nikki Madore,0,0,5,1343088000,Delicious,"Quaker made with whole grain oats very soft ,healthy &  have rasin naturally flavored ,healthy product. Have iron 8% , fiber 4 Grams also calcium 4%."
563091,563092,B007JFMH8M,A2VR6YZXKXT92K,onix893,0,0,4,1343088000,Soft and chewey,This cookie was very moist but it did not crumble when you took it out of the package.  It was full of flavor but it didn't satisfy your snack hunger.  I will definitely be buying more of these
563092,563093,B007JFMH8M,A3FD1NNRSGJK33,My 3 Boys,0,0,3,1343088000,Its Ok,They are really soft and somewhat fresh tasting but i thought they had to many raisins.i dont think i would buy again.
563093,563094,B007JFMH8M,A137YH5V6LGYSS,Keysha Davis,0,0,4,1343088000,Yummy!!!!,I received a sample (Oatmeal & Raisin) from my Mom VoxBox and love it. Not to sweet and very moist...just right.
563094,563095,B007JFMH8M,ASKUUQZA96A9,musicspeaks04,0,0,5,1343001600,love these,MY SON AND I TASTED THESE COOKIES FROM A MOMVOX I RECIIEVED. WE HAVE HAD THESE COOKIES BEFORE AND LOVE THEM
563095,563096,B007JFMH8M,A1GEL699H2IO10,Lauren,0,0,5,1343001600,Quaker Cookie,"These cookies were soft, great tasting and affordable! A definite must try, even the kids will love them! Oatmeal raisin an all time fave"
563096,563097,B007JFMH8M,A1J4MT3VKWSEMR,MM,0,0,5,1343001600,yummy!,I received a tester of this product through an online site called influenster & my nephew & little sister loved the cookie! the little piece i tried was delicious it was so glad that it was healthy for them & it was so yummy!
563097,563098,B007JFMH8M,A15MLIWLWLJARR,MrsLola12,0,0,5,1343001600,"Quaker Soft Baked Oatmeal Cookie, Raisins","This Quaker Soft Baked Oatmeal Cookie, Raisins, is soooo convenient to have them in your purse, in your kids lunch bag and in your husbands lunch bag. They are healthy snacks for kids and adults I will keep buy it them for my family"
563098,563099,B007JFMH8M,A1BWO3WO34PYR4,Missinthekitchen,0,0,5,1343001600,Delicious cookies.,My kids and I loved these cookies. They are soft and taste great. I love that they are individually packed.
563099,563100,B007JFMH8M,A2FLEN2CRGJOOV,NL530,0,0,5,1343001600,Yummy!,Love this cookie! Super yummy! Can cure any sweet tooth craving without all the calories that came come from other desserts. Great for on the go!
563100,563101,B007JFMH8M,A1DFBRVIYF533T,TG,0,0,4,1343001600,YUMMY!,These cookies were delicious - even the kids loved them. These are great store bought cookies. Soft and raisins were perfect. Would buy and recommend to all.
563101,563102,B007JFMH8M,AFA6AQYWF86LD,Ineri218,0,0,5,1343001600,Fresh and Tasty,"When I opened the packaging I was surprise to find one of the best tasting cookie I have had in a while. Not only did it taste great, the texture was perfect and it was fresh."
563102,563103,B007JFMH8M,A2VIQC85IQDY90,julese,0,0,4,1343001600,The Pre-Made Cookie for when Grandma's too Tired,Quaker Soft Baked Cookies have an old fashioned Grandma inspired taste and texture.  They come individually wrapped making them great to stick in a lunch or in your purse as a snack.  For kids and adults alike.  Added nutrition with real whole grain Quaker oats!
563103,563104,B007JFMH8M,A2JUFDHXAAO637,Tara,0,0,4,1343001600,So good,Definitely were a delicious cookie. I would recommend to anyone who would want them. Quaker has made another great product.
563104,563105,B007JFMH8M,A2KWW2PZ514318,mletso,0,0,4,1343001600,Quaker Soft Baked Oatmeal Cookie,"I got the opportunit to try Quaker Soft Baked Oatmeal Cookies from Influenster in my Mom VOX BOX.<br /><br />I enjoyed the chewy, soft-baked cookies made with wholesome Quaker Oats and delicious raisins. They are cookie and not as moist as a bar, but wonderful none the less. They offer the following benefits:<br /><br /> -Made with Whole Grain Quaker Oats<br />-Individually packaged<br />-Provides a good source of fiber<br />-Contains 6 grams of total fat per serving"
563105,563106,B007JFMH8M,A1CP5T5KS9JYMU,Latina,0,0,5,1343001600,Addictive,"They are awesome and addictive with cold milk. Perfect snack on the go. A little expensive for single serving one pack but, worth it:)"
563106,563107,B007JFMH8M,A221B1QEPIMA04,jennybee10,0,0,5,1343001600,kids love it!,My kids absolutely love these cookies and theyre healthy too! and as a mom i dont mind my children eating these!
563107,563108,B007JFMH8M,A3IY593AEFLXER,Tiffany,0,0,5,1343001600,You can actually taste the oatmeal :),As part of Influenster I received a Mom VoxBox full of great products to try and review.  Included was a Quaker Soft Baked Oatmeal Raisin cookie.  I don't like raisins so I gave most of it to my kiddos.  I did take a taste though and it was delicious.  A lot of store bought oatmeal cookies don't taste good at all but this was so good.  You could see the oats and everything.  What a great special treat to have with whole grains to get that extra fiber we all need.  I can't wait to go and buy some in a different flavor.  :)
563108,563109,B007JFMH8M,A2HEZW3C03DRUF,nightkiss4u3,0,0,5,1343001600,Great Tasting!,"This is one of the best tasting, soft cookies we had in a very long time!  The kids were fighting over who had the last one!"
563109,563110,B007JFMH8M,A3KTOQWIOAX1JW,fasa,0,0,5,1343001600,yummy and delicious,these cookies are very soft and moist.. my kids love them!! my kids cant wait til i buy them again!!
563110,563111,B007JFMH8M,A2QSSUDOVXD1HF,Cheri,0,0,3,1343001600,Ummmm,I have to say they are good. Not the same as if you made them your self. If you like quaker you'll love them.
563111,563112,B007JFMH8M,A3KIC82J3VLT8Z,klcmaher,0,0,5,1342915200,Quaker Soft Baked Oatmeal Cookie with Raisins,"My boys ask for these cookies over and over. Of course, its easy to buy them for my family when they are so healthy for them! The fact that they taste fantastic doesn't hurt at all!"
563112,563113,B007JFMH8M,AXXHSR6EEJ6X3,Britnee,0,0,5,1342828800,Delicious!,We received some of these in our Influenster boxes and it is my opinion that they are sooooo good! I highly recommend for children and adults! :)
563113,563114,B007JFMH8M,AHAZBZRLMI76F,devotchka,0,0,5,1342828800,tasty and affordable,"this product was affordable, great texture, good nutrition and perfect taste. i will definitely purchase again. i received it through the influenster program and am very grateful to have been introduced to a alternative to my keebler cookies and oreos with a much more beneficial eating experience."
563114,563115,B007JFMH8M,A2LJGODTPOLNC8,adwilson85,0,0,4,1342828800,yummy,I love these cookies ! My kids love them too I had to fight them just to get a bite.  I would recommend these to anyone
563115,563116,B007JFMH8M,A4QLFGSATC1VT,melissa farmer,0,0,5,1342828800,YUMMMM,I enjoy the fact that they are so soft and taste homemade.. No after taste like alot of cookies or oatmeal cookies.. And its healthy instead of a lot of sugar and empty cals
563116,563117,B007JFMH8M,ARGYM4CYRRZ26,Jen,0,0,4,1342828800,Soft and yummy,"Great when you're in the mood for a good, filling cookie! They are soft and tase great, and they're better than chocolate chip especially for kids."
563117,563118,B007JFMH8M,A2J48R128QPIFB,Stephen Dunne,0,0,4,1342828800,"Soft, Chewy and Delicious!",My family and I tried the Soft Bake Oatmeal Cookies and we loved them. I personally like to put them in the microwave for a couple of seconds to warm them; then it is just like a fresh baked cookie!
563118,563119,B007JFMH8M,A1DTAZVQZAJVTA,"Rebecca Lynn Moran ""nothinqness""",0,0,5,1342828800,Quaker Soft Bakes Oatmeal Cookie with Raisins,I received a Quaker Soft Baked Oatmeal Cookie and oh em GEE.  This was a cookie that was just as good as the ones my Grandma used to make when I was little.  I shared half with my son and he kept saying MMMMM MMMM mommy MMMMM!  Highly recommend this cookie to anyone!
563119,563120,B007JFMH8M,AL8S8MDWIHC9Y,Justine McDilda,0,0,4,1342742400,Perfect for Cookie Craving 3yr olds!,"I loved how the cookie was nice and soft when I opened the packaging. It seemed to be made of fresher ingredients. I decided to split the cookie in two and let the kids each have one side. I had to split it because the package only had one cookie in it. My daughter devoured it, my son...he saw there were raisin's in it and freaked out. K ended up eating her brother's half as well. I was bugged for days by her for another cookie so she must have loved it since that's how 3yr olds express love for food! (I WANT MORE COOKIE!)<br />I didn't get a chance to personally try the cookie, but over all it seemed good and from a brand that I like and trust, it also smelled pretty yummy!"
563120,563121,B007JFMH8M,A32KQ885GJ2NJ1,kara,0,0,5,1342742400,omg the best cookie ever,this cookie is amazing i couldnt think of a better snack for my daughter during the day to give her  it healthy and it taste great  and i loved how soft the cookie was
563121,563122,B007JFMH8M,A3ES0W45XG5ESS,JustBeingMe82,0,0,5,1342742400,Soft and Chewy,These cookies are very soft and chewy! This cookie is perfect for those sweet tooth cravings and its a healthy option.
563122,563123,B007JFMH8M,AQ55JT0NA0N2X,Pamela D. Hardy,0,0,4,1342742400,Taste Good,"Received these in my Influenster box for Summer, taste great and very soft. Seemed to be a healthy alternative to regular cookies just concerned as to how much they will cost."
563123,563124,B007JFMH8M,ANLNI4ID8VPXA,"adamnstephy ""adamnstephy""",0,0,5,1342742400,Tastes homemade!!!,"These cookies tastes so good. If you heat them for a few seconds in the microwave before eating, they taste like they just came out of the oven. Very fresh!"
563124,563125,B007JFMH8M,A36RCVPH79KR3J,Fernanda Mehta,0,0,3,1342742400,Ok,My family and I tried this cookie and we all had different responses. I thought it was too sweet and did not taste like I home baked cookie. My husband thought it was too dry and crumbly and my son thought it was yummy.... he is 9.
563125,563126,B007JFMH8M,A1F7MPKNEDH58N,Dani182,0,0,5,1342742400,YUMMY!!!,I only got to eat one little bite of my sample from Influenster because my son stole it and ate it!  Ha ha but the bite that I did have was amazing.  I will be getting more of these to keep in the house.
563126,563127,B007JFMH8M,A2WAUZQVSEFR6T,florhd01,0,0,5,1342742400,"Quick, easy and delicious!!","Quaker wins again with these delicious cookies.  I was particularly loving the individually wrapped aspect of the oatmeal raisin cookies.  I hate opening a box and having half of the cookies go stale because the air gets to them.  These are so easy to throw into your bag or just grab one when you want and they are always fresh, soft and yummy."
563127,563128,B007JFMH8M,A14DTJI4FMG9RB,Kirsten M Stromberg,0,0,5,1342742400,Fantastic snack,"I thoroughly enjoyed trying out the Quaker soft-baked Oatmeal Raisin cookies as part of the Influenster program.  The cookie was moist, soft, chewy... everything an oatmeal raisin cookie should be.  The taste was superb - just the right amount of cinnamon & nutmeg - and it was super filling and held me over perfectly until dinner time.  When I tried them out, I was 8 months pregnant and constantly hungry, so for a cookie to be able to hold me over for that long... color me impressed!"
563128,563129,B007JFMH8M,A3MHX1GH2BISFE,Denise K,0,0,4,1342656000,Yummy Goodness !,"Awesome cookies . Great snack to have in the cupboard when you want something quick and sweet. The quality is amazing , worth every penny and then some."
563129,563130,B007JFMH8M,A24G65GFCTVQYE,Lckykittie13,0,0,5,1342656000,Mommy's Cookies,"I love these cookies, I will have to hide them from the kids because although they would be easy to throw into a lunch box they are nice and healthy for a cheat every now and then."
563130,563131,B007JFMH8M,A224YTXYA2ERH1,aer14810,0,0,5,1342656000,Yum!,I just got done reviewing the quaker soft baked cookie line via @influenster and #momvox! They were absolutely amazing! Soft and moist perfect snack for adults and kids the same.
563131,563132,B007JFMH8M,A3UYC2W3K67LS6,princess,0,0,5,1342656000,AWESOME,"I HAVE A SON WHO IS VERY PICKY AND HE LOVES SOFT BAKED OATMEAL COOKIES. I RECEIVED A FREE COOKIE FROM INFLUENSTER AND HE TOOK IT, I TOLD HIM HE WAS GOING TO LIKE IT BECAUSE IT WAS HEALTHY FOR HIM BUT HE WANTED TO EAT IT ANY WAYS AND HE LOVED IT. I HAVE SINCE BOUGHT 3 BOXES OF QUAKER COOKIES FOR MY KIDS."
563132,563133,B007JFMH8M,A3T23AA1XLC42D,PrincessKupkake,0,0,3,1342656000,Quaker Cookie,It was very tasty and soft. It was a little dry for me but my 7 year old loved it. I have a glass of milk with the cookie and it is a nice treat.
563133,563134,B007JFMH8M,A2ERLLB9NI7B1G,Apryl S,0,0,5,1342656000,Quaker Soft Batch Cookies are a hit in my book!,I received this product to test courtesy of Influenster and Quaker and I have to say they are a hit in my house. This was the first product we tried out of the 5 we were sent to test and it lasted less then ten minutes in my home. My toddler was anxious to give them a try and I have already purchased two more boxes since we tasted the first one. They will definitely be a staple product. I love that they are from a trusted brand and I love that they are made with whole grains and I can feel good about my snack choice!
563134,563135,B007JFMH8M,A26U86H6TY5JGJ,Amber,0,0,5,1342656000,Quaker Soft Baked Oatmeal Cookie,Delicious and perfect for on the go. Kids love them and they're healthy for them too. I like how they taste home-baked and are soft and chewy. You can even heat them up slighly in the microwave for 5seconds and theyre perfect. I recieved a sample from influenster for free for testing and review purposes. Thank you.
563135,563136,B007JFMH8M,AR1T36GLLAFFX,Scott FS,0,0,4,1342656000,Tasty cookie at a fair price,"This cookie package was featured at the local supermarket, so I picked up a pack for a road trip I was going on.  I liked the fact the cookie was soft (probably the reason the cookie was individually wrapped), and the taste was almost as good as homemade.<br /><br />Four solid stars for the Quaker Soft Baked Oatmeal Cookie.  Just shop on price; if the price is good, you'll enjoy your treat."
563136,563137,B007JFMH8M,A125PQOOOVJY22,cntrystr05,0,0,5,1342656000,Chewey Goodness,This was delicious! Add a glass of milk and you have a kids favorite snack! If you love soft cookies these are perfect for you. Wish more came in a box!
563137,563138,B007JFMH8M,A2YJEUS6Q1A7WD,tete,0,0,4,1342656000,Quick and tasty,"I got a sample of one of these cookies through influenster.com. After trying the cookie they sent, I went and bought a box of them. The kids love them!! They are a quick and easy snack on the go. They are a bit crumbly, but well worth it to see their smiling faces."
563138,563139,B007JFMH8M,A1P0LOX3IG0LKP,ShamrockChicka,0,0,5,1342656000,Kid approved ;),I have a picky eater and what completely suprised that he actually liked them! They are so soft and not too sweet! They are heavenly! These will make a great lunchbox treat for your little ones! Highly recommend these!
563139,563140,B007JFMH8M,A1YSL5033M5OL5,Dianna,0,0,5,1342656000,Super yummy!,These cookies are super soft and very yummy. The spices make me think of my grandma and her baking cookies! Yum.
563140,563141,B007JFMH8M,A3CB563CBJS3U5,liz,0,0,4,1342656000,Yumm !!,I love these cookies they are soft and good ! They are great for kids to take as a snack with them I love these !! Great !
563141,563142,B007JFMH8M,AYXJ9HSVWX97S,GMom480,0,0,4,1342656000,Not Bad,"After trying this cookie I can honestly say it was not all that bad...however, I did notice a vitamin like after taste that at times was a bit over powering. I also didn't like how crumbly it is but your gonna eat it anyway so I can over look that"
563142,563143,B007JFMH8M,A10RPS63T5WIIB,brittanya sanchez,0,0,5,1342569600,sooooo delicious,"I was presented to try one from my mom voxbox, one word, heaven... It was the first thing I tested.. my 1yr old son even loves em, I already went thru 3boxes"
563143,563144,B007JFMH8M,AQDJDWP47PQT0,Heather K,0,0,4,1342569600,Awesome,"Soft and Chewy, my son and I shared a free sample of the Quaker Soft Baked Oatmeal Cookies from influenster. Very tasty!"
563144,563145,B007JFMH8M,A1BDAEB3TZ2T4N,TsMom,0,0,5,1342569600,Yummy Cookies to go!,I received this from Influenster to test and we loved how deliciously soft it was! My son and I enjoyed devouring it!
563145,563146,B007JFMH8M,AA72FD1EH0SE9,Ladyd215,0,0,5,1342569600,Quaker Soft Baked Oatmeal Cookie,"I absolutely loved this cookie. I received this as a free sample but I couldn't just have one so I went out on a search for them and found them at my grocery store. I was so happy because that one big cookie was everything I have been looking for, not too sweet, not too bland, not salty, not too many rasins and most of all not many calories. The perfect snack, especially with a cup of tea and a book..."
563146,563147,B007JFMH8M,A3T9XUHNVHA00A,"Shanique Quarrie ""SQ""",0,0,5,1342569600,Yummy!,I enjoyed these cookies. They are delicious and not too sweet. The price is very affordable. I received the product to test and went out and bought a box.
563147,563148,B007JFMH8M,A1KUT7PV7XTO23,eve,0,0,5,1342569600,Great taste and good for you!,This cookie taste wonderful.  What's even better is it is good for you too. It does not taste like you are eating oatmeal.  It is a great treat or meal on the run.
563148,563149,B007JFMH8M,A33Y649K8M9W6D,jennifer,0,0,4,1342569600,Quaker Soft Backed Oatmeal Cookie,"My daughter loved my free sample of this cookie from influenster. She goobled it right down, which i didn't think she would. She's not the biggest fan of rasins. I tried a bite and thought it was kinda dry myself but if my daughter loves it, i will buy it again! :)"
563149,563150,B007JFMH8M,A34W04PFTEIBQV,calicarli,0,0,5,1342569600,mmmmm gooood,my children love these cookies and so do I. They are soo moist and delicuos. These by far are the best tasting oatmeal cookies I have EVER had.
563150,563151,B007JFMH8M,A104FLKIMW5MRP,angelnet_inc,0,0,5,1342569600,So yummy!,"Our family is super impressed with these cookies!  They have great flavor, the cinnamon really pops and they stay soft.  They really are about as close to grandma's homemade as I have ever purchased."
563151,563152,B007JFMH8M,A35CFHASBM9OZV,shelbel906,0,0,4,1342569600,Yum,This cookie was super soft and yummy. It had great flavor.It's a great snack for anyone in the family! I will be buying more of this.
563152,563153,B007JFMH8M,A2PSBW48FQK51L,J. Willis,0,0,4,1342569600,Just Like I Like It,"To me, the perfect oatmeal cookie would be soft and filled with those soul-comforting warm spices that kind of remind you of Christmas and that is exactly what you get with the Quaker Oats Soft Baked Oatmeal Raisin Cookie.  Perfect for a mid-morning snack with a cup of coffee."
563153,563154,B007JFMH8M,A184HTUDGTM5IQ,ShaysMama23,0,0,5,1342569600,Yumm!!!,These cookies are amazing!! Taste like a home baked cookie.  They are soft and chewy just like I love my cookies!  I highly recommend them
563154,563155,B007JFMH8M,A2BUR1OE12OILL,"H. Bowers ""Harri""",0,0,3,1342569600,"Great product, but.....","It's a little too dry for my taste.  However, the price and packaging are amazing.  My kid will love these."
563155,563156,B007JFMH8M,A223904M7JA86Y,DeKeim,0,0,4,1342569600,Quaker Soft Baked,This cookies are delightful. They are easy to grab and throw into the kids lunches or snack bags and they are healthy too. I will definitely be buying these for the school year.
563156,563157,B007JFMH8M,AKX8QXMRZUZ9K,jacgardens,0,0,4,1342569600,So Soft,These cookies are so soft. They taste great. I would buy these for my family if we did not make our own.
563157,563158,B007JFMH8M,A3RL40YTFBMCCO,"T. Swanson ""Cali4niaGal""",0,0,5,1342569600,Quaker Soft Baked Oatmeal Cookies,"I enjoyed this cookie.  I did receive it as a sample through Influenster.<br />It was soft and enjoyable to eat.  I really like how they are individually wrapped.<br />Specially since we seem to have a ant problem.  I will buy this product again, specially<br />for my grandkids.."
563158,563159,B007JFMH8M,A1S9BQR8HDWGG8,Kassie,0,0,4,1342569600,YUMMY,I got a sample of the Raisin Oatmeal Cookie from Influenster in my Vox Box and it was nice and chewy. I love soft cookies and this was great. I will buy a box next time I go to the store!
563159,563160,B007JFMH8M,A2BNMHJ3IIANUJ,Shanna H,0,0,5,1342569600,Almost as good as homemade!,"I love the Quaker Soft Baked Raisin Oatmeal Cookies. They are by far my favorite.  When I don't feel like baking, or it's too hot to do so, I grab these.  They live up to their soft baked claims.  They are also even better heated for a few seconds in the microwave.  Definitely almost as good as homemade."
563160,563161,B007JFMH8M,A1XLKL4K3I618Y,"Cara L. Piersee ""hamsterkitten""",0,0,4,1342569600,"Tastes great, but expensive.","I tried these oatmeal ones and I loved how chewy they were and they weren't bad taste-wise.  I just think that for the price and how few you get in the box, I'd rather make my own.  But if you aren't great at baking, you should definitely buy some!"
563161,563162,B007JFMH8M,A1HO8OJF8EPK5C,Sarah S,0,0,5,1342569600,LOVE,"These were amazing! Out of the oven fresh, and full of flavor! Best store bought cookies I have ever tried."
563162,563163,B007JFMH8M,A2ME0LULEQCY7O,allyelly,0,0,5,1342569600,YUM!,"These cookies are fantastic! I usually don't like ""Chewy"" cookies because of their textures but i just LOVED these! They tasted amazing! They tasted as if they were just made! Warm them up for a few seconds in the microwave and bam! Yummy ""fresh baked-like"" Cookies!"
563163,563164,B007JFMH8M,A3HGUSZHOYI2B1,mommalove,0,0,5,1342569600,Quaker soft baked oatmeal cookies,Very soft and chewy. The whole family loved them and I usually don't like raisin cookies but these were very delish!
563164,563165,B007JFMH8M,A358LEKEN0GDFL,j.poll,0,0,5,1342569600,Great for sharing,"Loved them!<br />I opened the box and got the items out and took a picture. My son saw the cookie and got super excited. I opened the cookie and took a bite then set it down to grab a drink. I came back, and it was gone! My 3 year old had destroyed it! lol.<br />We both agreed it was really good and ran out to buy a box of them. We enjoyed them together that night after dinner with some cookies. Yummy!"
563165,563166,B007JFMH8M,A3EK4A6SVZZ8DC,LovelyLavenderWhip,0,0,4,1342569600,Simply Delicious,I received one of these Quaker Soft Baked Cookies in my Influenster Mom Voxbox I was hesitant to eat it as it was 170 calories their are lower calorie alternative snacks out there and cookies but this is as close to homemade as you get i liked that its soft baked and breaks apart easily the overall taste was pretty good as well. Not a purchase for me unless they were to cut about 50 calories from it.
563166,563167,B007JFMH8M,A26GHQOTRZMGG8,Sherry,0,0,4,1342569600,Loved Quaker Soft Baked Oatmeal Cookies!,The Quaker Soft Baked Oatmeal cookies were delicious! They were soft and chewy and full of whole oats. My kids gobbled them up and wanted more. I had one with my chamomile tea and the kids enjoyed theirs with milk. I would definitely recommend these cookies for the whole family.
563167,563168,B007JFMH8M,A2VIXOQOV4DH3U,Chad Porter,0,0,4,1342569600,Great for a quick snack,These are pretty tasty and filling. If I have no time to eat these hold me over til the next meal.
563168,563169,B007JFMH8M,A354VQXQCGIQZ2,christina,0,0,5,1342569600,go and get em!,These cookies are excellent and the kids love them too! I recieved them as a sample and went out and bought a box the same day!
563169,563170,B007JFMH8M,AX3V4W4Y891BO,Nicole,0,0,5,1342569600,Delicious!,"These cookies are great! They are super soft and chewy with a great texture. My kids LOVED them, and they are moderately healthy."
563170,563171,B007JFMH8M,A15LKTKJ2PSQU3,Megan Wilson,0,0,4,1342569600,Really soft and yummy!,"I received the Quaker Soft Baked Oatmeal Raisin cookie from Influenster.  I thought it was kinda crumbly, but my daughter and I loved it."
563171,563172,B007JFMH8M,A2CI1KCN3DSOT9,meadow230,0,0,4,1342569600,yummy,I got these from influenster to try and they are so soft and yummy. Would recommend these to my friends and family.
563172,563173,B007JFMH8M,A3O0F5L5I6EMI6,DENISE,0,0,5,1342569600,Delicious,My 4 year old absolutely loves these. They are always soft and taste super fresh and so easy to find at the grocery store.
563173,563174,B007JFMH8M,A10HCDJHR436EJ,Marisa,0,0,3,1342569600,Not tasty,I dont like how it tastes because i don't like oatmeal or raisins but if you like them then i think its good to eat these cookies because they're healthy and you will probably like the taste.
563174,563175,B007JFMH8M,A1C7KM3C4IFVG0,jessey,0,0,5,1342569600,yummy cookies!,I would definitely recommend getting these cookies.  They taste awesome. Great snack at home or on the go. Really not pricey. Everyone should try them!
563175,563176,B007JFMH8M,A3BYKK0TFKRC22,melody,0,0,5,1342483200,Very good!!,These cookies taste so good. They are fresh and moist! I like that they are the perfect size and that they are individually wrapped.
563176,563177,B007JFMH8M,A1X97AA5LSO28Z,Danielledee,0,0,4,1342483200,Not a cookie lover,Not really a cookie lover and specifically not and oatmeal & raisin fan but it was really tasty and fresh!!  Received this as a sample.
563177,563178,B007JFMH8M,A3J3MFGC8VVZ2K,Kanya,0,0,5,1342483200,So Yummy!,"In our house we LOVE love LOVE cookies! So this cookie was put to the test, and it totally passed with flying colors.  The tase of it was just so delicious and soft. My daughter (5yrs old) loves these too.  So I don't mind giving this to her because it is a healthier cookie."
563178,563179,B007JFMH8M,A27RSLNCI9W48H,lelebell82,0,0,5,1342483200,Yummy and healthy,"Loved these. Received them in my influenster voxbbox. Would definitely recommend to anyone. Kids love them too. They taste good, they are nice and soft and the packaging leaves them fresh."
563179,563180,B007JFMH8M,A2VANQZJ50SDKH,porsha coleman,0,0,4,1342483200,good cookie,this is a good cookie very soft and moist I wished they made an oatmeal chocolate chip my kids loved them and I would buy again
563180,563181,B007JFMH8M,A20F84KUBWM88B,"Vicky ""sports girl""",1,1,5,1343779200,Great & filling,"These are very good, the pack I got was stale, however they still had great flavor to them and are soft & chewy!! They are also a great size and are very filling on their own!! My son has taken them to school for an after school quick bite before sports, and i love to have them at work in case I am starving and know lunch is getting pushed back in the day. They are really great, and if you have tried their oatmeal breakfast bars these are kinda like them, but not as heavy!!"
563181,563182,B007JFMH8M,A2ZJDGVJ45AR5W,"Will Kalif ""StormTheCastle""",1,1,4,1343779200,Good cookie with nice cinnamon taste,Quaker always has high quality products. I like these cookies. They have a great texture and great taste. And they are a good size.  Individually wrapped in foil packets for freshness. Good taste with a nice hint of cinnamon. If you like cinnamon you will love these cookies.
563182,563183,B007JFMH8M,ABC68JUCPTVOE,"A. Fabbri ""afabbri""",1,1,5,1343692800,"Tasty, healthy, individually-wrapped oatmeal cookies","These cookies taste really good.  The only oatmeal cookies I like better are the chewy ones made with more sugar (carmelization!).<br /><br />Given the moderate (12g) amount of sugar in these, they taste great, and actually make sense as an energy snack.<br /><br />Likes:<br />- Fiber!  4g per cookie.<br />- Nutrition: Easy on the fats and sugars.<br />- Soft, semi-chewy texture.  Raisins are just chewy enough.<br /><br />Dislikes:<br />None really.<br /><br />Individual packaging is nice for taking them with you.  Always like to see less packaging but these aren't too wasteful on materials.<br /><br />Recommended."
563183,563184,B007JFMH8M,A25UCQ4V0THJIJ,peasterpeach,1,1,2,1343433600,So so,"I got these in the momvoxbox from influenster.I am a cookie lover,however these were not my favs.My toddler loved them but he will literally eat almost anything sooooo that doesn't say a whole lot."
563184,563185,B007JFMH8M,A29BA6LLBLJILF,"Eric DiPier ""Life is a gift horse.""",1,1,2,1343433600,Just not a good cookie,"I am a cookie lover, so I was excited to get to try this product for free through the Amazon Vine program.  Unfortunately, these are just not very good.<br /><br />They are too crumbly, almost powdery, as if maybe they weren't baked enough.  The flavor is okay, but certainly nothing special.  They are soft, but the texture is not pleasant.<br /><br />They remind me of ""Grandma's Cookies"".  Except they are about half as good."
563185,563186,B007JFMH8M,A1SXCGBJ9JW2MO,"Stephen W. Templar ""rexGun""",1,1,5,1343433600,Great For When You're On The Go,"These are a very filling and great tasting.  As a quick snack, when you don't have time for a meal, or a super simple quickie breakfast; these are a very good option.  I highly recommend them."
563186,563187,B007JFMH8M,AWKZAUC0D8DYL,"Auskan ""Auskan""",1,1,5,1343347200,Quality Cookie,"My cookie-hound husband was into them almost before they were out of the mailbox.  The quality and taste are very much the same as Archway brand; that is a good thing as I consider them to be the best store-bought cookie out there.  My husband would have liked more whole oats in the mix, but understands that too few people appreciate texture in their food.<br /><br />The individual wrapping might be nice for kids' lunches but is an expensive and unecological waste for the (typical) case that a group will be eating them and/or individuals will eat more than one.  At the very, very, least wrap them two-at-a time?<br /><br />If they're priced similarly to Archway, I would expect them to do at least as well as the equivalent Archway cookies."
563187,563188,B007JFMH8M,AECVYXIL9791R,David C. Read,1,1,3,1343260800,"Tasty, but not moist enough","These individually sealed oatmeal raisin cookies are tasty, and soft, but a bit dry. They need to be a little more moist, especially since the whole point of cookies in individual foil wrappers is to protect moisture. The taste is traditional cinnamon raisin, and the taste is fine, but in this crowded market, with many competitors, Quaker cannot afford for the cookies not to be perfectly moist.<br /><br />I remember back when the Quaker Oats came in a round, cardboard container. On the side of that container was a recipe for oatmeal cookies, which my mom used to make frequently. Those cookies, with Nestle's chocolate chips added, were the best oatmeal chocolate chip cookies I ever tasted. Now, if Quaker could market those cookies and make 'em taste as good as mom's, then they'd have something."
563188,563189,B007JFMH8M,A2S3MUP7B22XIC,"Liz ""Liz""",1,1,3,1343260800,"Just ok, dry and crumbly","They're cookies so they're not just terrible, but I've had lots better soft-baked cookies than these.  They are pretty bland, just a mild raisiny sweetness and the texture is dry and crumbly and turns a little mealy upon chewing.  I tried them in coffee and in milk to see if they were better that way and while the taste was a little better the texture just became wet and mealy and bits fell off into my coffee.  A soft cookie can definitely be moist, hold up to milk and have a bit of chew to it.  Pepperidge Farm makes an addictive soft baked oatmeal cookie."
563189,563190,B007JFMH8M,A28YBL28P03P8V,Bradley Nelson,1,1,3,1343260800,Soft but dry,"One star for being soft. One for having oatmeal. One for having raisins. But that's it. These cookies taste fine, but they are pretty dry and fairly crumbly. Not overly enjoyable. They'd be fine dunked in milk or something, but I'd be afraid half of it would fall into the glass. Little Debbie and Pepperidge Farms have both proven that you can sell packaged, soft-baked cookies that are still moist. Plus, these seem over-packaged. Individually wrapped cookies? Okay, yeah it's handy for a packed lunch or something, but really? That seems excessive. I'd probably skip these."
563190,563191,B007JFMH8M,A1EEMRCN80LZ90,sunshinedaydream,0,0,5,1342483200,Quaker Soft Baked Oatmeal Cookies,This is a great product. Moist flavorful cookie that is packaged nicely so you can take it on the go. This is a great to go breakfast or a snack anytime of the day.
563191,563192,B007JFMH8M,A1BCIUKGX6N7AI,jdilucia,0,0,3,1342483200,Quaker Soft Baked Oatmeal Raisin Cookie,"Tasty cookie!  It was soft, though maybe just a little dry.  The raisins were actually nice and juicy, not all dried up like in most packaged cookies.  Pretty good overall."
563192,563193,B007JFMH8M,A2F9UFVDZ7MU6P,mommyblogger,0,0,4,1342483200,Pretty good,This cookie is big enough to share! I love the taste this cookie is more on the dry side not so much chewy so if you like the harder drier cookies this is for you!
563193,563194,B007JFMH8M,A3DIBRGX84SA4E,CMTafur,0,0,5,1342483200,Fresh Out The Oven Taste,"I received this product free to test from Influenster.com and couldnt have been more excited to try.  I love soft baked cookies, but I find that whenever i try to buy ones that are already made, they don't taste fresh.  The Quaker Soft Baked Cookie is large and fulfilling.  The taste was fresh as though it had been made right in your own kitchen.  My kids loved the oatmeal raisin and it had just the right amount of raisins in it.  This will be the ONLY type of soft cookie I will buy from here on out!  I love the quality of Quaker products!"
563194,563195,B007JFMH8M,A2Q9SY78G449KO,Ericas,0,0,5,1342483200,quaker soft bake oatmeal cookies,These cookies are so good and soft as promised!  Def recommend them to anyone and everyone that is looking for a good cookie at a good price!
563195,563196,B007JFMH8M,A3NTM6QNFJ33KP,Gamergirl,0,0,5,1342483200,Big Fan of Oatmeal Cookies,I love Oatmeal Cookies so I was really looking forward to trying these.  They are so good and soft my favorite combo with a oatmeal cookie.
563196,563197,B007JFMH8M,A577RLM624AJM,rocknbeauty,0,0,5,1342483200,great cookie,quaker soft baked oatmeal cookies are so good they are soft which is a plus and the taste is great
563197,563198,B007JFMH8M,A25TXAWGXMD7SX,Kylee J. Foral,0,0,5,1342483200,Amazing!,"I tried these when given to me to review. I will (and have) get more of these! Delicious! I love the chocolate more than the raisin, but that is purely personal preference on my part."
563198,563199,B007JFMH8M,A296VN3YRF44CE,"H. Boelsma ""moo77hb""",0,0,4,1342483200,Moist and yummy!,"Mommy and kid approved!  I had the opportunity to taste and test Quaker Oatmeal Cookies in Raisin from Influenster and I was happily surprised by the texture, taste, and yumminess.  The kids loved them and didn't even notice the raisins.  I would recommend them for a great healthier snack!"
563199,563200,B007JFMH8M,A2EDBL0WCXTZ37,shelle7,0,0,5,1342483200,yummy,"The cookie is very soft, chewy, tastes great and good for you. Provides a good sourse of fiber. You fins almost at any store."
563200,563201,B007JFMH8M,A10YPORPPZQEWX,"Aimee B. Christiansen ""Aimee""",0,0,4,1342396800,Yummy!!!,These are so yummy and I love to eat them! You have to try them they are sooooo yummy! Very great product and worth the money!
563201,563202,B007JFMH8M,A2APLHETAO56C,Kate09,0,0,5,1342396800,Soo good!!,"After trying these for a review for Influenster, I ended up buying a box of these because they were so good! They are soft and they come in individual packages so you can just take on the go. My kids loved these too and since they are a lot healthier then other cookies, I will definitely be purchasing more."
563202,563203,B007JFMH8M,A386ZPWEV03PW5,christine,0,0,5,1342396800,Scrumptious Cookies!!!,"I got this is my Mom Vox Box from Influensters to try and my little daughter ate it right up! She thought she wouldn't like it because of the rasins but, she loved it!!! She said it was very soft and yummy! She said it reminds her of grandmas cookies! It tasted like homemade cookies she said! She loved them so much she asked to buy her more every time we go to the store!!! I was very impressed!"
563203,563204,B007JFMH8M,A2F07C7I04VROQ,"H. Jolly ""heatherleighj""",0,0,5,1342396800,Soft & Delicious,"I will absolutely purchase this item.  I received one of these in my Voxbox, and liked it right away.  The flavor is delicious, and it has a chewy, soft consistency (which I prefer in cookies)."
563204,563205,B007JFMH8M,A1KF8IJAV6YM4U,Jacqueline Rodriguez,0,0,5,1342396800,Delicious,I received this product to test as a part of my Mom VoxBox from Influenster.com. As I was going through all the products I was sent to test I opened the Quaker Soft Baked Oatmeal cookie and ate it. I was pleasantly surprised. I have not eaten an Oatmeal cookie since I was a kid.  Taking that first bite brought me right back to my childhood where my mom would bake oatmeal cookies for my grade school parties.  The Quaker cookie is very soft and has just the right amount of raisins.  The raisins do not take away from the taste of the oatmeal. I have already bought two boxes of these and will continue to add these cookies to my bi-monthly grocery lists.  Try these cookies you will not regret it!!
563205,563206,B007JFMH8M,A3C7KTR1AJFLAV,karina,0,0,5,1342396800,my favorites,i receive this at a mom voxbox influenster.com i love this cookie its sooo yummii i will buy more of this cookies
563206,563207,B007JFMH8M,AEEVLJ7BYX0XO,Raqueta,0,0,4,1342396800,Yummy Goodness,"I received this product to test as a part of Influenster.com. I really don't like oatmeal cookies, but this was definitely a mind changer. It was so soft. It was mouth watering when I smelled it. I smell all fods before I eat them, especially if I am unfamiliar with them,don't ask why, because I don't know lol. But these were great and it was gone before I finished looking through the box. These are definitel great for healthy snacking and I know kids love them dearly. I can't wait to try the other cookie flavors! Thanks Quaker"
563207,563208,B007JFMH8M,A28LV7CHO84L0V,S. Fischer,0,0,4,1342396800,Soft but a little crumbly,"I received this cookie in my moms voxbox from influenster.com. It was delicious. My only complaint is that is was a little crumbly, a little too messy for kids. Perfect for me however and I was not sharing so it was fine :-)"
563208,563209,B007JFMH8M,A16ILKBW93JOQV,Tester,0,0,4,1342396800,Good,I like the taste and the texture...i personally dont really like this flavor but its actually pretty good :) it passes my picky taste.
563209,563210,B007JFMH8M,A2V62Y7O1GCF0N,Alyssonvasquez01,0,0,5,1342396800,In love with aker cookies,"The first thing I noticed when unwrapping my Quaker cookie was the smell. I smelled fresh baked good as soon as I unwrapped my cookie. I received the oatmeal raisin cookie, I'm not a fan of raisins but I was willing to give the cookie a try just based on the amazing smell. When I took my first bite I was in love, the cookie was soft and moist and when it was gone I found myself wanting more. I totally recommend people try this amazing cookie for themselves."
563210,563211,B007JFMH8M,A3Q6DHPCWYBB34,SuperSteph,0,0,5,1342396800,A bite of heaven,"<a href=""http://www.amazon.com/gp/product/B005KK56JU"">Quaker Soft Baked Oatmeal Cookies 6 count box (8.8 oz.), Raisins (Pack of 4)</a><br /><br />I received this cookie in my moms voxbox from influenster.com. I am not usually a cookie person unless i am baking them myself, but in this case i really enjoyed this cookie. I was even more surprised by the nutrition facts, a cookie good this good should not be good for you. I will definitely be picking up a box on my next shopping trip."
563211,563212,B007JFMH8M,A2EMTE0N2OEZBA,mizchrist76,0,0,5,1342396800,Great snack for anytime of the day!!,I have been buying these cookies since they first came out and my family loves them. I have bought every flavor they had and there wasn't one that they didn't like. I will continue to buy these for my family. Great price and delicious!!
563212,563213,B007JFMH8M,A1KZPDB5MOWNVU,Carolyn,0,0,4,1342310400,Soft and yummy,I really enjoyed these cookies. They were soft and yummy. Almost like hommade. I would repurchase them again. Quaker is a brand I love and trust for quality.
563213,563214,B007JFMH8M,A95BNBRD7T2OR,Johana The290ss,0,0,5,1342310400,Love them!,I love them they are so chewy and they taste awesome I would definitively make them my favorite. If you are a fan of cookies you will love this ones.
563214,563215,B007JFMH8M,A6772Q9ZBZOMI,"Rachel R. Hutchings ""twilightmama31""",0,0,5,1342310400,These are great!,"I really like these cookies, they are soft and chewy and have the great taste of quaker oats....I will definately be buying these again."
563215,563216,B007JFMH8M,A11KR7FUZ85UQD,JJ,0,0,3,1342310400,Good,"I really liked the Quacker cookies. They were soft and tasted good. I dont think they tasted better than the chocolate chip kind but, they were still good."
563216,563217,B007JFMH8M,A1ZQCV5OTBDDYM,skaulitz,0,0,5,1342310400,"Soft, Chewy, and Delicious","I absolutely loved these!  They are soft, chewy, and irresistible.  They are not quite like homemade, but darn close.  I had a hard time eating the sample that I got from Influenster.com.  Both of my children asked for one bite and then were begging for more."
563217,563218,B007JFMH8M,AVYJR4PZSMC7J,ktshelt,0,0,4,1342310400,Next best to fresh homemade!,I received one of these cookies from Influenster and I am always reluctant to try pre-made cookies because they make my teeth hurt. I was pleasantly surprised when my teeth didn't hurt and the cookie made me think of cookies from my childhood. The cookie was fresh and was soft and I am not a huge fan of raisins but honestly I enjoyed them in this cookie. I will be buying a box of these as they are a great snack item for the kids.
563218,563219,B007JFMH8M,A2MFSX1QO1O6XL,StevieAlaine,0,0,3,1342310400,Won't replace homemade,"The kids LOVED this, but I mean, hey it's a large, soft, chewy cookie, of course they are going to love this. Hubby is a little more accustomed to my homemade cooking so he could take it or leave it. I thought there could be a few more raisins in it.<br /><br />Thank you influenster for allowing me to try this product."
563219,563220,B007JFMH8M,A38O1ORC6DMIC8,Pen Name,0,0,5,1342310400,Love these cookies,Oatmeal raisin cookies are my favorite cookies. These are very soft and the raisin are moist. Will definately be buying more
563220,563221,B007JFMH8M,A29BJXDGPRZZ6M,Shelley Stepp,0,0,5,1342310400,Love this cookie,"I loved these oatmeal raisin cookies. They were huge and full of flavor. if you love oatmeal raisin, you will LOVE these!!"
563221,563222,B007JFMH8M,A3TCC2QRWE1057,Stacy,0,0,5,1342310400,Yummy,These are great! My kiddos loved  them. Thanks influenster and quacker.<br />I received a sample and the kiddos ate them up.
563222,563223,B007JFMH8M,A108WU6MBLRCQ2,JMagson,0,0,3,1342310400,Not Bad for a Packaged Cookie,"These aren't bad for a packaged, commercial cookie. They don't taste fake, they aren't overly sweet, and they have a nice texture. My kids really liked them."
563223,563224,B007JFMH8M,AZL2XX95UP66F,bbsfnlg,0,0,5,1342310400,Yummy!,"These are so soft and delicious. They are from Quaker, so you know that they are good for you! My son and I both loved them."
563224,563225,B007JFMH8M,A1DYF6ECUCGHXY,Mamatasha09,0,0,5,1342310400,Soft cookie quaker,I absolutely loved this cookie! They are so delicious! i will continue to buy them. They are oist chewy and i could eat a whole box!
563225,563226,B007JFMH8M,A1A7VD0YGGDAPS,Maly,0,0,5,1342310400,Thinking differently about oatmeal,I never really liked oatmeal cookies but the commercial for the Quaker soft baked Oatmeal cookie bought me. I loved how soft it was and tasted just as fresh as a cookie that just cooled down out of the oven. I am addicted
563226,563227,B007JFMH8M,AE7GOY1DVV90P,kiko0510,0,0,5,1342310400,Delicious!,"My son doesn't usually enjoy cookies unless they are chocolate chip, or have frosting on them, but when I gave my 2 yr old the quaker soft baked oatmeal cookie, he ate it right up! they were delicious!"
563227,563228,B007JFMH8M,A2088N03XT252I,Elizabeth the best,0,0,5,1342310400,I love this cookie,I am a big fan of oatmeal cookies and no one does it better than Quaker..I however was surprised at how soft this cookies are...I was expecting to need to wrap it and put it in the microwave but it was perfect right out of the package.
563228,563229,B007JFMH8M,A1JJLIO36ZYX4V,Influenster Girl,0,0,5,1342310400,Yummmm!,"These cookies are delicious, and soft. and still taste as new out the package. I would definitely encourage everyone to get these. I guarantee you and your children will enjoy them :-)"
563229,563230,B007JFMH8M,AC9DSAOJYZQJY,"Kathy Sloan ""KatWoman""",0,0,5,1342310400,Yummy!,"Soft, and oh, so delicious! I'd about had it with packaged cookies until I tried these! You won't be disappointed!!"
563230,563231,B007JFMH8M,A3QX8851P2SPRI,Cloudydreamer,0,0,5,1342310400,delicious treat to eat,"I love oatmeal raisen cookies so when i heard that Quaker was selling a new soft baked cookie i was ready to try it. I was a little skeptical that it wouldn't live up to my expectations ,but Im glad i was wrong. It's so soft and yummy . it literally could have been a homemade cookie. its a great treat and i will definitely be buying more."
563231,563232,B007JFMH8M,A2QYHMYRVMV1ZH,Candace Brown,0,0,5,1342224000,yummy snacks,these soft cookies were vert good. I tryed the Oatmeal rasin soft cookies. They were good. I like oatmeal raisn cookies. I can't wait to try some other the other flavors. These cookies are an A++++ in my house hold. everyone loves them.
563232,563233,B007JFMH8M,A23EMS4X0ER4Y7,Heather Beckley,0,0,5,1342224000,To die for cookies!,"These cookies are so good! I never get to eat a whole one though, my kids keep snatching them! They didn't even seem to notice that they were healthy cookies that are actually good for you!"
563233,563234,B007JFMH8M,A2KKQN5F0SNY2L,klv53,0,0,5,1342224000,Great!,There are delicious.  I recommend for all the oatmeal cookie lovers!  My kids also loved the cookies as well.  Great for the whole family.
563234,563235,B007JFMH8M,A23QYBKI1630CV,Blei Mom,0,0,5,1342224000,Yum!,"I Love these oatmeal raisin cookies! They have a ton of flavor, are soft and moist, and I don't feel as guilty eating them, because they are quaker and I trust thier products to be delicious and a healthy alternative!"
563235,563236,B007JFMH8M,A1LCNGIJFB0EVS,lma,0,0,5,1342224000,YUM YUM IN OUR TUM TUM!!!,I recieved these in my Mom Voxbox from Influenster and my daughter loved them.  So after that we bought a box and we all loved this cookie!
563236,563237,B007JFMH8M,A1L7622GIOHOKH,Mike,0,0,5,1342224000,Yummy,"I recieved these in my Mom Voxbox from Influenster, all I can say is amazing. My son even likes them!"
563237,563238,B007JFMH8M,A148C4XEPCK9Z8,Dawn M. Pruit,0,0,5,1342224000,Awesome Goodness!,"I recently got the chance to sample Quaker Soft Baked Oatmeal Cookies via Influenster in my Mom VocBox and that cookie didn't last 2 minutes in my home!  Once it came out of the box, it was out of the wrapper and I had to split it 3 ways cause the kids saw it and had to have some.  Love the soft, chewy goodness and the flavor is so great and pure.  We are headed out to get some more!<br />*I recieved this product compliments of Influenster however all opinions are my own."
563238,563239,B007JFMH8M,A1I64I4DNTMVI0,LUCHANA,0,0,5,1342224000,delish,"I GOT TO TRY THIS QUAKER SOFT BAKED OATMEAL COOKIE THROUGH THE GOOD FOLKS FROM INFLUENSTER AFTER RECEIVING THEIR 2012 MOMVOX BOX, AND I MUST SAY I LOVE IT, FIRST OF ALL OATMEAL COOKIES ARE MY FAVORITE, SO THERE WASNT ANY DISAPPOINTMENT THERE, THE COOKIE RETAIN ITS SOFTNESS/FRESHNESS OFTER BEING OPENED BY ME FOR A WEEK NOW, AND THAT WAS GOOD, PLUS IT TASTE GREAT SO THUMBS UP"
563239,563240,B007JFMH8M,A1MSW4GEXW0B9M,Meredith,0,0,5,1342224000,Just Like Mama Used to Make!,"I received this product complimentary for testing purposes from Quaker and Influenster. I didn't hardly get it out of the box before my 2 year old spied it and had to try it! We split the tasty cookie and both really enjoyed it. I have since bought some of the crunchy Quaker cookies which are really good too, but I really do like the soft, chewy oatmeal raisin cookies for my daughters. It's great afternoon snack and easy to pack in my purse for trips to the zoo or swimming. Also, since there Quaker cookies it's a brand I trust and have used for years so that makes me feel happy about the choice I'm making for my children."
563240,563241,B007JFMH8M,A3V8ZNL3RNF1BI,V. Reyes Villarreal,0,0,5,1342224000,Love these!!,I love oatmeal and i love raisins. So the two combined was great!! I loved the Quaker oatmeal and raisin  soft cookie!! I have and will be a future repurchase for myself and my family.
563241,563242,B007JFMH8M,A32Q9FOJ1MJEHF,Chalsae,0,0,5,1342224000,Absolutely delicious!!,"As soon as I opened my Mom Vox Box, I pulled out this cookie. I LOVE oatmeal raisin and so does my 2 year old daughter, Lily. She started screaming, ""cookie, cookie mama, cookie"". So naturally I gave in. She liked it. She decided to eat it over her mac and cheese which is unusual for her! I did manage to steal a piece and it is amazingly good! I will definitely be buying these regularly!"
563242,563243,B007JFMH8M,A1WGOLZ6D7ADIK,Tatiz20,0,0,5,1342224000,Quaker soft cookie,"very soft and delicious cookie, the best i have had in a while thank you to influenster for allowing me to try this great product<br /><a href=""http://www.amazon.com/gp/product/B000YPML80"">Quaker Breakfast Cookies Oatmeal Chocolate Chip, 6-Count Boxes (Pack of 6)</a>"
563243,563244,B007JFMH8M,AOOFWCK48CR45,Pompup2,0,0,5,1342224000,"Quaker Soft Baked Oatmeal, Raisins are Yummy","These cookies are soft and delicious.  They are good for a quick, healthy snack or a quick breakfast.  This cookie lover highly recommends."
563244,563245,B007JFMH8M,A15ARCZBFXPLJP,Erika,0,0,4,1342224000,So good!,They are soft and chewy. they they taste like homemade cookies. I liked the fact that they weren't too sweet.
563245,563246,B007JFMH8M,A2L00I9B4V9F77,Riley,0,0,5,1342224000,Better than homemade,"Soft, chewey, & fresh! I recieved a free sample and would definitely buy it for my family & recomend to anyone!"
563246,563247,B007JFMH8M,A3ADADIUY2VMQY,erica,0,0,5,1342224000,Soft Baked cookies,These cookies are so good and soft.. I love these cookies eat atleast one everyday I find littles one's love them as well.. You can't go wrong with these cookies plus they are good for you..
563247,563248,B007JFMH8M,A2YEO8R7AA0G1Y,give a try,0,0,5,1342137600,Yummy ;0),I loved the quaker soft baked oatmeal cookie that i recieved complements of Influenster.com. The cookie was soft and chewy with a sweet cinnamon kick to it! I couldnt wait to buy more!
563248,563249,B007JFMH8M,AOR6RZIEAS241,pascale,0,0,5,1342137600,quaker soft baked cookie,I loved the quaker soft baked oatmeal cookie that i recieved complements of Influenster.com. The cookie was soft and chewy with a sweet cinnamon kick to it! I couldnt wait to buy more!
563249,563250,B007JFMH8M,ACP28QFJBMHWX,Sara Jackson,0,0,5,1342137600,YUMMY!!!,I received this product courtesy of Influenster and this is delicious..it was soft and full of flavor. I am definitely going to repurchase these.
563250,563251,B007JFMH8M,A3G4W7TC1J1043,sheenggiiee,0,0,5,1342137600,LOVED IT!!!,"I'm not such a RAISIN fan but boy, these Quaker Soft Baked Oatmeal Cookies sure made me changed my mind! I loved them! Very chewy!!! (:"
563251,563252,B007JFMH8M,A3B29ITB08I5MU,Janna,0,0,4,1342137600,Yum,"I was able to try this thanks to influenster.com. My daughter who is one ended up stealing it from me before i could finish my bite but what i got was delish, and she gobbled the rest right up. We will Definitely be buying more soon"
563252,563253,B007JFMH8M,A3IJO62UOO8K3F,bellastarlette,0,0,5,1342137600,YUMMY,I tried these courtesy of influenster.com as a prize. My family loved them. They taste very much like homemade cookies. I have already bought more.
563253,563254,B007JFMH8M,A3Q2NT71Q0R2OW,hljudd,0,0,5,1342137600,Yum,Who doesn't love cookies? these Quaker oatmeal raisin cookies are so good but made with whole grain and oats. For a sweet and healthy snack these are great. I love soft cookies so these were a hit.
563254,563255,B007JFMH8M,A15V4R9N8QS3BI,Jacqueline,0,0,4,1342137600,I'm a homemade fan but this is wonderful!,"I am a huge fan of homemade cookies but this one made me forget it was store bought! :)  Yummy, healthy and even my picky daughter liked it.  :)"
563255,563256,B007JFMH8M,A1IVYVCF909Y3C,Teisha,0,0,5,1342137600,Pleasantly suprised!!!,I am not normally a cookie fan but I tried this cookie and it was great!It was very soft and the taste was just wonderful. It isn't overly sweet so it is a great on the go snack for the entire family.
563256,563257,B007JFMH8M,A3PISDJ6R3JZDA,di2bhusker,0,0,5,1342137600,Wonderful,These cookies are wonderful and healthy for you.  My kids absolutely loved them and I love that they love something that is good for them!
563257,563258,B007JFMH8M,A2I5DV01ZUV8U4,"Beth Kolousek ""neko""",0,0,4,1342137600,Really good for a packaged cookie,The cookie was soft and not over bearingly sweet which is unusual for store bought packaged cookies. I would buy these again.
563258,563259,B007JFMH8M,A3V2Y09XX8LVLO,Chantal Cooper,0,0,5,1342137600,Super Yummy!,"I try to restrict the amount of sweets my family has, especially now that I am on a diet. I LOVED these cookies though! They come individually wrapped, which is great for on the go or for little ones. This also makes it easy for me to have just one at a time. They are SUPER YUMMY and  I can't wait to purchase more!"
563259,563260,B007JFMH8M,A3KI4RMH7JX91D,Stephanie,0,0,5,1342137600,Yummmm,At first I wasn't very excited to try the cookie just because I don't normally eat sweets but these were so good! I got the oatmeal one and I loved it. I wanted another when I was fished!
563260,563261,B007JFMH8M,A23SVJ5YBYXQDW,yher90,0,0,5,1342137600,Quaker Cookies,I absolutley loved the cookie. It had a great taste and it was chewy good. It was yummy in my tummy.
563261,563262,B007JFMH8M,A100CFHPG2AIP,Laura,0,0,4,1342137600,I LOVE these COOKIES!,I had the cookie and loved it. My boyfriend and daughter enjoys it as well! It's soft and chewy and would be a great on the go snack since they're individually packaged. How awesome is that! And all at 170 calories per cookie. I personally wouldn't go out and stock up like crazy because I'm more into veggies and fruit snacks but I would buy this again. Quaker always comes out with really great products! =]
563262,563263,B007JFMH8M,ACNGECLAPEYWP,jillg24,0,0,4,1342137600,Yummy & soft,"My 5 yr old son loved the cookies. I enjoyed it as well, I am just used to cookies being a bit sweeter."
563263,563264,B007JFMH8M,A2FZ3UAEXLWKP9,msjenna,0,0,5,1342137600,Healthy and delicious,"Quaker soft baked oatmeal cookie....ITS SO YUMMY!!! added on with a cup of milk, its chewy it isnt too sweet or not sweet at all."
563264,563265,B007JFMH8M,A220RG3VQRX3JK,r3dcarpetstatus,0,0,5,1342137600,everyone loves them!,"m, my daughter, my mother, my friends, all loveeeee these.... better than any bakery!! perfect homemade..... cant wait to get a big box of them!"
563265,563266,B007JFMH8M,A1IIOLH8KAECSO,TexasLulu,0,0,5,1342137600,Surprised it was so soft!,"I cannot rave enough about these cookies. I received a complementary cookie in my mom Vox box just a few days ago and within the same week bought an entire box to share with my family. These cookies are soft , generously sized and delicious. Definitely a good buy."
563266,563267,B007JFMH8M,A37RVR1EDMZRQT,LindseySavage,0,0,5,1342137600,Quaker Soft Baked Oatmeal Cookies,"I am in love with these cookies. They are soft and chewy, and I love how they are individualy wrapped so I don't have to worry with them going stale once I open the box. I definitely would reccomend them to anyone who likes oatmeal cookies or to anyone wanting to try something new."
563267,563268,B007JFMH8M,A2HGGEEE11AMJH,True2g,0,0,5,1342137600,Yum-O,"I don't normally like oatmeal cookies, but these cookies are so soft, moist, and melt-in-your mouth delicious that I fell in love. I think it's absolutely brilliant that Quaker Oats has started making oatmeal cookies! They are the experts on oatmeal! I can't wait to see what new flavors they come up with next. So far I've had the Oatmeal Raisin and the Banana and they were both very good. I also love the convenient single serve packaging, which is great for my daughter's school lunches."
563268,563269,B007JFMH8M,A2V63C6ND3ECO0,LMM,0,0,5,1342137600,Great Taste!,These cookies are very tasty and soft! I received a complementary cookie in my mom vox box and will definitely be buying more!
563269,563270,B007JFMH8M,A2SBXS4OLUFH89,thegrnstuff,0,0,5,1342137600,Quaker Oatmeal Cookie,"Excellent product, very filling, my teenager who eats NOTHING but pizza loves them!!!! Very aforable and easy to carry with you."
563270,563271,B007JFMH8M,A2QVDSOVCS1GM2,Meggy,0,0,4,1342137600,This is good.,"I don't usually like raisins in my cookies, but I got to try it out and this cookie was yummy!  It was filling and satisfying, too."
563271,563272,B007JFMH8M,A33F2CZLG4MDOF,independentmami,0,0,5,1342137600,YUMMY r my TUMMY,I like that these cookies are individually packed.  They are really good.  I really like that they are so soft.  They tasted fresh baked right out of the oven.  I loved them!
563272,563273,B007JFMH8M,A28GBNBN8BE3U1,alexa,0,0,5,1342137600,yummy!!!,My kids loved this cookie!! It was so soft it like melt in ur mouth! I would def buy this cookies again! U will need milk or water while u eat it tho its a little bit drying while eating. :-)
563273,563274,B007JFMH8M,ABFGQOKG43J1I,Katie Peterson Lane,0,0,4,1342137600,Super yummy!,Although not homemade they are as close as you are going to get in a packaged cookie!  They are really soft and full of flavor!  Just big enough to satisfy your sweet tooth too.  My kids really enjoyed these so I will repurchase!
563274,563275,B007JFMH8M,AFZFTS599CAZ1,DawnLC,0,0,3,1342137600,Smells amazing!,"When I first opened the package, I felt like a little kid again!  The cookie smelled just like the creamy oatmeal cookies my mom used to make when I was little!  I did not used to get heartburn as a little kid, though, and there was the drawback!  My tummy is just too tender for those crazy oats!"
563275,563276,B007JFMH8M,A1HVOIR3GDZIZE,Kristin,0,0,2,1342137600,"Ok, but not like homemade",I'm glad I got to try this before I actually purchased it.  I would not purchase these.  The initial flavor was ok then it left a kind of chemically after taste.  It kind of reminded me of eating a cookie with the texture of a biscuit.  I definitely needed something to wash it down.
563276,563277,B007JFMH8M,A2RAUWEGFE47AL,Tamra Drnnis,0,0,5,1342137600,OATMAZING!,"The Quaker Oatmeal cookies were absolutely delicious; soft, sweet, and perfect in every way! I will definitely be buying these often! They are very flavorful and just melt in your mouth!"
563277,563278,B007JFMH8M,A1UOPR5GQPDKS,JennyJJ,0,0,5,1342137600,So Soft and Delicious!,"I am the type of person who would rather bake something myself because I am so picky about taste and texture.  Let me just say that Quaker NAILED this cookie!  It's awesome!  Somehow it stayed soft and moist, and tasted like it was baked that morning.  Thanks for a quick, easy and healthy snack Quaker!"
563278,563279,B007JFMH8M,A37F541W7RG5MT,Jig,0,0,5,1342137600,Delicious,"These cookies are so great! They are soft and chewy and taste delicious. I really love homemade cookies right out of the oven, but these taste just as good! Quaker sure makes a great cookie!"
563279,563280,B007JFMH8M,A32JS1R9V5LB78,Bobbi,0,0,3,1342137600,Great Store Bought Cookies,"I received a Quaker Soft Baked Oatmeal Cookie from Influenster to try out and ended up really liking them. I shared the original cookie with my 3yo daughter and husband both of whom enjoyed it also. I actually ended up buying a box the next time we went grocery shopping.<br />The flavor of these is quite nice and the cookies are large and soft. I was impressed with the fact that they're moderately healthy and liked that they weren't too sweet.<br />The cookies are a bit expensive, and I'd prefer to make my own to have more control over the ingredients, but they are a good shopping choice. They're great for short trips or an emergency snack. I'd definitely buy more of them, but not on a weekly basis."
563280,563281,B007JFMH8M,A1VAQPAX16X2OT,bellavivere,0,0,4,1342051200,Soft baked cookies....YES PLEASE!,"Delicious, fresh-baked cookies without the hassle or trouble of making them!  can't wait to  taste more of their different flavors, so yum!"
563281,563282,B007JFMH8M,A103USS4JZN50K,Stunna,0,0,5,1342051200,yummy,cookie was so great nice and chewy the raisans was sweet and moist. everyone should give them a try you will love them. :)
563282,563283,B007JFMH8M,A1UJNBYW8L6N83,GlitterMunchies,0,0,5,1342051200,YUMMERZ,"QUAKER SOFT BAKED COOKIE IS NOTHN BUT AWESOME GOODNESS! QUAKER SOFT BAKED COOKIE IS DEF A COOKIE IM OK WITH ALLOWING MY CHILDREN TO HAVE ALL DAY EVERY DAY! NEXT ONE TO TRY ..... BANANA NUT? IM DOWN ! U DOWN? ABSOLUTELY LOVED THIS COOKIE , NOT ONLY IS IT GOOD FOR U BUT IT GETS U FULL AS WELL....SAY GOODBYE TO MUNCHING OUT ON COUNTLESS ""UNHEALTHY"" COOKIES. WHY PUT THAT OTHER STUFF IN YOUR SYSTEM? WHEN U CAN HAVE A QUAKER SOFTBAKED COOKIE! NEED I SAY YUMMERZ? I THINKS SO ! YUMMERZ ! AND KEEP UR HANDS OFF MY QUAKER SOFT BAKED COOKIE PEOPLE! LOL!"
563283,563284,B007JFMH8M,A22T7TNQPR4Y95,Zadidoll,0,0,5,1342051200,Soft & yummy,I received one from Influenster and love these cookies because it's soft and chewy without being too sweet. I just wish these were more readily available.
563284,563285,B007JFMH8M,A6B6BSUWGCBC3,Ash,0,0,5,1342051200,Quaker Oatmeal raisin Cookie I ' U,I received this Quaker oatmeal raisin cookie in my MOMVOXBOX from Influenster and when i tell you this cookie was soft and chewy and so delicious i dont even like oatmeal raisin cookies so i was very hesitant at first to try it. But after i took that first bite i was in love and i instantly went to the nearest walmart and bought a box of quakeroatmeal raisins cookies. This is a product that is worth a try and you also try the other flavors too and hey i even warm my cookies for a couple seconds in the microwave to get the fresh out the oven warmth going on but like i said try it. This cookie is DELICIOUS!!!!!!!!!!!!!!!
563285,563286,B007JFMH8M,A34UI1G8JJ1E4Q,"Jana Hansen ""Bananas for Bargains!""",0,0,4,1342051200,"Super Soft, Mega Delicious!","I was recently given a package of the Quaker Soft Baked Oatmeal cookies in my Mom VoxBox from Influenster. I'm already a huge fan of almost all Quaker products, and these cookies didn't disappoint. They're SUPER soft, and weren't dry whatsoever!!! The oatmeal cookie part has a great flavor, no weird aftertaste like some cookies do. The raisins were decent, nice and plump, juicy, didn't have the dried out look, and there were enough of them in the cookies, but not too many (meaning the kids will still eat them, lol). They were good sized cookies, individually wrapped to ensure freshness, and had a delicious taste. Now I'm craving them! Overall, they were a great cookie! I'd definitely purchase them again. Can't wait til they're back in stock on Amazon!"
563286,563287,B007JFMH8M,A13SGME8HN4P3U,DVMom,0,0,4,1342051200,Will buy more,"Quaker Soft Baked Oatmeal Raisin cookies taste closest to homebaked cookies than any others I have tried. My kids loved them, too. They are moist and flavorful. We like them as a snack, or even as a breakfast on the go!"
563287,563288,B007JFMH8M,A2B4SEB40GSX9Q,jezzi89,0,0,5,1342051200,Delicious,"Very very tasty! I received a sample cookie through influenster! This cookie was an amazing guilt free treat! Moist and full of flavor. I had an oatmeal raisin, but there are other flavors. Definitly worth buying. Much healthier than other cookies!"
563288,563289,B007JFMH8M,A2PWKW64LW71NU,SR,0,0,5,1342051200,Yummy!,This was a great cookie.  I was very happy with how soft it was.  Being in the individual wrapping made it easy to through in the diaper bag or purse.  My 18 month old son loved the cookie.  Would love to have these in the house at all times.  Such a healthier way to enjoy cookies.
563289,563290,B007JFMH8M,ADJ1WJUZ7MM4P,"Lisa D. Deyarmin ""book bunny""",0,0,5,1342051200,love love these,i love this cookies so does my family bought more this week when we went to the store i plan to keep this all the time they are a great snack
563290,563291,B007JFMH8M,A3IMO49QD6OYKN,D. A. Ross,1,1,4,1343088000,Guilty pleasure or guiltless treat?,"Let's be honest: there are few desserts that can compete with a fresh baked, chewy oatmeal cookie. Even better when it's oatmeal raisin! As such, I was somewhat skeptical of the Quaker Soft Baked Oatmeal Raisin cookies, as I'm generally let down by store-bought cookies. Well, I'm here to tell you, I have become a believer. I have seen the light! Here's a breakdown of what I think overall:<br /><br />TEXTURE:<br />The package says ""soft-baked,"" and brother, it is no lie. These cookies are soft, moist and chewy, thus negating the need to do the milk dunk. Though, ice cold milk is a requisite with cookies, regardless.<br /><br />SERVING SIZE:<br />At 42g, these cookies are pretty well-sized and will definitely satisfy even the hardiest of sugar seekers. It would take 3 Oreos to match the size of one oatmeal raisin. No contest.<br /><br />TASTE:<br />Dynamite. Sweet cinnamon and raisins definitely prevail in this recipe, giving the oatmeal an authentic, homemade flavor.<br /><br />NUTRITIONAL PROFILE:<br />Now, this is where Quaker loses a few points with me. Though certainly not the unhealthiest cookie out there (in fact, it's probably on the healthier end of the spectrum), there are a few select ingredients that could be avoided, such as corn syrup. But, each cookie does contain 4g of fiber, as well as several grams of healthy fats, and 2g protein! For those who are curious, here's the complete nutrient breakdown:<br /><br />Serving Size: 1 Cookie (42g)<br />Calories: 140<br />Total Fat: 6g (9%)<br />Saturated Fat: 1.5g (8%)<br />Polyunsaturated Fat: 1g<br />Monounsaturated Fat: 3.5g<br />Cholesterol: 15mg (5%)<br />Sodium: 150mg (6%)<br />Total Carbohydrate: 27g (9%)<br />Dietary Fiber: 4g (16%)<br />Sugars: 12g<br />Other Carbohydrate: 11g<br />Protein: 2g<br /><br />Ingredients: Whole Grain Oat Flour, Enriched Flour (Bleached and Unbleached Wheat Flour, Niacin, Reduced Iron, Thiamin Mononitrate, Riboflavin, Folic Acid), Raisins, Whole Grain Rolled Oats, Sugar, Whole Wheat Flour, Palm and High Oleic Canola Oil (with TBHQ [preservative]), Fructose, Invert Sugar Syrup, Mid-Oleic Sunflower Oil, Raisin Paste, Inulin, Granola (Whole Grain Rolled Oats, Sugar, Partially Hydrogenated Soybean Oil*, Honey, Brown Sugar Molasses), Dried Eggs, Modified Corn Starch, Corn Syrup, Polydextrose, Leavening Agents (Sodium Bicarbonate, Ammonium Bicarbonate), Oat Fiber, Propylene Glycol Mono- and Diesters of Fat and Fatty Acids, Mono- and Diglycerides, Soy Lecithin, BHT [to preserve freshness], Citric Acid [to preserve freshness], Wheat Gluten, Molasses, Calcium Phosphate, Salt, Natural Flavor, Cinnamon, Allspice, Corn Starch, Enzymes. *Adds a Dietarily Insignificant Amount of Trans Fat<br /><br />PACKAGING:<br />Stellar! Each cookie is individually wrapped for easy travel and consumption, so parents can toss one in their kid's lunch box, or tote one to the office for an easy snack/dessert.<br /><br />COST:<br />From what I can tell, the Quaker cookies are about par for the course in terms of cost, neither on the high nor low end, making for a pretty economical choice. Based on Amazon's pricing as I write this, the cost is slightly less than $1.00 per cookie. Not bad!<br /><br />OVERALL:<br />If you're looking to indulge in something sweet, somewhat healthy, and reminds you of a homemade treat, you can't do much better than Quaker Soft Baked Oatmeal Raisin cookies. The only challenge will be trying to resist a second helping, especially if you still have ice cold milk remaining in your glass."
563291,563292,B007JFMH8M,A23RZIU0N8K2KR,M. Caceres,1,1,5,1343088000,Great to take to the office or for kids to take to school!,"My box has an expiration date of September 13, 2012, which is a little bit less than 2 months (which is okay, because the cookies get eaten up fast!). The cookies, made with whole grain Quaker oats, are definitely soft baked, and you can taste the delicious oatmeal in every bite! My only criticism of these cookies is that even though they had raisins, I couldn't taste them! It was practically just an oatmeal taste.<br /><br />Each cookie's size is a bit larger the palm of an adult hand. I love that they are individually wrapped because it means I can take them on the go with me! Each cookie is 170 calories, has 1.5 gram of fat, 150mg of sodium, and 12gram of sugar. I don't recommend the cookies for warding off hunger if you are on a diet as the calories per cookie is pretty high. This is good as treats for children's lunches though or to have them in your car when ever you go hungry.<br /><br />Also, I dropped one of the cookies (still in the wrapper) on the floor and it did not crumble, which I was happy with."
563292,563293,B007JFMH8M,ADX0OP5C8DX1T,mdwilson,1,1,5,1342483200,Awesome Product,"This is a must have for those sweet tooth cravings. My youngest child is 6 and isn't much of a sweets eater. However, he found the sample I received from Influenster and he LOVED it! I have to say, I was a tad disappointed that he didn't save me any but he assured me it was ""yummy"" Will definitely keep these on stock."
563293,563294,B007JFMH8M,A1805KET2CBE7U,Rachel2703,1,1,5,1342483200,Very soft and yummy,These cookies are great! They are very soft and have a great flavor. Perfect for taking on the go for the kids.
563294,563295,B007JFMH8M,A2MWHLLN4QZ6BQ,ChicRoni,1,1,5,1342396800,Yummy Delicious...Can't Get Enough!,I received the Quaker Soft Baked Oatmeal Cookie in my Influenster Mom Vox Box. Let me just say that it was so yummy and delicious! After sharing it with my kiddos I was left wanting more. I will definitely be keeping these cookies on hand...the whole family loves them!
563295,563296,B007JFMH8M,A35K68AM80H2LI,Heaven1279,1,1,5,1342396800,So yummy!!,"My kids and I absolutely love these cookies, already on our 2nd box!! I am excited to try all the different flavors, good cookies and they are so tasty!! Yum"
563296,563297,B007JFMH8M,A2IQGEH7O523PL,Madilen,1,1,5,1342396800,Delicioso,My daughter and I absolutely love theses oatmeal cookies. Has the right amount of sweetness. Very soft not crunchy like most cookies. Taste like what grandma would bake at home.
563297,563298,B007JFMH8M,A1IJ0LJ66CFXBE,Shelly,1,1,5,1342396800,Quaker Soft Baked Oatmeal Cookie,"I received the Quaker oatmeal raisin cookie as part of my Mom voxbox from Influenster.com. It was the first thing I took out of the box because I was hungry. I was honestly expecting not to like it. When I first opened the bag it smelled very fresh. I took a bite of it and instantly loved it. I loved how fresh, soft and chewy the cookie was. I went out and bought more so my husband can also have some, he also loved them. They are a great on the go snack."
563298,563299,B007JFMH8M,A1CHOKV10NEI8X,"E. M. Van Court ""Van""",0,0,5,1351123200,Good cookies.,"Good oatmeal cookies.<br /><br />You can pretend you're eating something healthy.  When your marathoner, vegan, 4% body-fat co-worker says, ""Cookies?"" in their smug, disdainful fashion, you can reply, ""No, it's oatmeal"".  Then cram another seven in your mouth, 'cause these are *really* good cookies.<br /><br />E.M. Van Court"
563299,563300,B007JFMH8M,A332BS08Q1MFYP,Michelle,0,0,4,1350518400,VERY TASTY!!,"I love oatmeal cookies!So I decided to try these out.Well I'm a really big fan of these cookies. Their good, tasty, and it's easy to eat when your busy in the morning or you just need a quick snack. You can even heat these up a bit in the microwave or have them cold, it's great either way. But the one complaint I have of these are the raisins, I don't know they just didn't taste that great and they kept getting stuck everywhere my mouth.Glad I tried them though!!"
563300,563301,B007JFMH8M,AAJZWCB1SJSFB,SchneiderMommy,0,0,5,1342051200,Yummy!,These Quaker Soft Baked Oatmeal Cookies are delicious! They are SUPER soft and taste absolutely wonderful. They are made with whole grain which is always a plus and are naturally flavored. My daughter loved them too. We will probably be getting more next time we go grocery shopping!
563301,563302,B007JFMH8M,A1864W3OZW3WBS,alec,0,0,3,1342051200,quaker brand challenge,Quick Take:<br />it was a C+<br /><br />Usage Tips:<br />good for kids if they come pre-packaged. kids liked it.<br /><br />The Verdict:<br />Didn't quite taste home made. too much molasses? too many carbs.<br /><br />love the commercial of the woman biting the neighbors cookie.
563302,563303,B007JFMH8M,A3J73C6CCLJ6RK,"amazon ali ""ali""",0,0,5,1342051200,Quaker Soft Baked Cookies,I got a sample on the Oat Meal Raisin from Influenster.  My kids really loved the taste and we have since bought more.  I think these are great and better than having candy or something else less healthy.
563303,563304,B007JFMH8M,A2631U0YHK1WCH,Bass05,0,0,5,1342051200,so good !,"I Love these cookies , i have had the oatmeal raisin and the chocolate chip ones and cant wait to try them all mmmmmmmmm good !!"
563304,563305,B007JFMH8M,A37CK3S671ETN6,T. Young,0,0,3,1342051200,Were ok...,These cookies were okay. My 2 & 6 year old sisters loved them but I don't think I'd buy them for myself.
563305,563306,B007JFMH8M,A3RG3Z3DW9T3PM,Sandra C,0,0,5,1342051200,Yummy!,Def love these cookies! I let my kids eat it. I don't feel guilty afterwards! Pop it in the microwave for a few seconds to make them extra soft :)
563306,563307,B007JFMH8M,A3T1IQ2K0CT39G,Lauren,0,0,5,1342051200,Loved it!,"I received one of these in my VoxBox to try, it did not make it into the house! It was delicious! Very soft and chewy, flavorful, full of raisins! Absolutely loved it! I can't wait to go shopping so I can get a whole box of these!"
563307,563308,B007JFMH8M,A3D6ISMLB8ZASC,aesweety19,0,0,5,1342051200,Great on the go snack for the kids!,These cookies were delicious! I love that they were individually packed so I could throw a couple in the diaper bag without having to fuss with pre packing snacks in sandwich bags.  The cookies stayed moist and yummy until snack time.  My kid loves it and so do I.
563308,563309,B007JFMH8M,A3JFXO59HP0JHV,Sasha Lopez,0,0,5,1342051200,super yummy!!,"these cookies are super yummy! I love how they can be a quick, tasty and healthier on the go breakfast option.My whole family loves them!"
563309,563310,B007JFMH8M,A13WHL0WWA8TFJ,m.smith,0,0,5,1342051200,Quaker Soft Baked Oatmeal Cookie,I tried Quaker Soft Baked Oatmeal cookie's as a sample through Influenster.  They were so soft and tasted just like homemade.  It is exactly what I expected from Quaker!
563310,563311,B007JFMH8M,A277TO3PKKNYDH,"Rhianna Walker ""Rhi""",0,0,4,1342051200,Treat your Whole Grains,"Three years ago I was diagnosed with gestational diabetes. It sucked. There's nothing like bring in the middle of the ravenousness of pregnancy and being told to watch what you eat. But it did get me to start paying better attention to how I could still enjoy foods I loved while making healthier choices. One of the things I learned to balance was fiber intake. Ever since I've made a point to always go for whole grains when the choice is available and Quaker's products tend to make the best of combining deliciousness with heart-healthy oats.<br /><br />I recently received a sample of these Soft Baked Oatmeal Cookies from Influenster and they're surprisingly good. Maybe not quite as good as the ones my mom made when I was a kid but still a tasty treat reminiscent of the childhood classic. Packed with raisins and big enough you only need one they're a satisfying snack or dessert option. Since traditional oatmeal cookies aren't my favorite I'm going to have to try one of their other flavors like <a href=""http://www.amazon.com/gp/product/B007JFMH96"">Quaker Soft Baked Oatmeal Cookie, Chocolate Almond, 8.8-Ounce (Pack of 6)</a> or <a href=""http://www.amazon.com/gp/product/B007JFMHBE"">Quaker Soft Baked Oatmeal Cookie, Cranberry and Yogurt, 8.8-Ounce (Pack of 6)</a>. With a variety of flavors there's sure to be one for most soft baked style cookie lovers."
563311,563312,B007JFMH8M,A29LYTN6L7HO0Y,"TCAZ09 ""TCAZ""",0,0,5,1342051200,Love these!,"I received a Soft Baked oatmeal cookie in my VoxBox and was very excited to try it. I am always skeptical about the cookies that are advertised as ""soft"". This one truly is. I tried to save some for my husband but it didn't sit there for long. I wish my oatmeal cookies turned out like this!"
563312,563313,B007JFMH8M,A1TP69D7MIMXDF,Amanda,0,0,5,1342051200,Yummy!!!,"I absolutely love these cookies! They taste just like homemade Oatmeal Raisin cookies that Grandma would make! They are a good sized cookie too, not the teeny tiny ones like most companies make!"
563313,563314,B007JFMH8M,A3RMR57027OCQA,jesand92,0,0,5,1342051200,YUMMY! YUMMY! YUMMY!,Quaker Soft Baked Oatmeal Cookies are so good! They taste like a homemade cookie! If you want that right out of the oven taste try heating up the cookie for about ten seconds. It will be warm and soft!
563314,563315,B007JFMH8M,A19HHHP1EJ68TG,ExpressionFreeStyle,0,0,5,1342051200,Lovely Cookie,"I received a free Quaker Soft Baked Oatmeal Raisin Cookie from Influenster and it was an instant hit for me. I love this cookie (but of course I share a little piece with with my husband). I could not put the cookie down, it was so good that I went out and bought a box of the almond with chocolate chips. Can't wait to go and buy more."
563315,563316,B007JFMH8M,A1CD68FSHCEWX6,kjfoster,0,0,4,1342051200,Delish,"I saw these when they first came out so I decided to buy a box. Unfortunately I didn't realize they also make a crunchy version and I grabbed that box by accident. While both are good, I'm a big fan of the chewy cookies. I love oatmeal, but it's not very portable. These are a great cookie to snack on during the mornings or afternoon."
563316,563317,B007JFMH8M,A3E57MWLSEA8Q7,M. Brown,0,0,5,1342051200,Quaker Soft Baked Cookes are a Hit,From bbwife31: I received a free Quaker Soft Baked Oatmeal Raisin Cookie from Influenster and it was an instant hit in our house. My son devoured almost the whole thing in 2 minutes. The few bites that I got to eat were super delicious and I am not even an oatmeal raisin kind of gal. It was very moist and flavorful. Will buy again in the future!!
563317,563318,B007JFMH8M,A1BE8C29T5B7Z8,dudezy82,0,0,4,1342051200,Great Snack,"My son really enjoyed the cookie. He is not a big raisin fan, but the soft oatmeal he liked. I think there was a good amount of raisins in it for the average cookie. I love the single packaging, makes it easy to take a snack on the go."
563318,563319,B007JFMH8M,A233BH1G1DPGB6,HB,0,0,5,1342051200,delicious,"A delicious little snack, can also substitute for breakfast in a hurry! The kids weren't so thrilled but what mom doesn't love a snack that's safe in the pantry?!?!"
563319,563320,B007JFMH8M,A31LJUC9RK3G1B,Ashley from Teachable Mommy,0,0,5,1342051200,Yes Please!,These cookies are soft and delicious. I am very picky about my oatmeal raisin and Quaker delivered! No Trans Fat is a BIG PLUS!
563320,563321,B007JFMH8M,ABY0AB9DK4WMN,Diana,0,0,5,1342051200,so yummy,this has got to be one of the yummest cookies i have ever had!!!!<br />they are soft and sweet...my kids ate all of them except for the one i had...
563321,563322,B007JFMH8M,A1MOLKSVVY6C4A,Us Bank,0,0,5,1342051200,really soft,I recieved these in a gift box and I was exxited to try them. They are soft and chewy great w mik!
563322,563323,B007JFMH8M,A1BN54KRWI519P,Cplusda2z,0,0,4,1342051200,Delicious!,This cookie is definitely delicious!  I love the homemade taste and the chewy goodness in every bite! I received this cookie in my Influenster Mom Voxbox so I only got one but I will definitely purchase more oatmeal one's...they are my absolute fav!
563323,563324,B007JFMH8M,A2TXCF8Q246NLL,GiveawayTrain,0,0,5,1342051200,My Husband Stole My Cookie,My husband saw my Quaker Oatmeal Soft Baked Cookie and ate it! He said it was delicious...soft and flavorful. Grrrrr...now I have to buy more. I want one!
563324,563325,B007JFMH8M,AQTFRRTUH7K9B,Mallory B,0,0,4,1342051200,Great taste and fresh cookie!,I am pretty picky when it comes to cookies because I like homemade cookies. I tried the Quaker Oatmeal Raisin cookies and I really liked it. It tasted homemade and was soft and chewy. It was a big hit with my 18 month old too!
563325,563326,B007JFMH8M,A1G2F4L08EMS24,Lex,0,0,5,1342051200,Quaker Cookie,I tried this cookie and LOVED IT!! I have a four year old who is obsessed with anything sweet(but hey who isnt?) an and she absolutely loved this cookie as well. We will definitely be purchasing this again...Thanks to influenster.com for sending us the sample to try out!!
563326,563327,B007JFMH8M,A3MQG8DF3OB5E2,sassyshygirl,0,0,5,1342051200,Quaker soft Baked cookies,I loved the flavor of the Quaker Soft Baked cookies. They are so soft and chewy. And my grandchildren love them so i always keep a box in the house. I will for sure keep buying these cookies.
563327,563328,B007JFMH8M,A29WJDD28NBNM3,Liltootsie,0,0,5,1342051200,Delicious!,I love oatmeal cookies but not from a package.  I was pleasantly surprised at how delicious these are and actually taste home baked!  Good job Quaker!
563328,563329,B007JFMH8M,A4GXZVYP51AGS,jewlsher,0,0,5,1341964800,Soft and Chewy,"This cookie was absolutely delicious. I received it free in my influenster Mom Voxbox. I only had 1 bite since I shared it with my boys but it that one bite was good enough to tell me it was delicious. It was soft, chewy, satisfying. My kids loved it and wanted more. We have even went and bought some more when we went grocery shopping."
563329,563330,B007JFMH8M,A3VRJ78CCIMV7Z,"Shanneen V. Kirkpatrick ""SK""",0,0,4,1341964800,Great for me and the little one!,I loved the chewyness of the cookie. I was initially worried that it would be cloyingly sweet but the oatmeal gave it a lovely texture without adding too much unnecessary sugar. Will definitely purchase this product. Thanks to Influenster I got to try this product for free!
563330,563331,B007JFMH8M,A2FZI0BTON78GQ,Myohnnah,0,0,5,1341964800,Great!!,"Very soft chewy, and yummy! Heat it up in the microwave for a few seconds and it tastes even better! Definitely worth trying not hard ,not to chewy and not to sweet just right. Kids love them 2 :)"
563331,563332,B007JFMH8M,A1A44YPXT10IAL,Bynoegemini,0,0,3,1341964800,Great chewy cookie,"The cookie minus the raisins, which I don't care for, were great. Its rather tasty to have such a high nutritional value. I am interested in trying other flavors."
563332,563333,B007JFMH8M,A2TM93IL4MGJW3,"Joy-maria Lee White ""Joy White""",0,0,5,1341964800,My daughter ate my cookie!!!!,"I got a free cookie, from Influenster.com a few weeks ago, and it didn't make it for much longer than 5 minutes.<br /><br />I opened my box, I got my stuff out, I went to get my camera so I could make an ""unpacking"" video, and when I got back, the cookie was gone, and there was a really guilty looking 5 yr old sitting beside the empty wrapper.<br /><br />So I never got to try it. :( But judging from the satisfied look on my daughter's face, she LOVED it!"
563333,563334,B007JFMH8M,A3FGXDP2117TD7,JensynnBug,0,0,4,1341964800,quick on the go light breakfast,These cookies are great for in the morning when you are in a rush and don't have time to make breakfast they are so tasty! They are even better warmed up. These are also great to keep around for the kids for snack time or to put in there lunch box for school.
563334,563335,B007JFMH8M,AZEFG7ICV4WUP,ClipitCoupon,0,0,4,1341964800,Yummmm,"Very soft chewy, and yummy! Heat it up in the microwave for a few seconds and it tastes even better! Definitely worth trying and buyin!"
563335,563336,B007JFMH8M,A27GADI1VPO2IK,Kim,0,0,5,1341964800,Quaker Soft Baked Oatmeal Cookies,"Delicious. Soft, ""almost"" falls apart soft. Great cinnamon flavor. I allowed myself to only eat half of it at a time so I could savor it."
563336,563337,B007JFMH8M,A3AJ7J3KB2LRVC,kkolvia21,0,0,5,1341964800,YUMMYY,"These Cookies are delicious! My kid absolutely loved them. I love that they are individually packed, it makes such an easy grab and go snack ! great product."
563337,563338,B007JFMH8M,A1V1ZNXG5WF0IM,DJ Dirk,0,0,4,1341964800,"Chewy, delicious cookie!!","Mmm! I think that about sums it up. I love how soft these are. I couldn't stop eating them and I'm ashamed to say that I want to buy more. Bye-bye, diet. :("
563338,563339,B007JFMH8M,A1L35WM9O8VEFQ,Elizabeth,0,0,5,1341964800,awesome cookie,this cookie tastes soo good im really not a fan of raisins but when i tasted this cookie it was like another thing i really recommend it its so good and delicious
563339,563340,B007JFMH8M,A2699NLN1UWFRO,"Wendy Colon ""chicablanquita""",0,0,4,1341964800,Whole Grain Treat,"I received a Quaker Soft Baked Oatmeal Cookie to test from Influenster via the Mom VoxBox. My 3 year old son loved the cookie - each cookie is pretty large, very soft and full of raisins. If you buy a package of 6, they are individually wrapped which is great for travel. It is great that they are made with whole grain Quaker oats - and that they have a nice helping of raisins. They are still a cookie though and have 12 grams of sugar per cookie. I did buy a box for my son for an occasional treat."
563340,563341,B007JFMH8M,A2C65ETCGML2CG,A. Eaton,0,0,5,1341964800,Quaker Soft Baked Oatmeal Cookies,"I recieved one of these to try out in my Influenster Mom Vox Box. I am not a huge raisin fan but I really enjoyed this cookie. So I was happy to see that the cookie didn't have too many raisins in it but enough to get some in every bite and still be able to taste the cookie. Most oatmeal cookies leave a thick,dry feeling in your mouth but nothing like that with this one, perhaps because it was so soft and chewy. They are on my list to buy again. The cookie was super soft, great for my 1 year old to eat. It was also big enough that I could split it between both kids. I would suggest these to anyone looking for a delicious cookie."
563341,563342,B007JFMH8M,A1ZBMC42IE96C1,KatieKes,0,0,4,1341964800,Great snack for kids,These were surprisingly tasty. My kids loved them too and they are a great on the go snack. They offer a quick pick me up and aren't too messy in the car when on the go.
563342,563343,B007JFMH8M,A2PFH1741A25BG,A. Haugen,0,0,4,1341964800,Sooo yummy!,I got a free bar in my voxbox from influenster and wow!! Soo yummy!! It melts in your mouth and even my 2 year old loved it!
563343,563344,B007JFMH8M,AX9JKBZJERV9G,Sara Warren,0,0,5,1341964800,Yum :),"Was fortunate enough to receive this in my mommy Voxbox :) I've tried these delicious cookies before, but it was the first time I had shared one with my son. Needless to say, he loved it. I believe it was good because it somewhat melts in your mouth & is really easy to chew (he's 2) .. I will definitely be repurchasing these for us!!"
563344,563345,B007JFMH8M,A2Q2WA62JJTUCV,Stephanie D,0,0,5,1341964800,Yummy,I was able to try this yummy cookie when it came in my momvox and i have to say i don't like raisins but when i took my first bite i was very amazed at how good it tasted i would defiantly buy theses for myself as well as my family
563345,563346,B007JFMH8M,A1Z16COUTNK9SC,sara ann monreal,0,0,5,1341964800,Great Tasting,"I got this cookie as a part of my Mom Box from VoxBox. I'm not too keen on oatmeal cookies, but this one was surprisingly good. I guess I'm more used to them being hard so I really liked the soft chewiness of my cookie. Now a chocolate chip one would be fab!"
563346,563347,B007JFMH8M,AGJGJSFWS80NV,"C. Vails ""usafwife1994""",0,0,4,1341964800,So soft and chewy...yummy,"These are amazing, soft, and fresh! They taste great and I bought more after I got a free sample from my Mom Vox Box from Influenster~~~ so yummy."
563347,563348,B007JFMH8M,A9TK6DNW9DOKZ,tlsdavis,0,0,4,1341964800,Soft and Nummy,"Great brand provides a great cookie.  They are soft and have lots of flavor, definitely worth your money.  I received a sample of this from Influenster and am not a fan of raisins, but I agreed to try and review so I gave it a whirl.  I was pleasantly surprised at how much I enjoyed this.  I can't wait to try other kinds!<br /><br />[...]"
563348,563349,B007JFMH8M,AG10XWS9JA9KR,msbeautycafe,0,0,5,1341964800,cookie heaven,I love love love these yummy snacks. Great for an on the go morning. and the kids love them too!
563349,563350,B007JFMH8M,AJD9Y2DHZX4HB,Rey,0,0,5,1341964800,YUM YUM!!,This cookie is so good.  It tasted great.  I ate it faster then I could get it out the box.  I am definately buying more soon!
563350,563351,B007JFMH8M,A1RO932ZM1ZYNC,AFWIFEY23,0,0,5,1341964800,YUMMY,"These are amazing, soft, and fresh! They taste great and I bought more after I got a free sample from my Mom Vox Box from Influenster~~~ so yummy."
563351,563352,B007JFMH8M,AAL34V9W3QO9I,Jennifer Adamson,0,0,5,1341964800,Quaker Soft Baked Oatmeal Cookies,"This cookies are amazingly good. I got a free sample in my Mom Vox Box from Influenster and am glad I got to try them out. I'm usually not a fan of oatmeal cookies but these were so soft and moist and had me wanting more. Not only are they good but they're good for you, they're low in fat and high in fiber so they make for a good afternoon snack or evening dessert. I can't wait to go buy more at the store!"
563352,563353,B007JFMH8M,ACZPBVU1OTKUP,Jessica Jimenez,0,0,4,1341964800,Yummy!,"I can't wait to pick up some more of these! I love soft, chewy cookies and these definitely hit the spot."
563353,563354,B007JFMH8M,A8VCAYBU4YLUJ,descastillo,0,0,5,1341964800,Yummy Quaker Oats Soft Baked Cookie,"I love this product, it was delicious and my daughter enjoyed it as well, i cant wait to get my hands on more !"
563354,563355,B007JFMH8M,AF8BD13PX00JX,annaw,0,0,4,1341964800,Quaker Soft Baked Cookies,"Quaker is a trusted brand that has always had great products and this in no different. The cookies are soft , chewy and very fresh. I love that the cookies are individually wrapped for easy snacks or lunches. Its a treat that I feel good giving my family. Will be buying in the future!"
563355,563356,B007JFMH8M,A12270M2NQN1QC,"N. Bachu ""New Mom""",0,0,4,1341964800,Soft and Delish!,"I received this cookie in my mom voxbox. This cookie was soft and delicious! My kids usually only eat cookies with chocolate chips or M&M's in them, but surprisingly enough, they snatched it from my hands and gobbled it up! I love that it is only 170 calories per cookie, 4 grams of fiber, and 8% iron, making it a good snack. I only wish it had less sugar."
563356,563357,B007JFMH8M,A3OPOL3MUBPVL9,Jen,0,0,5,1341964800,"The softest, yummiest cookie ever!","I tried the best cookie ever from Quakers! I never tasted a soft, fresh cookie like Quakers Soft Baked Oatmeal Cookies. I was one of the lucky ones to receive a Influenster Mom Voxbox 2012 (complimentary for testing and review purposes from Influenster). The Voxbox comes with several items and one of the items was a Quaker Soft Baked Oatmeal Cookie. It tasted like a homemade oatmeal raisin cookie. The raisins, the oats and you could even taste the cinnamon that's in the cookie. It was so delicious, even my kids loved it! I have 4 kids: 2 year old, 3 year old, 6 year old and a 11 year old and they all enjoyed a piece of the cookie. The little ones even started crying when it was all done. So that definitely means I have to go out and buy some more."
563357,563358,B007JFMH8M,A29DRL3WYLVVW4,monet whitlock-bryant,0,0,5,1341964800,"Great cookie, and good for you","This is going to be the fastest review you have ever read because this is a great cookie.<br /><br />Thoughts: This is a really ez and fast way for you and your kids to snack on the go, a great way to get your fiber, and its for you.<br /><br /> The Run Down: If you are a fan of oatmeal cookies then you'll love these. They are soft and chewy like the name says.<br /><br />The Final Say: I have bought them for my family and my little one loves them. We talk them every where. They are about 3$ for a box of 6. All in all i give these 5 (*****). Ill keep buying them for the family. So go get some for yourself!!"
563358,563359,B007JFMH8M,ANYXO3GW3X1X8,Bryant,0,0,5,1341964800,Yummy!!!,These cookies are moist just like homemade cookies!!! By far the best store bought cookie and is a must have in any moms pantry!!
563359,563360,B007JFMH8M,A1S313BVVWH0PM,Boops,0,0,3,1341964800,Oatmeal Raisin,I received the oatmeal raisin cookie in my momvoxbox from influenster and it was pleasantly surprised by how chewy and tasty the cookie was considering that oatmeal raisin cookies are usually hard.  I'm not a big fan of the oatmeal raisin cookies but my little brother loved it and i'll most likely purchase the chocolate chip cookies because their a healthier alternative to most i think :)
563360,563361,B007JFMH8M,A2U0C4SWY3B2EZ,Chris &amp; Ada Woodbury,0,0,5,1341964800,Great taste & Good for toddlers,"I love oatmeal cookies, but sometimes they tend to be too hard or too dry! Not these!! These are soft and great to give to my toddler when he wants something sweet. I don't like to give him snacks with too much sugar and these are perfect."
563361,563362,B007JFMH8M,A1OTKUVYWO7W81,LainaLu,0,0,5,1341964800,Healthy & Delish,"This is not at all what I was expecting, but better! The cookie was so moist and just delicious! Im not a huge fan of raisins, but in all honestly you could not even tell the cookie had raisins, you couldnt even taste them. Absolutley worth the buy, will be purchasing in the future!!"
563362,563363,B007JFMH8M,A2CZPBRPBEFX2R,Cnichole,0,0,4,1341964800,Chewy Delight!!,I Tried this product in my mom vox box and it was delicious and soft. My i pinched my children a piece off and they loved it too! We will be buying these more often.
563363,563364,B007JFMH8M,A186PLNGEY2F9X,sharing fanatic,0,0,5,1341964800,Great Taste,"These cookies are Quaker baked, mom and kid approved. They are soft, chewy, and most of all delicious. The texture and taste makes them seem homemade without the hassle of baking."
563364,563365,B007JFMH8M,AB6RV1AXXKPSH,ChrissieB,0,0,5,1341964800,Yummy & Good for you.,Great taste and healthy what more could you ask for. Most cookies of this type are dry and make you think you are eating paper but not with Quaker they are soft and moist!
563365,563366,B007JFMH8M,AS9IG6PUNJQGC,mrsbuzz,0,0,5,1341964800,SOOOOO GOOD,These are so good and soft and chewy! The taste is delicious. I tried the Oatmeal raisin cookies and they were delicious. Definitely recommend!
563366,563367,B007JFMH8M,ADXC3UD7DF5S9,S. Melton,0,0,4,1341964800,I got a free sample to try and will be buying in the future,"This cookie was actually really yummy.  I'm not usually the type of person to like raisins in my cookies, but these were really good and moist. I will definitely be buying these in the future. :)"
563367,563368,B007JFMH8M,A3FPWLEVW0NXM9,Hollee,0,0,4,1341964800,Loved it - except for the Raisins,I got to sample this for free. These were soft and delicious. I actually left this partially eaten on the counter overnight and it was still soft the next day when I finished it. Which is good because my kids only half finish what they start eating. I thought it was a great tasting oatmeal cookie - just better without the raisins. I'm not big on them but I was able to pick them out. They need these just in oatmeal with no other ingredient - like raisins added.
563368,563369,B007JFMH8M,AM7PBWBB8ATR4,"M. Bushey ""www.thebusheylife.com""",0,0,5,1341964800,Y.U.M.,"I received this item in my Mom VoxBox from Influenster. This cookie was very soft and flavorful. Usually you get cookies like this and they are either hard or dry, and that was not the case with Quaker Brand. I'm not a big fan of raisins but they were fine in this cookie. Just the right amount and not over powering.<br /><br />This is one cookie I would purchase on my own, and I'm sure my son will be very happy about it."
563369,563370,B007JFMH8M,A2760OTUCOMBWF,clyasika,0,0,5,1341964800,Delightful surprise,"I received this item for free from Influenster in my mom Vox Box. I am not usually a fan of raisins, but this cookie was soft and tasted just like it was freshly baked. I absolutely loved it."
563370,563371,B007JFMH8M,AAS6GEBXE7U4B,cheyennechavez,0,0,5,1341964800,amazing,These cookies are so yummy..<br />They are so soft & don't get stale. I would definitely repurchase these.. I want to try other flavors!
563371,563372,B007JFMH8M,AVLDNUBKKN3YX,Caterina,0,0,5,1341964800,Yum! Love these cookies,I received a sample of your soft baked oatmeal cookies in my Mom VoxBox from influenster.  Within seconds of opening the box my kids were fighting over who would get it!  We all got a taste and it was delicious!  I really liked the flavor and just the right amount of sweetness.  I will definitely buy your product again in my local grocery or on amazon.
563372,563373,B007JFMH8M,A1385CL0JY3H7S,mskdotchu,0,0,5,1341964800,Chewy and Delicious,"I received a Quaker Soft Baked Oatmeal Cookie in my Influenster Mom Vox Box.<br />As soon as I opened up the box, the cookie was on top. My 5 year old couldn't wait to get her hands on it.<br />She enjoyed every single morsel. And wanted more. So on my next food shopping day, I will definitely be picking up a box. GREAT JOB QUAKER!"
563373,563374,B007JFMH8M,AXAOQIZ7AAN4U,Cara Bratcher,0,0,5,1341964800,Soft and incredible,"I received the Soft Baked Oatmeal Cookie in my Influenster Mom Vox Box and I saw the cookie sitting right on top, so of course I opened it and tried it out! This cookie was so soft and chewy that I am totally buying more as snacks for my little cookie monster!"
563374,563375,B007JFMH8M,AAB7ZUSPDY3F1,sabrina stone,0,0,5,1341964800,Quaker Soft Baked Oatmeal Cookies,"I received a Quaker Soft Baked Oatmeal Cookie in my Influenster Mom Vox Box.<br /><br />I opened the box, saw the cookie and ate it right away. I was going to save half for my nephew to try but it was so good I ended up eating both halves any way. Nice and soft and chewy and sooooo yummy. TOTALLY buying more"
563375,563376,B007JFMH8M,AQUQ2VHEN1DM7,esteban correa,0,0,4,1341964800,GREAT COOKIE,This cookie barely last five minutes in my hands. It was soft & chewy and great on-the-go snack. Its perfect for kids and adults.
563376,563377,B007JFMH8M,ALHVEH9POH57V,"Barbara Stewart ""Barb in FL""",0,0,5,1341964800,Incredibly delicious oatmeal cookie!,"I had the opportunity to try a Quaker Soft Baked  Oatmeal Cookie through Mom VoxBox, and whew was I pleased! I took my sample into work and had it for a snack one night. Soft and with just the right amount of cinnamon in their oatmeal cookie!"
563377,563378,B007JFMH8M,A3R0F56KA61O94,RoxyDelish,0,0,5,1341964800,This changed my mind!,"Normally I'm not a fan of any cookie (other than Oreo) unless its right out of the oven. To me there's just that something extra when it's nice and hot. I took one bit of this thinking I'd be giving the rest of it to my 2 year old daughter. It was DELICIOUS!!! Needless to say, she didn't get any of the cookie. :o) Highly recommend and I will definitely be buying this again!!"
563378,563379,B007JFMH8M,A3FX1WWPD1VZJW,"Rita L. Light ""RITA""",0,0,5,1341964800,Awesome cookie!,"I am a huge fan of soft cookies so this is top of the line!  I love how soft and flavorful they are.  since they are individually wrapped, it keeps them soft and fresh!"
563379,563380,B007JFMH8M,AOWF7FPRT84IG,futureCM,0,0,5,1341964800,A home run!,I put this is my dad's lunch because he always wants something sweet but I want him to eat healthy. I'm a health-nut & the ingredients in this cookie didn't scare me away. My dad said it tasted home-made (in a good way) & seemed really fresh. The portion size was also good.
563380,563381,B007JFMH8M,A4H1FCXY3U4VO,Jessica Einspahr,0,0,5,1341964800,These Are Amazing!!!,I didn't even get a chance to eat this because my 3 sons STOLE it from me.  They LOVED IT!!! I will absolutely buy these again!!!
563381,563382,B007JFMH8M,A2AN7ZKER5JGX9,shybabii,0,0,4,1341964800,loved it!,Im not the biggest fan of oatmeal but I really liked this cookie so much that I went and bought a couple boxes!
563382,563383,B007JFMH8M,AKOO2TYRAMHLO,courtney,0,0,4,1341964800,really good,I really liked them they was the best box of cookies I gotten so far I will be getting them again real soon
563383,563384,B007JFMH8M,A30ZOQNOAACUG6,tcshelly3,0,0,4,1341964800,Free Sample-good thing,I received a sample of the Quaker Oatmeal cookie in my Influenster voxbox. I'm not a fan of raisins so I let my daughter try it. She loved it. She said she enjoyed the raisins and liked the soft cookie instead of a regular crunchy one.
563384,563385,B007JFMH8M,A37MAQ1WG6S4Q6,Abbie,0,0,4,1341964800,Good & Soft Cookie,"The Quaker Cookie, was a great soft cookie to eat. My 3 years old daughter really enjoyed the treat! It was soft, there wasn't any after taste to the cookie.. Just all the yummy goodness.. We tried the Oatmeal raisin cookie and the raisin's were good, they were soft not hard..  Overall I would definitely would buy the Quaker Cookies again.. and would definitely buy another kind other than raisin as well.. I think YOU should try it out. :)"
563385,563386,B007JFMH8M,A3MMZB52PZ8CLW,"Amy Meehan ""Toot's mommy""",0,0,5,1341964800,Delicious!,"I received a sample of this product from Influenster. My daughter and I split it and it was delicious. I'm going to have to check Kroger to see if they have them, because my Walmart did not.  :("
563386,563387,B007JFMH8M,A1E0J81HK6J05J,hf118,0,0,5,1341964800,Love this cookie!,"When Influenster and Quaker sent me this cookie to try, it looked delicious--but healthy-so you never know!  But, I was delighted because it is good for you and Great Tasting!  Love it!"
563387,563388,B007JFMH8M,A22A2K7WND9HK8,Lisherlynn,0,0,5,1341964800,Yum!,"These cookies are great! So yummy! My little boy loved these cookies! Since they are in individual packages, they are great for purses and diaper bags!"
563388,563389,B007JFMH8M,AD5YFE22UHF8W,Michelle Norton,0,0,4,1341964800,Tastes Homemade,"Quaker has yet to disappoint.  I am not a big fan of raisins, but these Soft Baked Oatmeal Cookies with Raisins are the best!  Very chewy and fresh, great for on the go or kids lunches!"
563389,563390,B007JFMH8M,A55FHH9UVJHV8,Jstaft,0,0,3,1341964800,Quaker Soft Baked Cookie,I thought the cookie was good. It was soft and chewy; however I prefer organic foods and would much  rather have a freshly baked cookie!
563390,563391,B007JFMH8M,A2A6E1GDC23AH9,Tiffany Malloy,0,0,5,1341964800,Hide the box,These cookies were so very scrumptious. They taste homemade and I won't lie... I gobbled it down in mere seconds. I will be purchasing many more.
563391,563392,B007JFMH8M,A3KK1N7BUXHIVD,ShirleyF.,0,0,5,1341964800,"Quaker Soft Baked Oatmeal Cookie, Raisins","Wow, a soft moist & delicious cookie~Quaker has done it again.  Great snack for on the go or to enjoy at home with a nice glass of cold milk.<br /><br /> This cookie is large enough to share with two if you have little ones.  The added bonus is its nutritional value!  Grab a box and enjoy!"
563392,563393,B007JFMH8M,ABDQ2MRN5WCHJ,ericalimberg,0,0,5,1341964800,Quaker Soft Baked Oatmeal Cookies,These are great especially for little hands.  I love how soft Quaker Soft Baked Oatmeal Cookies are.  My son really can't get enough of these things!
563393,563394,B007JFMH8M,A1F3P86HABN49V,tbear88,0,0,5,1341964800,Quaker Soft Baked Oatmeal Cookies,"Love the cookies!  I was pleasantly surprised how delicious this was.  I am not usually a soft cookie fan but this one was an exception.  Also, this is a pretty healthy choice if you are craving sweets."
563394,563395,B007JFMH8M,A1GSUAY824143X,Sherlyn,0,0,5,1341964800,Fantastic Cookie,"This cookie was great. It was a little soft, but that's what made it even better. It didn't take long for it to vanish, which might be a bad thing if you lack self control (something I do not possess). I recommend these to everyone unless you are allergic to raisins."
563395,563396,B007JFMH8M,A2ZGAYM73QA32R,Mindy.shay,0,0,5,1341964800,Yummy cookie,"This cookie is so soft and taste amazing! I was so surprised with how moist and chewy it was, better than home made, believe it or not. My whole family were begging for more, highly recommend trying this!"
563396,563397,B007JFMH8M,A3EDAIXNN61MZD,April,0,0,5,1341964800,Just like homemade!,I received this cookie in my Influenster voxbox and LOVED it! It tasted just like what I would make at home. Delicious!
563397,563398,B007JFMH8M,A1NATKZWW6EJAK,KimaT,0,0,4,1341964800,Great product,I received this product thru Influenster and Quaker in my MomVox box. I opened it jn front of my 8 year old which he took off running with it and later came back and told me that he needs it for his snack at summer camp. We went out and bought a box and he takes one every morning for camp. Love it!!!
563398,563399,B007JFMH8M,A17RZLRLBH8HHM,Simplymaggz,0,0,5,1341964800,Quaker soft baked oatmel cookie,I have tried this from Influenster and its delish! I also purchased more of this because it became my son's favorite snack! Love it too! :)
563399,563400,B007JFMH8M,A5I0ADFJGYV8L,Cherie,0,0,5,1341964800,Excellent Cookie!,"I received this cookie from Influenster and Quaker in my Mom VoxBox. I was so excited to get the chance to try this cookie. Then it came and my youngest took it before I got the chance! I was so disappointed but from what I understand from him it is one of the best cookies he has ever had, and it tastes better than the cookies I bake him at home."
563400,563401,B007JFMH8M,A2TTHN1UMO82VY,Elle  Pece,0,0,5,1350432000,Yummy,"The Quaker Oatmeal cookies are deliciously soft, the cookies are individually wrapped, and I like that because you can take one package on the go and have a good snack a healthy one. I like this Raisins cookies a lot."
563401,563402,B007JFMH8M,A1P27BGF8NAI29,Alice in Wonderland,0,0,4,1349827200,I did find these to be quite good,"Quaker Oats Company has been around for over 100 years, and with a track record like that you know that they are doing something right! These soft oatmeal raisin cookies are actually quite good. Each cookie weighs about 1.48 ounces, and is about 170 calories (27 grams of carbohydrates). So, while they are not exactly a low-calorie snack, they aren't too bad either.<br /><br />The nice thing about them is that they are nicely filling, making them a nice afternoon snack, when you need a little something to get you through work. And, while oatmeal raisin cookies are not my favorite snack, I did find these to be quite good. As a matter of fact, that's what I like about them being singly packaged, it keeps me from going back for more!<br /><br />(Review of Quaker Soft Baked Oatmeal Cookie, Raisins)"
563402,563403,B007JFMH8M,A2YPGQH2UGGTM2,J. Moore,0,0,5,1348876800,Just like mama's ?  Maybe.....,No-one should do oatmeal better than Quaker ....right? Well they have been trying to expand from just the basic oatmeal for some time. These soft cookies are tasty and satisfying. In my family you can tell how good they are by how quickly they disappear. Weel - they disappeared in swift order. In fact I barely got to taste more than one. The general consensus is these are 'just like homemade. There is not greater compliment that can be paid. They are packaged conveniently for inclusion in school lunches etc. They certainly make a great accompaniment for tea or coffee for that unwinding moment all of us need at somour day.
563403,563404,B007JFMH8M,A1ZH9LWMX5UCFJ,"K. Stuckey ""kateling""",0,0,4,1348876800,just like grandma used to make!,"These cookies are much closer to homemade than most of those break-and-bake cookies out there, with similar nutritional info. Very soft, with lots of plump raisins, great on the go!"
563404,563405,B007JFMH8M,A1SVXJZ3386U2D,Randy Keehn,0,0,3,1348704000,Soft and Dry,I like oatmeal and raisin cookies but I don't eat them very often.  That's probably because my wife makes such awesome chocolate cookies.  When I do get an opportunity to try an oatmeal and raisin cookie it is usually from a store-bought package.  I usually come away impressed with how moist these pre-packaged cookies are.  That's what surprised me most about Quaker Soft Baked Oatmeal Cookie;  They're soft but they aren't moist.  There is a distinct soft dryness to the cookies. The taste was good and my grand daughter quickly ate up most of them.  She liked them because they are tasty and soft.  I agree and I guess two out of three criteria is good but I was looking for one more quality
563405,563406,B007JFMH8M,A2IT7S59GSASN7,"Mark Taylor ""markdtaylor""",0,0,3,1348704000,"Not so chewy, a bit dry","Maybe it was the hot weather? Maybe it was the baking process?<br /><br />These cookies, although individually packed (so good for school lunches), came out a bit dry and crumbly.<br /><br />Sure, maybe I am just a messy eater but a soft baked cookie just not crumble as much as the cookies I got crumbled.<br /><br />Maybe if you get them at the supermarket they would be less dry.<br /><br />Maybe if is just a general problem with the way they are produced."
563406,563407,B007JFMH8M,A3B9C6MZAFC1JX,FogCityBookGal,0,0,3,1346630400,Eh?,"These cookies come individually wrapped and easy to stash in lunch boxes, picnic baskets, or give to the kids as an after school snack. However, I did not find them to be the most appetizing thing in the world - especially as an adult who is used to low cal or sugar free snacks. Kids hate them. I couldn't get mine to try more than one bite. Even as an oatmeal cookie, they aren't that good. We found them salty and bland. Yes they were soft, but also crumbly, which made a mess. I wouldn't say they are the worst I've ever tried, be definitely not as good as other Quaker products."
563407,563408,B007JFMH8M,A1YCV76MUFESR1,Anne-Marie Gilliland,0,0,4,1346544000,Pretty Guilt Free and Tasty,"I really liked these cookies. They are sort of firm but not crunchy, so they don't get crumbs everywhere. They worked really well for me as a post breakfast snack (or sadly even breakfast on some days).  They aren't coated in sugar the way a lot of prepackaged oatmeal cookies are.  Each cookie is individually packaged and is easy to open on the go.<br /><br />I'd totally buy these the next time I see them in the store."
563408,563409,B007JFMH8M,ABNMD6670TV53,"R. Kolin ""Third Degree member since 1991""",0,0,4,1346198400,"Tasty and a nice, quick snack","Quaker is pretty much the oatmeal company, and they have done a nice job with this oatmeal raisin cookie. I liked the convenience of being individually wrapped, which also preserves its freshness. I take one of these along during a round of golf and in my lunch. The cookie is tasty, light and moist. I recommend this to all cookie lovers, especially those fond of oatmeal raisin."
563409,563410,B007JFMH8M,AOXMWBNDZDJ9L,Chelsea Liddle,0,0,3,1346025600,Like the vending machine,"These large cookies greatly resemble in look and taste the ones you might get in a vending machine.  They are individually packaged and have a soft and chewy texture.  The taste left me pretty unsatisfied as they were pretty bland and tasted too ""processed,"" not like simple and fresh oatmeal raisin cookies.  I would not recommend them personally, although my little ones liked them fine (although I rarely know kids to say ""no"" to a cookie!)."
563410,563411,B007JFMH8M,A17OGRGX1EMDRR,OneUniqueQueen,0,0,3,1341964800,Daughter LOVES it!,"I got to this in my Mom VoxBox from Influenster. I don't like oatmeal cookies. So I had my daughter try it and she LOVED it. She said ""Mom, this cookie is really good. Is there another one. I only got one."" I told her no that, that was all. She was really bummed. But I told her that when we go to the store and if we see them we'll make sure to buy them since she likes them so much."
563411,563412,B007JFMH8M,AU2SKKGEM27QB,Meg,0,0,5,1341878400,Great Tasting!,"Cookies are delicious and very soft, i expected a much different taste but to my surpise they were actually great. I got a sample so i will be purchasing these for my family soon."
563412,563413,B007JFMH8M,A380DEMZPD1C8I,christina,0,0,5,1341878400,Kids love it.,"I was given a chance to sample this cookie when I got my Mom vox box from Influenster and Quaker, much thanks. The kids and I shared the cookie it was soft and chewy really good we will be buying them again."
563413,563414,B007JFMH8M,A2B2M5YQZPBOA3,Sarah Lee,0,0,3,1341878400,It was very yummy but very soft!,"I was really excited to get this Quaker Soft Baked Cookie in the Oatmeal raisin flavor because this is one of my favorite flavors. Over all the flavor was fabulous with just the right amount of raisins, but I found it to be toooo soft. I do like soft cookies but I had a hard time eating this cookie because it was so soft it crumbled in my fingertips as I tried to take bites so I had to eat it over the wrapper carefully. I also let my 7 year old son and my 12 year old daughter try bites and they loved it and did not care that it was soft and crumbly at all. Overall I would recommend trying them because the flavor is good and maybe they are not all that soft."
563414,563415,B007JFMH8M,AXBO8IITQB0FH,Jennifer Worden,0,0,5,1341878400,amazing,"I recently tried them and they are chewy goodness!  Be sure to try them heat them up, oh your going to love them/"
563415,563416,B007JFMH8M,ALTK95MGGJGX,RoynLindsay P.,0,0,5,1341878400,Great Cookie!,I just wanna say that we are completely hooked on this cookie now! My kids love the product as well! Especially with all the nutritious qualities of the cookie and the great taste! We are def sticking with this from now on!!
563416,563417,B007JFMH8M,A2IEKQUYATR8UX,kheath,0,0,5,1341878400,Love this product!,Love at first bite! Very moist and delicious! Definitely recommend to everyone who is a fan of Oatmeal Raisin cookies.
563417,563418,B007JFMH8M,A1RXZ4CABWPVN,Yessie1981,0,0,5,1341878400,Yummy,"I recently tried this product through my influenster mom vox that I received and I have to admit that I am not a big fan of cookies HOWEVER this has to be the best cookie I've ever tasted thus far so much that I ate the whole thing before I could even record my youtube video, lol."
563418,563419,B007JFMH8M,A10Y723SWU2WHZ,Jazmine Collins,0,0,5,1341878400,Yum!,"This is the best prepackaged cookie I've ever had! They have great flavor, are soft and chewy, and just everything you would expect in a homemade cookie! I was given it in an Influenster voxbox and I can say that I will be purchasing these very often!"
563419,563420,B007JFMH8M,A2AYGK8D17XJMR,"Brittney Green ""Britt - Brat""",0,0,5,1341878400,soft baked yuumy cookie,i actually tried this cookie through influenster is was really chewy which is how i like my cookies i dont like them hard and crunchy its very good but the after taste left in you mouth is kinda nasty but overall one good cookie
563420,563421,B007JFMH8M,A2IIDRHZMGK3E5,"Diana Aguilar ""-DIANATHIZZLE =)""",0,0,5,1341878400,delicious,"i received this product from influenster to test!!.. i loved it it was so soft and delicious i would have not bought this if i went to the store because it is ""healthy"".. but after tasting it i will definitely be buying more!!"
563421,563422,B007JFMH8M,A2CTFMY2YL0KQO,"Stacy Lane ""ducktapegurl""",0,0,5,1341878400,Very tasty cookie!,"I recently tried this cookie as part of an Influenster Mom Vox Box.  Influenster sends out free boxes of products in order for you to test them and give them your feedback. I really enjoyed this cookie!  Most packaged cookies are hard and taste like cardboard but I was pleasantly surprised that this cookie was soft and comparable to a homemade oatmeal raisin cookie.  The nutritional facts weren't too bad for a dessert too.  It was very yummy and filling.  A good sized cookie!  I will definitely be buying some for my family, since I ate this one myself ;)"
563422,563423,B007JFMH8M,A3FTRK4S2H4LOK,Mother of Two,0,0,5,1341878400,True Homemade Flavor and Texture!,"I received a free cookie from Influenster, and it made my week. I normally avoid packaged cookies because I like the chewy freshness of homemade so much better. These had an amazing flavor of cinnamon and spice, and the texture was perfect. I need to go get my own box!"
563423,563424,B007JFMH8M,AJQK1B2Q4NCHU,CNelson,0,0,4,1341878400,Delicious,"I was given a sample of these Quaker Soft Baked Oatmeal Cookies from Influenster.com as part of their Mom VoxBox 2012 for reviewing. I shared my cookie with my 2 1/2 year old daughter. As with any cookie, she loved it! I thought the cookie was delicious. Not overly sweet, but had perfect flavor. It was moist too, unlike some cookies that are dry. My least favorite part was how crumbly it was. It did have a tendancy to crumble quite a bit. Overall, it was a great cookie."
563424,563425,B007JFMH8M,A2ZFOWI93B94G4,WhitBoff,0,0,5,1341878400,YUMMY!,"I received this delicious treat complimentary of Influenster in my Mom voxbox. I did note that was in several crumbly pieces when I opened the package, but it obviously didn't change the taste of the cookie itself. It just made it a little messy to eat, but in my house with a toddler that is nothing new. Speaking of toddler, SHE LOVED IT! She actually wanted more after the package was empty, and was pretty upset when I kept telling her it was all gone. :) Looks like we'll be getting some more to have around the house and maybe a little bribery for the diaper bag. :)"
563425,563426,B007JFMH8M,A1ZW99N6T7E0FJ,tabatha42183,0,0,5,1341878400,Delicious Treat for the Whole Family!,"I got the opportunity to taste test these awesome cookies from Influenster and Quaker in their Mom VoxBox and found the cookie to be absolutely delicious! It was soft and chewy, just how I like my cookies! My four year old and I shared it and half was enough for each of us and he loved it too!"
563426,563427,B007JFMH8M,A25CD3H4FMV6IT,brenda b,0,0,5,1341878400,yummmmmmmmmm,I received the Quaker soft baked oatmeal cookies from influenster in the mombox. I was very pleased. Not only was it a great sized cookie and was also very soft. It was not dry and it tasted great. i will definitely be purchasing this product!
563427,563428,B007JFMH8M,A1PC8WIZSF8P6R,MatixsMommy,0,0,4,1341878400,Wonderful Snack!!,"I received the Oatmeal cookie complementary in my Influenster Mom Voxbox and I couldn't be more impressed with the quality of the ingredients and the taste! I will definitely be buying more, especially now that I know they come in these amazing flavors!! Yummy! They are great to have on the go and especially delicious warmed up with some milk!!  And they are not too expensive on the calorie bank either!"
563428,563429,B007JFMH8M,A334VH4XXBMNIB,sourgrapes,0,0,3,1341878400,Tastey!,"I tried these cookies as a sample from influnster.com. They are a little sweet for my taste, the kids loved it. They are a good size, about the size of the palm of my hand. At 170 calories each, they are a little hefty to have more than one at a time, but since they are individually wrapped, no worries about waste.  Try them microwaved for about 20 seconds!"
563429,563430,B007JFMH8M,A30K6FX9TGESXS,T. Krause,0,0,5,1341878400,Something for the whole family!,"I received a cookie as part of an Influenster review. I love that it tastes like a fresh cookie from Grandma's oven. I knew I would love it, but was uber pleased to see that my 2 year old loves it as well. This is definitely something that will replace a fruit snack!"
563430,563431,B007JFMH8M,A3SRANSNTP8WV4,MrsYerry,0,0,5,1341878400,Delicious!!,I received a complimentary Quaker Soft Baked Oatmeal Cookie from Influenster.com for review purposes. This cookie is huge and hearty! This is literally the first Oatmeal Cookie I have ever been able to get my picky teenage son to eat! Very soft! Just like homemade! Quaker has really outdone themselves!
563431,563432,B007JFMH8M,A37F6ROMBNWVNQ,Adrena Johnson,0,0,4,1341878400,Love them,"I received this item from Influenster and loved them so much thaton my next grocery trip I purchased three boxed.  I received the oatmeal raisin from Influenster and I also purchased the banana nut and the chocolate almond.  The raisin was my favorite soft and moist, loved them"
563432,563433,B007JFMH8M,A337SZO4X5CVYJ,Julie Ann Maday-keene,0,0,5,1341878400,Quaker oatmeal cookies taste delicious!,"These cookies are amazing! They are moist, flavorful and are really satisfying. I can't wait to add them to my teenagers lunches in the fall!"
563433,563434,B007JFMH8M,A1E4JTG9X3AZQS,"J. Gonzales ""dfalln1""",0,0,4,1341878400,Great alternative to homemade,"I was really surprised at how good these are! Very soft and chewy, however maybe a little too soft. I recently packed them in a lunch and got complaint that they crumbled"
563434,563435,B007JFMH8M,A1FL751FIQ1K1F,Kara,0,0,5,1341878400,Very Soft and Yummy,"These were very tasty, my three year old son even gobbled them up! They are very soft, and as long as you like oatmeal cookies you will love these!"
563435,563436,B007JFMH8M,AUZNNV1ZYG8J0,Jean,0,0,5,1341878400,Yummy,Yumm yumm yumm we loved them like that way they are soft for the kids and they taste so good
563436,563437,B007JFMH8M,A2N5RWQ4ND7DIW,Megan,0,0,4,1341878400,Really good!,"Bought these for my husband and he really likes them! I haven't tried them yet, but I'm going to give them a shot."
563437,563438,B007JFMH8M,A1LP4E8DPMHGZT,K. Johnson,0,0,5,1341878400,Not bad at all,"For an Oatmeal Raisin cookie this isn't bad at all. Nice and soft, great taste. I like the other flavors of this cookie as well."
563438,563439,B007JFMH8M,A251WX1Z4SHFDD,ChelseaPartiesPantless,0,0,5,1341878400,Holla Holla at this Cookie y'all!,"I got a sample of these yummy thangs in my Influenster Mom VoxBox and they are delicious! I shared mine with my toddler and she also loved it, cried when we ran out of cookie! They are nice and soft and really tasty! Go on and get you some, girl!"
563439,563440,B007JFMH8M,A296X4ZUJFBAMY,abggch,0,0,5,1341878400,Amazingly good!,"I love Quaker Soft Baked Oatmeal Cookies. They taste so good! They are moist, soft, and just the right size! The first cookie i had i received in my Mom VoxBox from influenster.com. It was so good that the next day I went out and got a whole box! They are great for on the go snacks. I keep one in my purse for when I need a little snack! <a href=""http://www.amazon.com/gp/product/B005KK56JU"">Quaker Soft Baked Oatmeal Cookies 6 count box (8.8 oz.), Raisins (Pack of 4)</a>"
563440,563441,B007JFMH8M,A2K4QDSGBJI172,Kendra,0,0,4,1341878400,Yum,I also received a sample of this cookie from Influenster.  My daughter really enjoyed it. I think it is a little high in sugar to make it a regular treat but I would repurchase it in the future.
563441,563442,B007JFMH8M,A3KK11UQ3X6FR7,Spanky,0,0,5,1341878400,So good you need to put them in the trunk on the way home from the store if you don't want to sneak into the box,"The Quaker Soft Baked Oatmeal Cookies are delicious, I received a complimentary sample from Influencers to try the product and review it.  Well when the Vox Box that contained my complimentary products to try I opened it up infront of the mailbox, on the way up my driveway I ate my cookie.  I absolutely love that these are individually packaged yet a nice size cookie.  You don't feel deprived by throwing just one in your lunch box or purse, and certainly the kids love them.  I think they are very reasonably priced, and plan to stock up on a few boxes.  Perfect for the the beach when you want snacks yet don't want the seagulls attacking open food bags.  Not to mention they are a guilt free snack:<br /><br />-Made with Whole Grain Quaker Oats<br />-Individually packaged<br />-Provides a good source of fiber<br />-Contains 6 grams of total fat per serving<br /><br />Definite buy, if on sale stock up."
563442,563443,B007JFMH8M,A4YUXXZ0DGHJD,EmmalynnsMama21,0,0,4,1341878400,Yummy cookie,I recieve sample of this cookie from Influenster to try out. I normally dislike cookie with raisins but this one was good. I will not get these again but thats not because it wasn't a good cookie its because of the raisins. I will how ever try these in other flavors.
563443,563444,B007JFMH8M,AWJGALJ7YIG67,kratzy,0,0,5,1341878400,"tastes like homebaked cookies, just so much easier to ""make""","I love these cookies. They have a wonderful chewy texture, a bursting with raisins and taste truly homemade. At first I was concerned the cookies may have picked up some of the flavor from the packaging, but the flavor, while helping to maintain the freshness of the cookies, had  no effect on the flavor. I love the baked through flavor of the cookies, they baked to perfection - not underbaked and certainly not overbaked because they are nice and chewy. I will definitely consider these cookies as a pantry item for when I need a treat, but did not have time to  bake cookies for the kids myself.<br /><br />Disclaimer: I received a Mom Voxbox through Influenster, which contained a sample of Quaker Soft Baked Oatmeal Cookies. The opinion expressed herein are my own personal opinion and have not been influenced by Influenster or any other third party."
563444,563445,B007JFMH8M,A28GJHVEB3ZFV1,alosek,0,0,5,1341878400,Picky Eater loves them,"I was one of the lucky moms out there that got picked to receive a MomVoxBox  from Influenster. When I opened the box my youngest son Jordan was sitting with me. Before I had a chance to see what it was he took it and ran off. I was surprised by this, but I opened it up for him and he ate it right up. See my son Jordan is Autistic and he is a very picky eater. He is also picky about his snacks. He hates raisins, I have never been able to get him to eat them . But he loved the Quaker Soft Baked Oatmeal Cookies. Ever since we received these when he sees a Quaker cookie box we have to buy it he thinks they are the same cookies. These are so great they come in their own wrappers so you can take them when you are on the run and they are way healthier then most cookies out there."
563445,563446,B007JFMH8M,A3HHL4JYO9PU1U,Jonathan Sterling,0,0,5,1341878400,Great cookies!!,I received a sample of this product to test from Influenster.The Quaker Soft Baked Oatmeal Cookies were much more moist then other brands. Also I like the fact that it's made with whole grain quaker oats and it provides a good source of fiber. These are a great thing for kids to eat!! [...]
563446,563447,B007JFMH8M,A21KQYQLNSFCKW,Ladysteeler,0,0,5,1341878400,Taste Like Mom's Homemade Cookies,"I received a sample of this product to test from Influenster.  I have been a big fan of oatmeal cookies all my life and I put this right on top.  What really impressed me was the sofeness and the taste was just awesome.  If I didn't know better, I'd think they came right out the oven. Lets not forget the wholesome ingredients it contain.  You couldn't ask for a better cookie.  If I didn't know better, I think my mom made these."
563447,563448,B007JFMH8M,A362PVPSOJ579X,MeggyHines,0,0,5,1341878400,Amazingly DELICIOUS,"I received a cookie from Influenster. I am not a big fan of oatmeal and raisin cookies,not since my Granny spoiled my taste buds. Ever since then I have tried to find cookies on the market that were comparable to hers, with no luck. I was surprised by this cookie! It tastes so close to the homemade ones that my Granny used to make!! The size is enormous and the raisins are soft and chewy. Definitely worth buying! LOVE IT!"
563448,563449,B007JFMH8M,A1T2BMX629OT2X,asiancracker,0,0,5,1341878400,Yumm,I really dislike oatmeal cookies and raisins..I got a cookie from influenster and this cookie was awesome and made me change my mind about oatmeal raisin cookies. I would def. get these again.
563449,563450,B007JFMH8M,A2RDJVM7WHUD1B,"EeezySqueeezy ""EeezySqueeezy""",0,0,5,1341878400,Delicious !,"I am not a big fan of raisin cookies, But I had a taste of their raisin oatmeal cookies & they were delicious ! I am surprised my son loved them too. He had no clue there were raisins in there, They were just that yummy (: I will def be buying more of these. Thanks to Influester for sending me a sample in my 2012 Mom VoxBox."
563450,563451,B007JFMH8M,A17UF5BSDY0M9F,Joelle McGuire,0,0,5,1341878400,Great cookie,I love these soft and chewy cookie from quaker. The cookiew was better than what I expected from a store bought cookie I will buy again
563451,563452,B007JFMH8M,AEOLQOH7KKSSB,Maggie B,0,0,5,1341878400,So soft and chewy!,I got to try the Raisins Soft Baked Oatmeal Cookie from Influenster via the MomVoxBox.<br />So much flavor! This cookie is just so yummy chewy and soft and delicious. You have got to try it to believe it!<br />You just want to eat every little piece. An awesome treat!
563452,563453,B007JFMH8M,A2E1IB0RZP8TQC,Susan Marie Bolden,0,0,5,1341878400,Quaker Soft Baked Oatmeal Cookie with Rasins,"First let me say that I tried this product because I received it in my Mom VoxBox from Influenster as a complementary test product.  That said, these cookies are off the hook delicious.  They really do taste just like homemade (I know, because I make my own all the time).<br /><br />I only ate a bite because my son was chomping at the bit to have it and as soon as his little hands got ahold of this cookie, it was gone in seconds and he was asking for more.  We'll certainly be buying a box to keep for when it's just too hot to turn on the oven and make our own!"
563453,563454,B007JFMH8M,A2RKUXWZKVTZ8L,porple,0,0,4,1341878400,Very moist and delicious!,"The Quaker Soft Baked Oatmeal Cookies were truly much more moist then other brands.  They had a good oatmeal flavor and were packed with raisins, but were not as sweet as I expected.  After a few bites, I found just a little bit of the cookie was the perfect amount to fill me up and calm my sweet tooth.<br /><br />*I received a free sample of this product from VoxBox in order to provide an honest and accurate review."
563454,563455,B007JFMH8M,A1JT2WNZ60UWRB,Jenn,0,0,5,1341878400,Love these,I was Fortunate enough to be sent this item through influenster. I really enjoyed the cookie. It was delicious soft goodness that didn't make me feel as guilty as eating an Oreo<br />Thank you Quaker!
563455,563456,B007JFMH8M,AXXTETPBEC9TM,tiffiedawn,0,0,5,1341878400,Taste Great,These cookies taste fantastic!  Even my picky children love them and ask for them every time we go to the grocery store!
563456,563457,B007JFMH8M,A1V37KXOOGAIH8,moonbaby1067,0,0,5,1341878400,AMAZING!,I received the Quaker Soft Baked Oatmeal Cookie from Influenster and Loved it! These cooies are one of my favorite packaged cookies.
563457,563458,B007JFMH8M,A18NMBZTHPVZOL,Coleykins,0,0,5,1341878400,COULD EAT A MILLION!,"I received the Quaker Soft Baked Oatmeal Cookie from Influenster to try.  I am gluten intolerant so my seven year old daughter got the pleasure of trying it.<br /><br />Here is here review:  ""I loved this cookie.  I loved it so much i could eat a bunch of them.I loved this cookie it was so good i wish you could give me more. It was worth five in rating that's how good it really was to me. I wish mommy could try it but it was not gluten free so she could not try it so that was sad. But i loved it.""<br /><br />I have a feeling this will end up in our cart our next grocery trip ;)"
563458,563459,B007JFMH8M,A2ON4K5SOER4YD,SimiAngel,0,0,4,1341878400,Soft and Yummy,"I love these cookies, they are soooo soft and they taste delicious all of the flavors. They are also not to chewy."
563459,563460,B007JFMH8M,A2F7URUNLTF855,jgagirl25,0,0,5,1341878400,great cookies,these are really good cookies. And i can get my 7  yr old to eat them thats always a  +
563460,563461,B007JFMH8M,A2SMK6STZFWKBP,socanibeyours,0,0,5,1341878400,yummy,my son and i shared on and let me tell you it tasted amazing didnt think id like the raisin s since i usually dont or oatmeal but i did they were so soft and tasting so good we boaght two packages already one is gone thumbs up
563461,563462,B007JFMH8M,ASSD9LJYESYG0,Sus18,0,0,5,1341878400,Pure deliciousness!,"Thanks to Influenster I got the chance to try these yummy Quaker soft baked raisin cookies! It was love at first bite!I like the fact that it's made with whole grain quaker oats and it provides a good source of fiber. All in all, the soft, chewy, homemade taste makes this one a tough cookie to beat."
563462,563463,B007JFMH8M,A2M07Q8FOXN3WR,JessMN,0,0,5,1341878400,Fantastic,"These are some of the best oatmeal raisin cookies ever - I usually bake my own cookies but to be honest I'm not sure I can do better than these!  They are soft, melt in your mouth and bursting with flavor."
563463,563464,B007JFMH8M,A21Q70ARD2XHN3,Andrea,0,0,5,1341878400,Yum,This product was great! My kids love them and they are a healthier option when you are on the go!
563464,563465,B007JFMH8M,A1HY9S31V7EY9N,sneakerdoodle,0,0,5,1341878400,YUMMY COOKIES!,Just after getting this cookie I ate it right up! I love my cookies soft and oatmeal cookies aren't normally the most moist cookie. These had such a great flavor even better than my own homemade ones. My family was not happy that I ate the whole cookie without sharing!
563465,563466,B007JFMH8M,AUSJM134Y06S1,Sarah,0,0,5,1341878400,Amazing,These cookies are delicious!!!!!!! my 4 year old loved them i barely got any. great for snacks and on the go.
563466,563467,B007JFMH8M,ADXWHZUTXSLNE,momentsofcylience,0,0,4,1341878400,Quaker Oats Cookie,"These cookies are great to toss in to lunch sack or to grab one on the way out the door. It makes getting a treat more then just eatting the cookie it's something that can be share and experienced anywhere, anytime."
563467,563468,B007JFMH8M,A3UXGVJWFDIC4T,lltojmt,0,0,5,1341878400,Good Stuff!,"The cookie was soft, moist and delicious.  You can tell they are packaged fresh as they don't have that stale taste.  My kids and I love them!  They are definitely worth the money."
563468,563469,B007JFMH8M,A3E65GJTEAOC9M,Meg N,0,0,5,1341878400,Soft & chewy goodness!!,"I was pleasantly surprised how good this cookie was. To be honeset, I only got to eat 2 bites of it....my 3.5 year old gobbled the rest up!! She's not a big breakfast eater, but she enjoyed this cookie. The raisins were nice and plump, not dried out and hard. Very impressed with the size of it too. This is a great cookie."
563469,563470,B007JFMH8M,A3BI1YF9YAARW2,"LoveBigBakeOften ""LoveBIG""",0,0,5,1341878400,MUST ORDER FOR MY BOYS (and me!),"These are perfect for on the go...we are often rushing out the door and I often grab something as the door is closing.  These are perfect to fill you up and give you the start to the day that you need.  My youngest is not a morning person and is slow to eat, so these are great for him to just grab and eat on the way to school.<br /><br />Was so happy to get a sample of these in my MomVoxBox...thank you Influenster."
563470,563471,B007JFMH8M,A2RPNN823U333Q,Stephanie Marshall Hooper,0,0,5,1341878400,Great cookies!,"I received this product from Influenster. I have to say the kids devoured it before I got the chance! They asked for more! So, it's added to the grocery list."
563471,563472,B007JFMH8M,A2IBYIHWSCQHK7,nannaof3,0,0,5,1341878400,Love it,I received a sample of this cookie in my momvoxbox and it was great I had to go out and buy more.<br />I would love to tell everyone to get these great cookies
563472,563473,B007JFMH8M,A2453GFZE314S4,Tillissa,0,0,5,1341878400,These are great,If you are looking for a cookie that taste like grandma makes look no further. These are the best oatmeal raisin cookies I have ever had.
563473,563474,B007JFMH8M,A3CPJ4ODEYI0L2,A-Rae,0,0,5,1341878400,Scrumptious,"I received a sample of the soft-baked cookie with raisins from Influenster! The cookie smelt amazing, was soft just as it said, I know it's healthier than regular cookies, and it seemed homemade, straight out of the oven!!! I will be buying some for sure!"
563474,563475,B007JFMH8M,A218IAZ4TAE2JG,aesouthey,0,0,4,1341878400,Yummy and kids loved it too!,My kids and I loved this cookie!! It was so tasty and best of all it was good for them too! I highly recommend this product! It was very soft and fresh too!
563475,563476,B007JFMH8M,A3K89DIR1Y6IB8,laniecraig,0,0,4,1341878400,Quaker soft Baked Raisin cookie,I really enjoy these cookies.They taste like homemade and have lots of healthy whole grain.Love that my teen boy will eat them instead of unhealthy snacks and they fill you up well.
563476,563477,B007JFMH8M,AH819V5XZVAJJ,Septbaby028,0,0,4,1341878400,Very good!,I tried the oatmeal raison one.Very good! Defintly excited to try all of the flavors. The apple one looks really good.
563477,563478,B007JFMH8M,AZ4CKEJGTQG1V,MzErika,0,0,5,1341878400,absolutely amazing,This is a definite buy. This is the first store bought cookie that Ive ever had that taste like homemade. It so soft and chewy.
563478,563479,B007JFMH8M,A6AQGHVPMLHNO,"A. Emore ""April Loo Who""",0,0,4,1341878400,Yummy!,Delicious and soft treat! Perfect to store in a purse or diaper bag. My kids loved them and I enjoyed them also.
563479,563480,B007JFMH8M,A3IKMQJPD356O3,Cheese,0,0,5,1341878400,Soft and delicious!!,Its soft and chewy. It was a very good cookie even though it came from a bag and wasnt homemade! My kids love these cookies!
563480,563481,B007JFMH8M,A22WZP6V54FC4K,BossyBoots,0,0,5,1341878400,Great way to start the day,"I absolutely loved this cookie! I tried the oatmeal raisin and can't wait to try the other flavors! I like to eat a little something before I workout, and this cookie really hit the spot. My little kids also really enjoyed them! They are begging for more. Perfect snack for the little guys."
563481,563482,B007JFMH8M,AZ46YG5P7DE5J,Lucky_green_eyes_mommy,0,0,5,1341878400,Best snack ever!,I will be going to get more of these tonight! My 15 1/2 month old son just loves them and I like giving them as an afternoon snack for him. They fill him up and give him the energy for more running around and they don't seem to bother his mouth since he's currently teething.
563482,563483,B007JFMH8M,A1BE3OH7TH8JY9,jmama,0,0,4,1341878400,Yummy,These cookies are delicious and healthy.  I will be buying these to share with my family. Quaker couldn't have made a better cookie!
563483,563484,B007JFMH8M,A2UEL7CRDCMG0R,"V. Thommes ""Ginitas""",0,0,5,1341878400,I don't even like oatmeal raisin cookies.,"I was lucky enough to try this cookie in a Mom VoxBox from Infuenster. So glad they gave me a sample because I would have never tried it on my own since I don't really like oatmeal raisin cookies. This cookie was delicious, not too sweet, very soft and chewy and my 17month old daughter also loved it. These cookies will be found in my house from now on."
563484,563485,B007JFMH8M,A3MIVT8IBWSC0R,Shopperluv,0,0,5,1341878400,Yummy,Amazing cookie i not one to like oatmeal and raisins but this cookie was really moist and soft. I was so good i bought the other flavors chocolate chip and the berry ones. This cookies are great for the on the go food just throw it in ur bag and go A++++++
563485,563486,B007JFMH8M,A1GUFMEKC67DMZ,ksthomps,0,0,4,1341878400,Very tasty,These were really good. I got them free to try and loved them. Very filling and tasty. Me and my husband shared it and we couldn't wait to buy more.
563486,563487,B007JFMH8M,A36EMFO4RUN7QM,alyssa,0,0,5,1341878400,cookie,Wasn't sure if this cookie was going to be as it was described but it was more than what I thought. It was so soft and I love soft cookies I tried the rasian one cant wait to try the rest
563487,563488,B007JFMH8M,AG509WZ4O3ZVE,Ao112004,0,0,4,1341878400,Soft baked Quaker cookie ( influenster sample),I am not a huge fan of raisins but the Quaker brand has always been one I loved. I did try the cookie and it was so soft and melted in my mouth . Had a great and healthy taste of whole grains and overall is a good Cookie.
563488,563489,B007JFMH8M,A2TSHCT7EUO6S6,Ssomers1,0,0,5,1341878400,Quaker soft baked. Yum,"I really enjoyed these cookies. Great taste and very filling!! Great to pack in lunch, picnic- kids snack. Great that they come individually wrapped- easy to throw in your purse or bag. I would recommend these for kids and adults!"
563489,563490,B007JFMH8M,A26NNDKQDICMZN,davina,0,0,4,1341878400,good cookie,i am not an oatmeal cookie lover but I will say that I loved this cookie !!!!!!!!!! it was soft and chewy and that what makes it good
563490,563491,B007JFMH8M,A2DGR4QV3GOVQD,stephanie,0,0,5,1341878400,quaker soft cookies,They are amazing. So good and soft chewy. I so recommend them.my kids evwn enjoyed them. I will be purchasing these
563491,563492,B007JFMH8M,A3OGTIDOCYMJUJ,C.Yi,0,0,4,1341878400,QuakerOats GOOD!,These were pretty great. We got the Oatmeal Raisin but to me they tasted like Pumpkin Pie which was even better. My husband and three year old liked them as well. Especially the three year old. These cookies were pretty great. Very dense so one is definitely enough. I want to try another flavor next time too! Maybe something with chocolate!
563492,563493,B007JFMH8M,A2ZW5BCB2YWT39,deco,0,0,4,1341878400,Soft and Flavorful Cookie,"I recently received a sample of this cookie, and I enjoyed it!  The cookie was soft and not too dry.  It was a little spicier than I generally like my oatmeal cookies, but it definitely had some flavor. I wouldn't say that it's my favorite oatmeal cookie ever, but I would be very okay with eating more of them  :)"
563493,563494,B007JFMH8M,A1RJG9FR4WMW1B,Brian J Alinovi,0,0,5,1341878400,Soft and Chewy,"This individually wrapped cookie was moist, soft and chewy. The taste was perfect and it was beyond expectations, the perfect bite."
563494,563495,B007JFMH8M,A3JAXGSXU195WV,STACEY MOTT,0,0,4,1341878400,Delish!,"Oatmeal is one of my favorite grains and I was very excited to try these cookies, especially a soft variety.  Very yummy!"
563495,563496,B007JFMH8M,A1NX3551JZ765N,llsnyder7,0,0,5,1341878400,YUMMMM,The oatmeal cookie was so soft and chewy. It really was very yummy as well as healthy. Will definitely buy more!
563496,563497,B007JFMH8M,A27V6FWDG69G6X,JennyS,0,0,5,1341878400,YummY,We recently got one of the Quaker Soft Baked Oatmeal Cookies to try ViA Influenster and Quaker. And my family loved them! They don't taste store bought at all. They tasted home made!! Very soft and moist!
563497,563498,B007JFMH8M,A1NQ7WS4WKJ427,Kirin T.,0,0,4,1341878400,Quaker Cookie,"Upon recieving this cookie in my voxbox from influenster I sceptical because you expect cookies in a package to be very dry and more often than not tasteless, the cookie recieved in the package was surprisingly moist and very flavorful, it tasted very good and I will definately purchase them in the future."
563498,563499,B007JFMH8M,A13Q5LKLFYEF3Q,"A. Walker ""La Reina Purpura""",0,0,5,1341878400,Oh so Tasty,"My daughter and I tried the soft baked oatmeal cookies and we both agreed it's delicious!  I rarely purchase premade cookies, because they are too hard for my preference, but this changes my mind.  They are full of flavor.  The oatmeal doesn't overpower the raisins and the raisins don't overpower the oatmeal, it's a perfect balance.  The raisin were soft, not hard like other brands we've tried in the past.  The price for the quality is well worth it."
563499,563500,B007JFMH8M,A3AL8ZMEYAJDFB,Mary A. Camp,0,0,5,1341878400,Yummy and Soft Baked! Yeah!,"I absolutely fell in love with these cookies.  I love my cookies soft and not hard, unless it's an Oreo and then I soften it in milk, but these cookies are hands down the closest I've had to homemade!"
563500,563501,B007JFMH8M,A399Z7W6AJWTAV,Naturaltwist,0,0,4,1341878400,Pretty Darn Good,Less calories than a candy bar! I will take it. I was pleasantly surprised with the taste of the cookie. I thought it wouldn't have much flavor but it does. The spice of the cookie and the raisins make it a delicious treat. Now it is a soft baked cookie but to me it was a tad bit dry. It was still edible and good. I will pick up a box once they are available.
563501,563502,B007JFMH8M,A39LRXUCO3GOSO,"Tiara ""Ms.Paris""",0,0,5,1341878400,Delicious!,Got a free sample cookie from @influenster's Mom voxbox. These cookies are great they are soft and chewy and left me wanting more!
563502,563503,B007JFMH8M,A2E6C8G3WQJXQF,Carolyn Naes,0,0,4,1341878400,Chewy and tasty,I was given a sample of the Quaker Chewy oatmeal cookie from Influenster. I enjoyed the taste and texture of my cookie. I will buy them again if they are on sale or I have a coupon to use.
563503,563504,B007JFMH8M,AP6Y5XI9MQBJW,"Rose A Powell ""Rose A. Powell""",0,0,5,1341878400,Quaker Soft Baked!,"There is one thing that I love, I love eating something absolutely delicious and knowing that what I am eating is actually healthy and jampacked full of nutrients!!! I received a sample of Quaker Soft Baked Oatmeal Cookies from Influenster and it was delicious, and you know what else? My little sweet toothed diva, loved it too, I know this because she took it from me and made it disappear like magic! You want a healthy treat that you kids will love and enjoy too, this is a definite must try."
563504,563505,B007JFMH8M,AVKM2FDS36L41,Stephareas,0,0,5,1341878400,Delicious,"Greta cookies and amazing nutrition in them. Would definitely purchase this product. ,y favorite part was the delicious oatmeal put in them."
563505,563506,B007JFMH8M,A2IT7A6SKJELLN,Rachel Myers,0,0,5,1341878400,Tasty,These are very good. Nice and soft. Would for sure get again. Since they are packaged individually its nice for travel. A great snack.
563506,563507,B007JFMH8M,A3FT1TX9WE7A5B,alyloo,0,0,4,1341878400,Soft & Yummy,I received these cookies to try from Influenster and they were delicious! So soft and yummy and not too small like some store bought cookies are. They tasted homemade and the whole family loved them!
563507,563508,B007JFMH8M,A18K25LOCI0KH,brandymhk,0,0,5,1341878400,Tasty and healthy!,We received these to try and they were fantastic my husband loves oatmeal raisin and he couldn't get enough! I think the verdict is that they're fantastic and we'll definitely be buying more!
563508,563509,B007JFMH8M,A38RA1ZDO7RFZQ,benjaminsMOM,0,0,4,1341878400,really soft,liked the flavor just wished it had more oatmeal in the cookie. But i do like how soft it was!!
563509,563510,B007JFMH8M,A3BFCHN39OF5XL,Rob & Holly,0,0,4,1341878400,loved the cookie just not the flavor,I loved the softness of this cookie but not to keen on oatmeal but I will be buying more of these just not in that flavor. my kids loved the cookie!
563510,563511,B007JFMH8M,A3FD3BHIUYIFPD,Stephanie,0,0,3,1345075200,individually wrapped,"I've always on the lookout for handy snacks for my teenage son.  he loves soft cookies, so I was thrilled to see the soft baked oatmeal cookie from the masters of oatmeal.  My expectations were high.<br /><br />This is a good cookie, but not a great one, so I was a little disappointed.  The consistency is excellent, just what you would want from a soft baked cookie.  And it is defintely enough for a snack - at 1.48 oz and 170 calories - that's plenty. The raisins, too were outstanding. But the cookie itself was not great tasting. I wanted bigger hunks of oatmeal-- more texture, and there was an aftertaste of the preservatives."
563511,563512,B007JFMH8M,A1LHAXBM5GBJS2,Scooter McGavin,0,0,4,1345075200,Tasty,"The Soft Baked Oatmeal Cookies may be the best oatmeal cookies you can eat that are not homemade.  They are well baked to the point had they spent another minute or two in the oven they may be burnt (which is exactly how I like my cookies).  And even though they are soft, they are firm enough they do not crumble in your hand.  And there is enough raisins you will have at least one or more in every bite.  On the flip side, the ingredient list is a bit lengthy with a few ingredients that I cannot pronounce (is a red flag for me)."
563512,563513,B007JFMH8M,A2I3XS9TO93Q0F,"Michael Meredith ""e-Mike""",0,0,3,1345075200,"Okay, Tasty but Okay","Nice flavor, and only 70 calories per cookie; the Quaker Soft Baked Oatmeal Cookies are tasty.  But they're just not something to get overly excited about.  If oatmeal cookies are your definition of snacking nirvana, you might find these well worth trying."
563513,563514,B007JFMH8M,A3K8AU6BAGN60E,"Ms. Parrothead ""Book Lover""",0,0,5,1345075200,Everyone in the family loves these cookies.,"These cookies were a hit with everyone in our family from the oldest (35) to the youngest (17 months.)  The cookies were very soft and tasty.  Each cookie was full of raisins, and still retained an ""oatmeal"" taste.  They are sized perfectly, one cookie is big enough to satisfy a craving without eating half of the box.  My only complaint is that they were crumbly.  This was fine for my 17 month old twins, as they still don't have all of their teeth, and have trouble biting and chewing hard cookies.  I had a problem with the crumbly texture, because when I tried to dip the cookie into a glass of milk, a big chunk of it broke off and fell to the bottom of the glass, where it turned into inedible mush.  Aside from that one complaint, I have nothing bad to say about these yummy cookies."
563514,563515,B007JFMH8M,A2NW5UDW32JSV2,"Scott Sherman ""Scott Sherman, Lambda Literary...",0,0,4,1345075200,Tasty but a little dry,"These are delicious, no question. They seem to have achieve the perfect level of sweetness, unlike most cookies with are a lot more sugary tasting. Kudos.<br /><br />There are also plenty of raisins, so at least part of its sweetness comes from a more natural source.<br /><br />My only complaint is the cookies were surprisingly dry. They are very well packaged, so I don't think that was the problem. Maybe they're made that way. But I've also heard that some products aren't great to order by mail in hot summer months, as they may dry out. I know mine probably spent at least a few hours on the porch in 90 degree weather. Dunking the cookie in tea or milk, or microwaving them for 15 seconds helped a lot.<br /><br />Otherwise, these were yummy and seem more healthy than other choices."
563515,563516,B007JFMH8M,A47D5C32VLQM2,SirenPrincess,0,0,4,1345075200,Not bad for a packaged cookie,"These cookies are pretty good.  They are soft and flavorful.  They are not amazing or as good as homemade, but what packaged cookie is?  These are better than other packaged cookies we've tried, and the nutrition information isn't horrible either."
563516,563517,B007JFMH8M,A37D2TGTIXRV2N,"plyopowerd ""Arrow Dynamic Mom""",0,0,4,1344988800,Soft and tasty,"These cookies are soft, but not crumbly like so many mass-produced ""soft"" cookies.  They have a good amount of raisins and slight oatmeal-spice flavor.  A plus is the individual wrappings, good for taking on an outing, packing in school lunches or even selling at a bake sale.  Don't expect the same chewiness or intensity of oat flavor as bakery or homemade cookies, but as store shelf cookies go, I've had worse (Chips Ahoy ""chewy gooey"" for instance)."
563517,563518,B007JFMH8M,A335GUD1YBS31U,"S. Thompson ""casual reader""",0,0,2,1344988800,Blech,"These are pretty tasteless, and the texture is all wrong.<br /><br />An oatmeal cookie should have a good texture, you should bite into something a little crunchy.  While I understand these are ""soft-baked"", I still expected to have some differentiation between the outer edges and the inside of the cookie.  There was none. They just don't taste that good.<br /><br />I ate one, my husband ate one, and the rest are still sitting in a box on the counter."
563518,563519,B007JFMH8M,ALBW2ZBS6Z2AY,ireadabookaday,0,0,3,1344902400,SOFT BUT UNFORTUNATELY DRY AND GRITTY,"I did not love the taste or texture of this cookie. It is somehow simultaneously soft and dry  and gritty. The taste is nothing remarkable. And, it is not particularly healthy- not bad, but the stats arent great for one small-ish cookie.<br /><br />Give it a try, you may like it, but I was disappointed. I recommend Bel Vita Biscuits as a healthier- and tastier- cookie alternative."
563519,563520,B007JFMH8M,A4SD8F79JBYG2,"Katherine Hooper ""Kat at FanLit""",0,0,4,1344816000,pretty good,"For a product like this, it's pretty good. Soft, tasty, seemed fresh. They didn't last long at my house. I thought they were a bit too sweet, but the kids loved them. I'd rather eat home-made, but this is the next best thing."
563520,563521,B007JFMH8M,A2J4MMO1BX5AI1,Kristen,0,0,5,1341878400,Yummy!,"Quaker cookies have always been one of my favorites and these do not disapoint. These cookies are so delicious! They are soft and chewy and scrumptious. My kids love them, I love them, this is definitely on my shopping list :)"
563521,563522,B007JFMH8M,A3L9SN34TI9YMX,wagarific918,0,0,5,1341878400,Loved the quaker,I received a complimentary sample from Influenster to try the quaker cookie.  It was soft and amazingly delicious.  My daughter loved it as well.  Will definatly be purchasing these in the future.
563522,563523,B007JFMH8M,A2ZMWF79SFRJ4V,flattsaholic,0,0,4,1341878400,Delicious!,I received this Oatmeal raisin cookie from influenster and they were so delicious! They were soft and moist and I will definitely get these in the future for my family!
563523,563524,B007JFMH8M,A13XHH6I82E1OJ,Miserlymom,0,0,4,1341878400,Delicious and Convenient,I received a sample of this cookie and oh my goodness it didn't let me down.  It was delicious and tastes a lot like a homemade cookie you'd make yourself!  I loved how soft it was as I prefer soft over crunchy cookies.  I'm definitely interested in checking out the different flavors they offer.
563524,563525,B007JFMH8M,A2QOIPT15C6YFX,Amber,0,0,5,1341878400,Quaker Soft Baked Oatmeal Cookies,Quaker Soft Baked Oatmeal Cookies were super good!! I think everyone should try them out!! they and they are not to bad a snack health wise!!
563525,563526,B007JFMH8M,A2OACUGC7AUPNT,alexandria,0,0,5,1341878400,love it!,"recieved these from influenster and asolutely feel in love, they are so yummy.  this family is deffinately getting more of these!  absolutely recommend these."
563526,563527,B007JFMH8M,A1FD3HXVOGQMWJ,Jamie Taylor,0,0,5,1341878400,BEST cookie ever!,We LOVE Quaker Soft Baked Cookies in our house hold! They have great for everyone. My sons first cookie was a Wuaker Soft Baked Oatmeal Cookie that I got in my Mom Voxbox from Influenster. Will be buying alot of these!
563527,563528,B007JFMH8M,A3DHLLD8Z3YTHR,Kristine Iazzetta,0,0,5,1341878400,influenster,"I got a sample of this cookie from Influenster.  I just have to say it was soooooooo delicious.  I love oatmeal cookies and even though I always use Quaker oats they never come out as soft and delicious as this cookie was.  Forget baking, I'm buying from now onw."
563528,563529,B007JFMH8M,A35CV6DQ289M4N,lady41,0,0,5,1341878400,Quaker Soft Baked Cookies,"I received this cookie from Influenster to try and review. Mine was raisin flavored and It was yummy! I would recommend this cookie based on price , easiness to find and purchase, and flavor/ softness! As close to homemade as you can get without the work! And reasonably healthy as well! yummy!"
563529,563530,B007JFMH8M,A6B8K2EMIBT0Q,"rebecca fry ""Rebecca Fry""",0,0,5,1341878400,Truly Delish,"I loved the Quaker Soft Baked oatmeal cookie that I got to test recently! The spices in the cookie were perfect, and the flavor was better than homemade! I'm not an Oatmeal raisin cookie eater, but this was a soft and Delish cookie that I truly enjoyed!"
563530,563531,B007JFMH8M,A25L8SFZEIS3W5,PsychicAnna,0,0,5,1341878400,Kids Love It,I recieved this cookie sample  complimentary for testing and review from Influenster.<br /><br />I let my neighborhood kids test this out. (see pictures below) .  It was easy for them to open and they loved the cookie itself.  They asked me to go buy them some for snacks.  Here is the information about the cookie
563531,563532,B007JFMH8M,AM7G28JMONYMO,ShanShan0988,0,0,4,1341878400,A good soft cookie,"This was one of the best soft cookies I've had in a while that was store brought. I am not a big fan of raisins but this cookie made me forget all about them. If you are thinking about buying these, they are a good buy. A Great snack for Adults and children."
563532,563533,B007JFMH8M,AIIIJRZ9O7WPN,Amy Radinsky,0,0,5,1341878400,Great in-between snack!,"I was desperate for something to eat but had to rush rush rush out of the house for a family emergency.  I hadn't eaten lunch yet so I grabbed one of these cookies and headed out the door.  As I drove to pick my son up from school, I ate the cookie and was surprised at how satisfied I was.  No more growling or stomach pains.  And the fullness lasted until dinner!"
563533,563534,B007JFMH8M,A215DC8JKGGXQX,Denise Seegobin,0,0,5,1341878400,Great taste,"These quaker cookies are so great, they are easy to carry around and they make a great snack when you are on the run."
563534,563535,B007JFMH8M,A3RH5OG1NLYWA1,Miche,0,0,5,1341878400,Delicious,"I received a sample of the Quaker oatmeal raisin soft baked cookies (courtesy of Influenster.com) about a month ago and since then I haven't purchased any other oatmeal cookie. I love them and most important my daughter loves them. These make the perfect snack for lunch, at day at the park or beach, or a midnight snack. Best part is they are healthy and don't make you feel bad for ""cheating"" a little on your diet. There's so much to say but to sum it all up....they are DELICIOUS!!!"
563535,563536,B007JFMH8M,A232Q01OI8O3K3,Sabinafam,0,0,5,1341878400,soft and chew a must have,I loved it is was so yummy.  I had to go out and buy a box write after I got my free sample thru influenster.com.  My kids loved it too they dont last in my house of how yummy thye are!!!!
563536,563537,B007JFMH8M,A37A8WC76QI2PH,Jen,0,0,5,1341878400,Soft and chewy deliciousness!,"Anyone looking for quick, delicious, healthy snack should definitely put these on their shopping list. They come individually wrapped which makes them perfect for taking along with you when running around and they're very filling with the whole grains and rolled oats."
563537,563538,B007JFMH8M,A25IVQCN6XPGVU,llnorman,0,0,5,1341878400,Yummy!,"I received one of these cookies as a sample in the Influenster Mom VoxBox. I didn't think I'd like it because I'm not a fan of oatmeal raisin cookies. The plan was to give it to my husband who loves them. Well, before he could get it, my daughter snatched it up. She doesn't like raisins but loved this cookie! I talked her into giving me a bite and it was really good! It was really soft, not dry. I have been trying to find them in the store to buy some more but so far haven't had any luck."
563538,563539,B007JFMH8M,A2N18PS4RU2WU,"T. Conlin ""momma""",0,0,5,1341878400,Mom Vox Box,I received a sample of these in my summer mom voxbox from influenster and as soon as we opened it everyone wanted a piece and we had to share! One cookie just wasn't enough...I'll have to buy more..they were so soft and tasted like it was freshly baked..not overly sweet and the raisins were plump and soft...highly recommend!
563539,563540,B007JFMH8M,AHDIQGS9M0YH9,soffs5,0,0,5,1341878400,Yummy,Wow I wasn't expecting to like these as much as I didi but they were great. Even my pickiest of eaters my daughters ate them for breakfast and now my hubby likes to snack on them at work.
563540,563541,B007JFMH8M,A2PMLB19D69HPN,kk2172,0,0,5,1341878400,YUMMMY,As a mom of 2 teens one being a diabetic I am always looking for healthy low carb snack...I found it YUMMMMY these really are great and then next best thing to homemade!!
563541,563542,B007JFMH8M,A3B08P27RV8NNH,ajnasinclair,0,0,5,1341878400,LOVE it,I recieved this cookie in my Influenster Momvoxbox. We recieved the Oatmeal Raisin cookie. It was so soft and tasted sooo good. There was only one so my kids and I had to share. Later that afternoon I went out and bought the Oatmeal Raisin and the Banana Nut. Love them!
563542,563543,B007JFMH8M,A1NDDSWYDRLJHF,hudsonkk30,0,0,5,1341878400,wow,"Let me just say wow!  I was a little apprehensive at first because prepackaged cookies are never as soft and chewy as advertised but these Quakers cookies were amazing they were soft, chewy and tasted like they were baked fresh.  I will be recommending these to everyone i know"
563543,563544,B007JFMH8M,A3VYWPH37FMXOK,Michelle,0,0,5,1341878400,"Quaker Soft Baked Oatmeal Cookie, Raisins",Quaker Soft Baked Oatmeal Raisins Cookie was so good. It tasted homemade. It was big and filling. They are prefect for lunched for the kids too. I cant wait to try other flavors.
563544,563545,B007JFMH8M,A3NZG7EFYJGG6A,tv,0,0,5,1341878400,Best oatmeal raisin i have ever tasted!,I loved this cookie! It was soft and very good! It didnt taste like all those other prepackaged cookies with that chemical aftertaste. I bought a box yesterday!
563545,563546,B007JFMH8M,A3G06UCDH6RGEW,MeghanJoAnna91,0,0,5,1341878400,Yum!!,"I love these cookies! Delicious, chewy, moist, just good overall. I have always been a Quaker fan. I love all of their products."
563546,563547,B007JFMH8M,A1APCGOMN24AYO,Grace,0,0,5,1341878400,Scrumptious!!!!,"My favorite cookie is Oatmeal Raisin and these cookies are the bomb! They are so moist and chewy. Perfect with a cup of tea, snack after lunch, or just anytime. I love them."
563547,563548,B007JFMH8M,A1A3HOH0RCT9GP,Liz,0,0,4,1341878400,Good cookie!,We thought this cookie tasted really good! My husband and kids really liked them.I love the different types. We will certainly buy again.
563548,563549,B007JFMH8M,AO4KNBP4Y5ZPU,Heather,0,0,5,1341878400,Filling,Its aq big cookie & it doesnt taste like its added full of fillers. It actually tastes pretty homemade to me
563549,563550,B007JFMH8M,A15040BJHCUAPG,Loring,0,0,5,1341878400,Wonderful cookies for a fair price,"These were wonderful cookies. Delicious, soft, and tasted homemade. It is a great snack for on the go. Not only is it a quick and easy snack for kids, it is healthy too."
563550,563551,B007JFMH8M,AJAANEW58N624,kia,0,0,5,1341878400,Soft baked oatmeal cookie,This was the best soft baked cookie i ever had. Highly suggest you give this cookie a try if you havent already.
563551,563552,B007JFMH8M,A20IF2NYZ4XFEU,D vaughn,0,0,5,1341878400,wonderful cookies,"I hope they make chocolate chip next!! These cookies are wonderful!! Fresh, taste homemade better than any other store bought cookie!"
563552,563553,B007JFMH8M,A25R0XDLY1WCRO,Kristmas30,0,0,5,1341878400,SOFT BAKED AWESOME!,"I was worried that these were going to be dry and not as ""soft"" as some cookies claim to be, but these were amazing. there was a great cinnamon taste that reminded me of fresh baked cookies, and I honestly was not expecting them to be so good! I have forced many of my friends and family to try them, and they love them as well!!!<br />if you love oatmeal raisin cookies..you will LOVE these!"
563553,563554,B007JFMH8M,A3PIAD5YFALYUX,Redsonja72,0,0,5,1341878400,Quaker Soft Baked Oatmeal Cookies,"My daughter ate this cookie and loved it.  She stated that it was soft and moist and not too sweet.  My baby also liked this cookie, his review was a little more understated though.  He cooed and smiled and tried to steal more from his sister.  I will definitely be purchasing this product in my normal grocery-shopping routine. I received this product complimentary for testing and review purposes from Influenster. @Quaker #quakersoftbaked @influenster"
563554,563555,B007JFMH8M,A267HO0DNITHVQ,BabyGeek,0,0,4,1341878400,Greta for the machines,"I really liked the cookies. My daughter loves the as well as a special to treat to share with me. A little crumbly but that what you get for a real soft and moist cookie and not one chocked full of chemicals to keep cookies fake,y moist and chewy."
563555,563556,B007JFMH8M,A2RQO0AUV04FZX,Cynthia,0,0,5,1341878400,Delicious soft Baked Oatmeal Raisins cookie,I Love these cookies.  They smell and taste delicious.  The balance is of sweetness is perfect. If you love oatmeal you would love this cookie. I recommend it.
563556,563557,B007JFMH8M,A2Y0VANFCS9HUH,"Granny Denise ""Denise Beilchick""",0,0,5,1341878400,Quaker Soft Baked Oatmeal Cookies,"<span class=""tiny""> Length:: 1:21 Mins<br /><br /></span>I received this product complimentary for testing purposes from Influenster. The cookie is DELICIOUS according to my Grandson Elijah (see video). I am dieting so I couldn't eat it but he LOVED it! It's chewy and filled with raisins. I will definitely buy this for him in the future!<br /><br />@influenster<br />@quaker<br />hashtag: #quakersoftbaked<br />Quaker Facebook Page: [...]"
563557,563558,B007JFMH8M,A2DRQFVDV5M9XE,"Cheryl D. Fowler ""fowler121600""",0,0,5,1341878400,Homemade goodness,@influenster @quaker my kids fight over them; homemade taste is great; always a trustworthy company.  Been buying 2 boxes a week since we first sampled them!
563558,563559,B007JFMH8M,AMSQPHKVJZVVN,Jdawnnfashion,0,0,5,1341878400,Quaker Soft Baked Cookie,"Quaker soft baked cookies are delicious. I love the consistency, texture, taste, and quality of ingredients. It is a quick, easy, healthy snack for on the go or at home. The raisins are good size and very juicy. This is probably the best soft oatmeal cookie I have had in a very long time. Definitely would buy again."
563559,563560,B007JFMH8M,A3ET6201QA44N7,JMarie,0,0,4,1341878400,Baked,"Almost taste freshly baked and homemade. And the size of one cookie didn't leave me wanting more, it was a perfect little treat. I would try the chocolate almond one next time."
563560,563561,B007JFMH8M,A1AAO0V5MURIDH,"Heidi Placanico ""VHPlac""",0,0,5,1341878400,So Yummy!,I thought they would be dry like most Oatmeal Cookies you can buy! Not the case with these delicious beauties! My kids can't get enough of them :) They are on my shopping list for good!
563561,563562,B007JFMH8M,AYUT6BQ68PVGT,B. white,0,0,4,1341878400,soft yet alittle dry,Ive tired this before but got one with the Influenster VoxBox 2012 this month YUMMy- they can be alittle dry though.
563562,563563,B007JFMH8M,A1GPF475C8GRJD,rosa1020,0,0,5,1341878400,Sooo good!,I really never loved raisin oatmeal cookies but this is moist and tasty. i had to buy some more for me and my little ones.
563563,563564,B007JFMH8M,AENQPVTQU5MSU,tess,0,0,4,1341878400,Quaker Cookie,"These are de-lish-ous! They are moist and chewy, ans make a great snack for ant time of day. My kids love them and they are always in my purse when we are on the go!"
563564,563565,B007JFMH8M,A1O9KXI6CAV8K8,Antoinette,0,0,5,1341878400,You must get these cookies,"i received my Cookie my 1st Influenster VoxBox 2012 this month,  You must buy and try them.  The Cookie isnt too sweet, its soft and the raisins are just right. This is a must buy"
563565,563566,B007JFMH8M,A3TLEHA5T8C82,Jackie Eveland-Psyck,0,0,4,1341878400,Nice and Soft,"If you like soft, chewy cookies with lots of raisins, this is the cookie for you. My husband and kids love them and I love them because I'm not asked to bake so often with them in the house."
563566,563567,B007JFMH8M,A337DX7CA20IC9,Jessica,0,0,5,1341878400,Pretty darn good for oatmeal,I don't care for oatmeal cookies + I was actually going to give this to my husband. I kind of feel guilty that I didn't lol. But it was really soft + yummy. Making me reconsider only keeping stock in chocolate chip cookies.
563567,563568,B007JFMH8M,A1Z81Z9ZKR1RQJ,Rish,0,0,5,1341878400,Delicious,This was so soft and yummy! My kids absolutely loved it and its perfect to throw in your bag or lunch box for on the go treat.
563568,563569,B007JFMH8M,A30OXXZL7IQMSM,mrslm,0,0,4,1341878400,KIDS LOVED IT,"I gave this product 4 stars because of it's usefulness to me. The kids LOVED it and they're not huge fans of oatmeal cookies! I thought it was tasty; however, I'm not likely to purchase it with frequency because I try to avoid packaged foods, and do not store a lot of sweets in the house for the kids. I would however choose this over the competition. (I got this product as a free trial from influenster.com)"
563569,563570,B007JFMH8M,A35SIY7AGE5O7O,Mrs M,0,0,5,1341878400,so soft,i love this cookie it was so soft and chewy and oh so yummy!!! not a fan of raisins but the cookie was goood and my husband loved it
563570,563571,B007JFMH8M,A1X1N4LPKJQ05R,kendall_girl1,0,0,5,1341878400,Delicious,Tried this product recently and was pleasantly surprised. They tasted homemade and not overly processed. Would definitely buy these again.
563571,563572,B007JFMH8M,AKV2CSK35JW0D,patron,0,0,4,1341878400,yum,"i received this through influenster.com and got to sample it.. i personally love Quaker, very good, definitely recommend this product"
563572,563573,B007JFMH8M,A1QMDYE7REBCBV,Mommy,0,0,5,1341878400,Yummy,"I have a very picky three year old daughter.  I can't get her to eat raisins, but she loved this cookie! It's extremely soft and chewy and tastes like it's home made. I would definitely recommend Quaker Soft Baked Oatmeal Cookie! :)"
563573,563574,B007JFMH8M,AGQY241F3Y398,Lori,0,0,4,1341878400,Good product,"I received a quaker soft baked oatmeal raisin cookie from Influenster to try and review. I shared this with my son who does not like oatmeal and he loved it! I love that it is made with whole grains and could be a good substitute for an on the go breakfast when I am running behind. The flavoe is very good, I love the soft texture, I really don't care for hard cookies and this one is perfect. I would recomeend this product to others and will probably purchase some more for my family."
563574,563575,B007JFMH8M,A444EBY09KRJW,DoddiGoordman,0,0,5,1341878400,Quaker = YUMMY!,These are the most amazing cookie EVER!  I had mine a bit warm from the sun and it was like rite out of the over goodness!  Heaven in a baggie!
563575,563576,B007JFMH8M,A1BKGBZU69CWCA,Tired Mama,0,0,5,1341878400,These things taste so good,These are perfect for a quick breakfast on the go or as a snack.  My little man loved it!  I would love to see a just oatmeal one without raisins.  We are definitely getting these again.
563576,563577,B007JFMH8M,A2PM8MR153CYXL,"Amber Davis ""Amber""",0,0,5,1341878400,Quaker Soft Baked Oatmel Cookie,I have really never liked oatmeal cookies until I tryed this one. And all I got to say it was great! Great taste and wasnt over cooked just right.
563577,563578,B007JFMH8M,A2P58WCEMU5VS0,La Sirenita,0,0,4,1341878400,Delicious cookie,"This was the most delicious cookie i have tasted. I thought it was going to taste like all the other store bought cookies. It was moist, chewy,and very delicious! I would definitely buy this product again."
563578,563579,B007JFMH8M,A393IJK6IWJBYV,Vanessa Contreras,0,0,5,1341878400,Delicious,"So, I got a sample of this product in the mail.Just opened the box and the Quaker Soft Baked Oatmeal Raisin cookie, was gone. My son eat almost all and i just try a little bit. When he finished all star to cry and i have to buy some more at the store. now this is a family favorite to eat with milk. Its so soft like cake, i love it, and so healthly to my kids. Try one, you dont regret it!"
563579,563580,B007JFMH8M,A2POA08J9NX44S,Tara P,0,0,5,1341878400,I Couldn't Even Get a Piece!,"So, I got a sample of this product in the mail. After a few hours I thought well maybe I'll try it and it just happened to be the Quaker Soft Baked Oatmeal Raisin cookie, but the cookie was gone. My daughter just happened to ""go missing"" around the same time, and she's a mommy's girl and never leaves my side. So as I'm searching for her, I find her in my bathroom shower with the cookie almost ate up. I would have gave it to her anyway if she asked, but she hit it from me and ate it all herself! My daughter is extremely finicky when it comes to snacks, but this she gobbled right up. A cookie you can't go wrong with and good for them too!"
563580,563581,B007JFMH8M,A1U687ZQTPZX0F,R. Huggins,0,0,5,1341878400,Great oatmeal cookie!,"I received a free sample of these cookies in my Mom Voxbox thanks to Influenster and Quaker and was very impressed! The cookie is very soft, chewy and tastes great! Microwaving the cookie for a few seconds makes it even better."
563581,563582,B007JFMH8M,A1XUQWZFIRDQ83,Don,0,0,4,1341878400,very good,"I dont usually eat oatmeal cookies but these were very soft and delicious,my kids even liked them and they are very picky"
563582,563583,B007JFMH8M,AXU6MLKDT3B6V,Laura S,0,0,5,1341878400,Delicious Cookie from Quaker,"I received a sample of this cookie from Influenster as part of their Mom Voxbox and man, was it good!  I was expecting a mediocre cookie and was pleasantly surprised.  It was melt-in-your mouth soft and so, so tasty!  I will definitely be picking up a box of these at the store."
563583,563584,B007JFMH8M,A2TQX6DFP0HS0K,mommaskip,0,0,4,1341878400,suprisingly good,thanks to influenster i was able to try this product through the mom voxbox. i was pleasantly surprised at the taste but being a baker i prefer my homemade cookies to store bought ones.
563584,563585,B007JFMH8M,A9A6Z3FJ5V7B4,Shannon Thompson,0,0,5,1341878400,As good as home made,"These cookies are delicious.  As a busy mom I don't have time to make home made cookies very often, but these are delicious.  They taste home made.  They aren't too sweet which is perfect for an oatmeal raisin cookie and they are perfectly soft.  These are perfect for a lunch box treat or for a road trip.  I will definitely purchase these again and try the other flavors."
563585,563586,B007JFMH8M,A7AYLRL33D68M,Sbeecham,0,0,5,1341878400,Loved these! Will buy again :),My Kids Loved these cookies and they are perfect for on the go. I will be buying again. Great product.
563586,563587,B007JFMH8M,A18YW53X4VHGQS,sgunning,0,0,5,1341878400,Yummy!,We were able to try the raisin cookie and it was yummy! Both my kids love rasins and they really enjoyed this cookie. So much healthier then chocolate! Will be buying lots more.
563587,563588,B007JFMH8M,A2ZXZK7I68JEEF,Christy Heins,0,0,4,1341878400,Tastes like homemade!,I love these Quaker Soft Baked Cookies!  They taste like homemade!  So soft and yummy!  Gotta run out to get some more!
563588,563589,B007JFMH8M,A1KFNJJTGX6FZ4,Mandie,0,0,5,1341878400,Just like grandma used to make!!!,"I loved these cookies! They are chewy and moist, and the raisins are not hard or gummy they are very fresh and plump! They bring back memories of grandmas kitchen..."
563589,563590,B007JFMH8M,A25LR19RPRXTS8,Mysugarhigh82,0,0,5,1341878400,YUMMMMMY,These new Quaker Soft Baked cookies are amazing! They are so soft and taste like they are fresh out of the oven! My free sample was so good it was gone before I could even share! I'm picking these cookies up at the store today so I can share them with the whole family! I also love the individual packaging so you can send them with the kids or whoever is on the go! Yummy!!
563590,563591,B007JFMH8M,ADV5DDYJ4K2B5,Ardelis,0,0,5,1341878400,Quaker soft baked oatmeal cookie,Not a fan of Oatmeal but this cookie was so yummy........ very tasty and fresh like if I baked it myself fresh out the oven.
563591,563592,B007JFMH8M,A1TDDOGNKYV41E,Mommy1,0,0,5,1341878400,Amazing,These bars are so yummy! I was looking for a night snack and grabbed this out of my mom box from influenster and this hit the spot!
563592,563593,B007JFMH8M,A3UYBEWR3AIPL2,mojkadona,0,0,5,1341878400,Love These!!,I was able to try these cookies from @influenster and @Quaker oats.  This is a great soft chewy cookie.  I loved this so much that I went and bought another box of the chocolate almond flavor.  I will definitely buy more!!
563593,563594,B007JFMH8M,A1VWRTF3V4DHFE,Mirnita,0,0,4,1341878400,Just Ok,"I am not crazy about cookies to begin with. I do however prefer Oatmeal Raisin than any other kind. I like my cookies well done and toasty, whereas these are super soft. They do taste great but just not my preference. My son loved it :D"
563594,563595,B007JFMH8M,AP6GJCC6P8ZNT,jenhawk423,0,0,5,1341878400,CHEWY !!!,"these are the BEST single serve cookies i have EVER had !! i have had other brands that were just had a wierd after taste i think because of the packeging, but these did not have that taste, all you taste is the amazing cookie"
563595,563596,B007JFMH8M,A3PQS40IWU4R97,Latoya C,0,0,5,1341878400,Healthy Treat,I absolutely love this cookie. A great nutritous treat for the palate!!! Perfect for a quick on the go snack.
563596,563597,B007JFMH8M,A39011OV4EWS7V,Camobaby13,0,0,5,1341878400,So Soft,I loved this cookie becuase it was soft and chewy. It is great for when your on the road and need a quick snack between work and a kid's game. Also makes a great treat for kids
563597,563598,B007JFMH8M,A2M10LNS6H5JHM,Jes,0,0,5,1341878400,Cookies,I received a sample of this cookie and loved it.  It was a great snack and will now be part of my grocery list.
563598,563599,B007JFMH8M,A1O4OZHP2LFMB1,Pebbles802,0,0,5,1341878400,Delicious!,"These cookies are absolutely delicious, I received one for review purposes from Influenster.com. I took a bite and gave the rest to my son, which was gone before I even had a chance to change my mind. LOL One of the moistest, most delicious cookies I have ever had, hands down. The only drawback that I found was that my cookies was broken into about 5 pieces, not sure what happened, but that doesn't effect the flavor!"
563599,563600,B007JFMH8M,A26AE6PT3QB8UR,Blanca,0,0,5,1341878400,Yum!,These cookies are so good. They taste homemade! Very tasty and healthy! Usually I only think oatmeal when I think of Quaker...I was wrong!I got a free sample from Influenster! :)  I will be buying for sure!
563600,563601,B007JFMH8M,AXOTOKR786M4C,April Clemmons,0,0,5,1341878400,Quaker Soft Baked Oatmeal Cookies,"When I tried the cookie I noticed that it was very soft, moist, and chewy. I usually do not like raisins, but they were very good in this. They actually tasted like homemade to me. And I grew up with a grandmother who always had fresh baked cookies in the kitchen. Having three kids of my own, of course I had to share with them. My son's comment on the cookie was, ""That's really yummy, Mommy!"" I am pretty sure we will be purchasing these in the future because my two boys keep asking if there is another cookie in my VoxBox.<br />I received a sample of the Quaker Soft Baked Oatmeal Cookie with Raisins in my MomVoxBox from Influenster for review purposes only. All opinions are my own."
563601,563602,B007JFMH8M,A1DQF45ATLZ8OW,patricia morreale,0,0,5,1341878400,Yummy!,"This cookie is so good, I received a sample from Influenster and when I opened it, it smelled like a homemade cookie...it tastes so fresh and it is filling, you only need one and you are good to go! I will be buying these in the future!"
563602,563603,B007JFMH8M,A21I3W4M06OC65,Littleshow,0,0,5,1341878400,Quaker Soft Baked Oatmeal Cookies are Delicious!!,"Was very happy when I received the Quaker Soft Baked Oatmeal Raisin Cookie in my Mom Voxbox from Influenster to try! I had seen them on commercials but never remembered to buy them when we went to the market, but I will definitely remember to buy them now!! What a delicious cookie and it is good for you too! Me and my son enjoyed our cookie with our lunch and it was a hit with both of us. It was such a soft and flavorful cookie that filled you up and left you satisfied. I will definitely be trying other varieties of the Quaker Soft Baked Oatmeal Cookies and will be recommending them to hall my friends!"
563603,563604,B007JFMH8M,A3LXQMXMP0XBH2,Brandi,0,0,5,1341878400,Yum yum,These cookies are very good. My daughter tried the sample and then I went out and bought a box. The whole family loves them. They are very soft and moist. It is a new snack in our household!
563604,563605,B007JFMH8M,AY8JVIABRH4K,mamaeul,0,0,4,1341878400,Really great!,"I received an Oatmeal Raisin Cookie in a Influenster box and I loved it! Tasted just like a homemade cookie, really fresh and chewy. I would definitely buy more!"
563605,563606,B007JFMH8M,A3UJ3BGNFZTAL9,Cookie monster,0,0,5,1341878400,LOVE THESE!,These cookies where so great and yummy! took my candy craving away!  you should for sure buy this! The rasins are great and fufilling
563606,563607,B007JFMH8M,A21OTVAAYU384T,MamiOf4,0,0,5,1341878400,Soft & Delicious Oatmeal Raisin,I received Quaker's Soft Baked Oatmeal Raisin Cookie as a sample in the mail. The cookie is really soft and a very nice size. The raisins taste very fresh and it's just like eating a freshly baked cookie; you could even put in the microwave for a bit to get the fresh oven baked feel.
563607,563608,B007JFMH8M,A1CTNAMX1QN5GL,Holly Walton,0,0,5,1341878400,Yummy!,Received this in my influenster box my son Loved it! : )  Had to purchase more. It was nice to be able to try something to see if I liked it first before purchasing it.
563608,563609,B007JFMH8M,AJ7K50X3SV5X7,Sylvia713,0,0,4,1341878400,Quaker oatmeal cookie,These cookies are very delicious! They are nice and soft so i could even give them to my 2 year old.
563609,563610,B007JFMH8M,A1AO6FSK9VZVBM,Megan,0,0,5,1341878400,One Year Old Son Loves these! @quakeroats,"This morning I gave my son a quaker oats rasin cookie for breakfast. When we took it out of the package it smelled amazing. I wish I was able to try this with him, but I have celiac and am gluten free. However my one year old son gobbled it up. It was super soft and chewy. There were visible oats and lots of rasins. I like that they were healthy. I did not mind giving this for breakfast as a treat because they are quaker oats!"
563610,563611,B007JFMH8M,A86KSYCW6U4Z4,Patsy1985,0,0,5,1341878400,Awesome Cookie,"I don't usually like Oatmeal Raisin cookies, but when Influenster sent me this cookie to try, I did, and I was pleasantly surprised to find that I loved it! So great, so soft, and so delicious. I definitely recommend that everyone try this cookie."
563611,563612,B007JFMH8M,A2T7VFBJPVWUJO,army_wife0301,0,0,5,1341878400,Amazing Cookie,I received this Quaker Soft Baked cookie from Influenster. This was my first time trying it and ohhh my!! It was fresh tasting. Very chewy and busting with flavor.
563612,563613,B007JFMH8M,AC5JQ2Y7FCL4N,Amanda,0,0,5,1341878400,Very Soft Yummy Cookies,I love these cookies!!!! They are very soft and actually taste like the homemade cookies your grandma would bake. Which is a great compliment to Quaker considering I think my Grandma is the best cookie baker ever! I also like that the cookies are a good snack that are not super high in calories. I will for sure be buying these cookies again and recommending them to all of my friends.
563613,563614,B007JFMH8M,A2HZOHKQ3VT4HR,Annette,0,0,5,1341878400,Yummy and kids loved it,"I received this from Influenster in the Mom Voxbox. When I offered to my kids to try the Quaker Oatmeal Soft Baked Cookie I literally had a crying baby on my hands. She did NOT want anyone to eat any of the cookies she says ""I's MINE!"" Even getting a new box ""It's mine"" have to hide it.  Thanks!! Annette G"
563614,563615,B007JFMH8M,A1NLRHC48S1KT9,Karen,0,0,5,1341878400,Great Taste and Super Soft,"I know they say ""soft baked"" but how often is a packaged cookie really all that soft? Well, these are super soft!  The first thing I noticed when I opened the package was that the cookie was so soft and moist that it broke apart with little to no effort.  I shared the cookie with my preschool daughter.  We both loved the taste.  I'm not usually an oatmeal cookie fan, but I really liked this cookie.  My daughter asked me to buy her more of them.  That in itself makes it a winner, ha!  These are great cookies and will become a staple in my pantry."
563615,563616,B007JFMH8M,A3H19949DTO802,Jessi,0,0,5,1341878400,Healthy and yummy too,We love these! They are so soft and tasty. They are a healthy filling snack. So easy to just stick in your bag and enjoy on the go!
563616,563617,B007JFMH8M,A150259WAJ62YN,Kaylie,0,0,5,1341878400,Great Snack!,"These were great! These cookies were soft and very tasty, almost like fresh baked.  They were much larger than I expected. Great product, you won't be disappointed."
563617,563618,B007JFMH8M,A2A9AK38AAJHOL,Nicole,0,0,5,1341878400,Delicious!,"This cookie was so soft, and delicious. I definitely plan on buying more! Perfect snack to have on the go or just at home with a glass of milk."
563618,563619,B007JFMH8M,A2ECOZ9FB1DY0C,Alyssa,0,0,5,1341878400,Delicious,"The cookie is amazing, very soft. My daughters ages 4 years old and 10 months couldn't resist them. I had to buy another box right away."
563619,563620,B007JFMH8M,A3F9TI0YRFF0C7,Ashley,0,0,5,1341878400,loved em,"they are great, tasty and delicisous.  We even tried the banana nut ones, they were fantastic we loved them.  My kids loved them a great breakfast on the go..."
563620,563621,B007JFMH8M,A2XA8CW5DF4MNZ,"Iron Man ""JON""",0,0,4,1344816000,Great tasting and very filling!,"The Quaker Soft Baked Oatmeal Cookie, Raisins, is a great tasting snack that gives you that full feeling. Just 2 of these cookies gives you that satisfying full feeling. Since it is made out of oatmeal and raisins, we could classify it as a healthy snack. But on the nutritional breakdown, would be better if this snack would go down on a less than 5mg cholesterol. The per serving content of cholesterol is 15mg, sugar is 12g, so as with any other food, moderation is the key. Nevertheless, anything oatmeal gives you a great start on eating, whether to maintain a healthy lifestyle or starting one."
563621,563622,B007JFMH8M,AM83WJG9BE2EP,Mary,0,0,4,1344729600,Yummers!,"Chewy, sweet goodness. These cookies are right up my alley. I even liked that they were individually packaged--great for lunch boxes or for keeping cookie monsters from devouring the entire package in one sitting. The individual cookies weren't huge but they were big and chewy enough to satisfy a sweet tooth with just one package. They weren't overly sweet or overloaded with raisins--someone must have studied the cookie-to-raisin ratio and came up with the perfect number. I'll definitely much on these again."
563622,563623,B007JFMH8M,A30SPABIPVN5MV,William T. Barto,0,0,3,1344643200,"Nice texture, not so much taste","This is an interesting product - the texture is immediately attractive and quite remarkable given that it is a packaged product, but the flavor is not quite right. There is a sense of artificiality about the flavor that may come from preservatives or flavoring additives. My family ate all the samples we received, but there was no real drive to go out and buy a box, even among my otherwise enthusiastic cookie-eating teens.  I think that the product needs a trip back to the drawing board if the goal is authentic oatmeal cookie taste and not just texture.  Sorry!"
563623,563624,B007JFMH8M,A35W3JQYP0M655,"Ambergris ""John Thomas""",0,0,4,1344384000,Good Buy Here......Average Oatmeal Cookie,"As a lover of oatmeal cookies since the days of being a kid, I was anxious to try these from such a well known brand.  I have always been someone that sticks to either cheaper brands, or the kind of cookies that are made in a markets own bakery.  Personally I think the latter are the best there is in most cases as far as store bought is concerned..  As for these Quaker cookies I found them to be just average in taste.  The box I got held very fresh cookies individually wrapped that were satisfying in flavor, but not at all anything special.  Personally I don't think the heavier cost of these are worth it for just being a famous brand.  You can do at least just as good with other store bought brands, and much better in my opinion in buying your local markets cookies.  On the other hand if you happen to be a big fan Quaker Oats cookies, or just enjoy the particular flavor of these, buying them here in the big 12 pack is not a bad deal at all.  The cost is enough to get you the free shipping, and the convenience along with the reasonable price makes it a sold deal.  Enjoy if these are your favor.. : )"
563624,563625,B007JFMH8M,A2PD27UKAD3Q00,"Wilhelmina Gaudy ""coolartsybabe""",0,0,4,1344211200,Great Flavor But Too Dry,"Quaker soft Baked Oatmeal Cookies with Raisins taste pretty darn good. The only draw back are they're too dry. Still, much better than many other similar cookies made by other companies, some who make their products even drier and why sweeter. Still, with a cup of tea or coffee they make a pretty good snack or bit of an after dinner treat. I was disappointed when I reached into the box for a cookie after lunch and realized I'd already eaten them all!"
563625,563626,B007JFMH8M,A1IDWUYX4QXTUE,Leslie,0,0,2,1344211200,Not bad but not good either,"I'm always on the look-out for a good tasting, individually wrapped, healthy snack that I can toss in my bag for a quick bite. Oatmeal cookies are one of my favorites so I gave these a try.<br /><br />The packaging is fine but the cookie does not have a very good taste. It has a dry texture to it, not very oat-like at all. They are soft, but not moist. There were plenty of raisens but not enough spice for my taste. On the positive side, they do contain more fiber than most cookies, but at 170 calories each, they are a little fattening."
563626,563627,B007JFMH8M,APMYPD97EHUUZ,"John H. Gruver ""brainactiv""",0,0,1,1344211200,Way too much oat bran = chewy but dry cookies,"I tried one: gave it two bites (to be sure) and then into the trash. Not even close to appetizing. It's amazing, how can something be chewy and yet powdery dry and quite tasteless simultaneously? Quaker's R&D figured out the conundrum and produced these ""cookies"". I assume it's the oat bran since I had similar experiences with using it when it was THE thing to do (e.g., pancakes). However, what ever it is, it ain't good! I do not recommend these, not even to my sworn enemies!"
563627,563628,B007JFMH8M,A10PEXB6XAQ5XF,Michael Gallagher,0,0,3,1344211200,Good Taste and Flavor But a Little on the Dry Side,"This is a pretty good cookie in terms of taste / flavor, but as cookies go I will say it was a little dry with the actual cookie part and not as moist as I like with oatmeal cookies (the raisins were moist).  Each cookie is individually wrapped vs. opening up a whole box which makes for a good snack to take the edge off of your day.<br /><br />Each cookie is 170 calories with 6 grams of fat (9% of recommended daily value) and 4 grams of dietary fiber (16% of the recommended daily value), so I really don't want to eat more than one a day!"
563628,563629,B007JFMH8M,A2H2I5FY1PUHP1,Boilermate,0,0,4,1344211200,Pretty Good Cookie,"First of all, I like that the cookies are individually wrapped. I can grab one and stick it in my pocket on my way out the door in the morning.<br /><br />The cookies themselves are big and a good thickness. They are soft with out being crumbly. The promised raisins are mostly small bits of chopped raisins and don't really add to the flavor of the cookie. I would have like whole raisins. The taste is mostly oatmeal with just the right amount of cinnamon. They are also dry. You really need an accompanying beverage with these. They are hearty enough that one makes a good snack.<br /><br />While I would never mistake these for Mom's oatmeal cookies (or mine for that matter) they're not too bad for ""store-bought."" If you like oatmeal cookies, give these a try. Just have a drink ready, too."
563629,563630,B007JFMH8M,A1ACM1CBGORBN1,Sherry Berry,0,0,4,1344124800,Soft and chewy but a bit too sweet!,"I am kind of shocked that these cookies were too sweet since I have really enjoyed how Quaker can make food be sweet but not too sweet. These are all individually wrapped, which is easy for on the go and keeps the cookies extra fresh. Each cookie is a decent size and we ate these over a week and it kept its softness.<br /><br />For me, it was a bit too sweet and I am a big sweet eater. I actually don't taste the oatmeal as much and more of the raisins, which could be why it was just so sweet to me.<br /><br />It was still yummy and I would get it again but only if I am in a really sweet mood."
563630,563631,B007JFMH8M,A2YB4886NNF7L8,"S. and L. Nester ""LeeLee""",0,0,4,1341878400,Delicious!,I loved these cookies! My daughter eat them right up. They are soft and taste great. I like softer cookies and this one was a hit with my whole family.
563631,563632,B007JFMH8M,A320NOWKQWX6V6,Missy B,0,0,2,1341878400,"Just ""meh"" - Definiately not a healthy choice!","Chock full of sugar!  Absolutely not something I would serve to my family.  Obviously, all cookies have sugar in them, but these seem to be a bit excessive."
563632,563633,B007JFMH8M,A5UI8IPN6SOSS,kingandqueen1021,0,0,4,1341878400,Just like homemade!,"I recently received the Quaker Soft Baked Oatmeal Raisin cookie as a part of my Mom VoxBox from Influenster.  I was a little apprehensive giving the cookie to my own two ""cookie monsters"" because they have not been big raisin fans, but they LOVED it!  The texture is so soft and chewy that they gobbled it up and asked for more!  They never even noticed the raisins!  I will buy these again as a special treat for them :)"
563633,563634,B007JFMH8M,A1PVGVHONQI7WU,Rachel S,0,0,5,1341878400,Tasty and chewy,"I got these in the Mom VoxBox from Influenster, and was excited to try them!<br />They are chewy and delish! I can see these disappearing and having an empty box sitting around!<br /><br />I'm not a fan of hard crunchy type cookies, so these were right up my alley!"
563634,563635,B007JFMH8M,A2VTNHHCUFI8JB,NoahsMommy52,0,0,5,1341878400,Prefect Treat for My Little Guy!,My 3 1/2 year old loved this cookie!  We shared it and I'm pretty sure he would have eaten the whole thing!  Very soft and th perfect amount of sweetness- not overly sweet like some oatmeal cookies tend to be.
563635,563636,B007JFMH8M,A2LBIC0C82IVIT,nmart512,0,0,4,1341878400,Healthy Goodnesss,Very soft and chewy! Love the homestyle taste of the cookie and that it is very nutrious! Definetly gotta get some more!
563636,563637,B007JFMH8M,AC497HNO0E8VH,M. Weeks,0,0,3,1341878400,Quaker Soft Baked Oatmeal Cookies,"Well, let me start by saying these cookies are very soft and moist. However, I did not really like them. They were not sweet (which is a matter of personal preference) and they had a gritty texture to them."
563637,563638,B007JFMH8M,A2DEYCMTS79D1M,Jaime M,0,0,5,1341878400,Best Store Bought Cookie EVER,These cookies are delicious. They are full of flavor and taste moist and fresh. My kids loved them!!! My expectations were exceeded!
563638,563639,B007JFMH8M,AJ8HQ860LUJSN,mrs. j-one,0,0,5,1341878400,Very yummy and soft,This cookie is one of the best cookies that i have tried in a while since i do not like the hard crunchy ones like chips ahoy because it is so soft to the bite and pulls you in to make you want more. You can taste all the ingredents none are hidden and has a good amount of raisins in the cookie. I will be buying these for my family as long as they make them.
563639,563640,B007JFMH8M,A2U6EWZTA418N0,Patricia,0,0,5,1341878400,Homemade Cookie,"Quaker Soft Baked cookie taste homemade, I like that is made with whole grains, low calorie & just healthy yummy goodness that everyone in the family can enjoy. I feel good about buying this because the ingredients are simple & I have used Quaker for years. Is a much better alternative than the other regular cookies you see in the store. Packed with raisins & whole grains. Great to pack, on road trips or just in your purse. Kid tested and approved! I received this product complimentary to test through Influenster's VoxBox program."
563640,563641,B007JFMH8M,AN7R8MEQU056O,Krysti Mckay,0,0,5,1341878400,Quaker Soft Bakes are DELICIOUS!,"I have absolutely fallen in love with the soft baked cookies! My kids love them, and I love them as a treat to munch on. However, they also can be used in delicious cookie crusts or cookie crumbles for recipes! They are so versatile and delicious! I definitely recommend them to everyone! my husband isn't even an oatmeal fan, but LOVES these cookies!!"
563641,563642,B007JFMH8M,A2G0VUD19MLPYP,acavano,0,0,5,1341878400,gone too quick,"These cookies are to die for. I ate mine in a matter of seconds and was ready for the next one, but I only had one. I recommend these cookies for anyone kids, adults and the elderly. Its deliciously soft packed with raisins and yumminess!! Go to the store now and buy them, you sure wont be disappointed."
563642,563643,B007JFMH8M,A19070W4HLG899,L. Brown,0,0,5,1341878400,I LOVE these!,"These are soft, chewy, and delicious! They really do taste just like homemade cookies... with natural ingredients. They are a perfect treat, but still feel like a bit of a healthy snack as well.<br /><br />* I  received this product complimentary for testing and review purposes from Influenster"
563643,563644,B007JFMH8M,A32TM8I2D0858P,movein,0,0,5,1341878400,Loved It,I let me daughter try some and I ate the rest. She isn't big on raisins but it was still good to her. I thought it was delicious because it was soft and tasted like it was just baked from the oven. I would highly recommend it and who doesn't love a good homemade cookie. Cause that's what it felt like to me. Like someone had just gave me a freshly baked cookie.
563644,563645,B007JFMH8M,A39B3E7CL22OYT,Becca Wilson,0,0,5,1341878400,Soooo good!,"I received this product through my Influenster Mom VoxBox. My son immediately ate it up and said to me it was ""the best he had ever had"". My son is four mind you! So this must mean something. I would definitely go out and buy some for my household after hearing that reaction :)"
563645,563646,B007JFMH8M,A15P6JXOSIN2TG,"Brenda Patterson ""pattersonmom24""",0,0,5,1341878400,Yum!,This product was provided to me for free through Influenster. My family love these cookies. They are soft and slightly chewy. My 2 yr old will only eat these oatmeal cookies. So he really enjoyed them.
563646,563647,B007JFMH8M,A2S60IDMYRV6M9,Cassayers,0,0,5,1341878400,Yummy cookies,I received this through influenster mom voxbox.  My children loved it and I felt great knowing that it is a healthier cookie than others on the market.
563647,563648,B007JFMH8M,AJNDL4BI7AQ8H,Christy Spear,0,0,4,1341878400,chewy cookie snack,i received a sample of the quaker soft baked oatmeal cookie through influenster.  the cookie was quite large and was filling.  it satisfied my craving for a sweet without too many calories.
563648,563649,B007JFMH8M,A1I5QGRMHP8YSV,Holly,0,0,4,1341878400,Yummy Goodness!,Received this in my VoxBox and I thought it was super delicious very soft and chewy! I'm going to purchase the pack of 12 this week!
563649,563650,B007JFMH8M,A21PS501QMDKK5,CaSandra,0,0,5,1341878400,Soft Baked Goodness!,"I received a sample of the oatmeal cookies through Influenster, it was a large size cookie so I decided to split it with my husband and my 5 year old son, I didn't think my son would eat it but after his piece was gone he asked for more! Even my husband thought it was great and he does not really like oatmeal cookies. I will buy these now!"
563650,563651,B007JFMH8M,A3E6R53BBVWPZ1,Jennifer Eull,0,0,5,1341878400,Quaker Cookie,"I received a free sample from influenster.com in the Voxbox i got, and my daughter really loved it!! She wouldnt even let me sneak a bit off it, so it must be really good!!!"
563651,563652,B007JFMH8M,A1L43HQE9J36W9,Petals,0,0,5,1341878400,"Soft, chewy and delicious",I recently received a sample of this Quaker Oatmeal cookie in my Mom Voxbox from Influenster and I couldn't put it down.  The cookie is a nice big size and is full of flavor. Its not overly sweet and has that homebaked taste to it.  I can't wait to get more.
563652,563653,B007JFMH8M,A2L20SNQ4EZJ8B,tester,0,0,5,1341878400,These were delicious!,"I received one of these to try for free and review from Influenster in my mom Voxbox and I have to say, it was the softest, chewiest cookie I've ever had. This is saying a lot since I'm picky about cookies being soft and chewy. I'm anxious to try the other flavors. Especially the Apple Cinnamon one! Yum!"
563653,563654,B007JFMH8M,A93OSR5GY3X0I,sweetT,0,0,5,1341878400,Husband Loved The Oatmeal Cookie,My Husband Loved The Oatmeal Cookie he said that it taste home made. curbed appetite like a snickers would have. He said they taste  natural would try them again.
563654,563655,B007JFMH8M,A2ICI5CWUSBMSS,zdrobles,0,0,4,1341878400,So Delicious!,I received a sample of this product from Influenster.com. They were delicious cookies I have to say. I don't usally reach for oatmeal cookies they are just not my favorite or my son's favorite. I love how homemade they taste. Nice and soft real taste of oatmeal and raisins. I will definetly continue buying some of these especially because enjoyed them!.
563655,563656,B007JFMH8M,A2COGE7RR1R09M,AFWIFE08,0,0,5,1341878400,Delicious!,These are SO yummy! They are incredibly soft and take me back to my childhood when my grandma would make oatmeal raisin cookies. My toddler loves them too!
563656,563657,B007JFMH8M,A2DXPD5YDN83VX,Consumer,0,0,5,1341878400,So good and so good for you!!,I have always loved Quaker brand products.  I had recieved a Oatmeal Rasin cookie through @influenster to try and review.  My boys actually were going to fight over who got to eat the cookie so I did the old one kid break it in half and the other one choose what half he wants trick.  They were left wanting more!  I have already repurchased these cookies several times in different flavors.  I am happy that they are good for them and make a great snack.
563657,563658,B007JFMH8M,A3VAIUS6VZCMEH,AmyH,0,0,5,1341878400,So Good!,Quaker Soft Baked Cookies are incredibly soft and chewy! And they taste so good! Definitely the best store bought cookie out there! I received a free sample via Influenster.
563658,563659,B007JFMH8M,A1G7XPJJQA226A,LaceyMarie,0,0,4,1341878400,So delicious!,"So soft and chewy! It's a great snack for yourself and even your little ones! I recieved a free sample from influenster.com and this was the first thing that caught my eye. It has a great taste, and I can see myself buying more in the near future."
563659,563660,B007JFMH8M,A2XLWYQQGH7T3L,chailinh,0,0,5,1341792000,"yummy, soft baked cookie!","I have always enjoyed Quaker products and when I received a free sample of their soft baked oatmeal cookie from Influenster, I was very excited to try it. It's very soft, delicious, and taste like it was homemade. After tasting it, I went out and bought a few boxes for my family and I to enjoy."
563660,563661,B007JFMH8M,A36MKT48SKZ1EE,Bee,0,0,4,1341792000,love these!!,"If you like soft cookies, then these are for you. Great ""healthy"" snack! Don't  leave 'em in your gym bag though, you'll have a bag of good tasting crumbs!"
563661,563662,B007JFMH8M,A3LKNC9XL2AS05,Ashley,0,0,4,1341792000,Loved!,I really loved this cookie. The calories in it are not bad and the taste is great. I am always looking for a quick on the go breakfast and this hits the nail on the head. It would go amazingly with a cup of coffee. The cookie was soft and full of flavor. The only thing that I didn't love was it kind of had a salty after taste. If the sodium could be reduced just a smidgen then it would be the best cookie I have ever tasted. I would buy these if our commissary would carry them!
563662,563663,B007JFMH8M,A1WHY5OZX7IZIG,forever18,0,0,5,1341792000,soft & chewy,"I got a free sample via influenster, I'm not gonna lie the Quaker cookie was the first thing that caught my eye. First of its was so soft & chewy its just melts in your mouth. I definetly stocked up on the cookies. I tried the oatmeal cookie & its still my fav!!"
563663,563664,B007JFMH8M,AKS7Z4XK7O4CI,Dessie A.,0,0,5,1341792000,Soft and Delicious!,"I love how soft the Quaker cookies are! Not only are they soft but they're delicious too. Grab one for a snack on the go, put in your kids lunch box, or just enjoy at home. They're great!"
563664,563665,B007JFMH8M,A3OORGROO9637C,MsJen,0,0,5,1341792000,wonderful cookie,I recieved this cookie via the mom vox box on [...]  and after I had it I searched the supermarket for them because they are soooo good. The cookies are moist and chewy.
563665,563666,B007JFMH8M,A250J0FJXY8NCW,galateasmith,0,0,4,1341792000,Soft Cookie - Powerful Cinnamon,"Got a free sample via Influenster of the Quaker Soft Baked Oatmeal Cookie, Raisin flavor.  First, it soft and crumbly. Secondly, it has a strong cinnamon flavor.  Thirdly, the raisins are actually good and add some texture. If you like oatmeal cookies, you will like this product."
563666,563667,B007JFMH8M,ARH734XRHMYAF,Jamaise Wilson,0,0,5,1341792000,Quaker Soft Baked Oatmeal Cookies testing experience @ Influenster,"I've had other store bought cookies, these are better quality - more deluxe. I buy and bake a lot of gluten free for my son, so this was a real treat and just for me! A great snack for on the go."
563667,563668,B007JFMH8M,A3KM691AO1IZKZ,tbaker,0,0,4,1341792000,Yum,"I really liked this cookie. It was very soft and chewy just how I like my cookies. The only problem was it could have been sweeter, maybe with some chocolate chips in with the raisins it would have been even better. I think for a quick breakfast great choice, not so much as a sweet though."
563668,563669,B007JFMH8M,A15F4SZ4VFBO70,kandikisses,0,0,4,1341792000,taste amazing,taste amazing and  have that home baked feel. they are so soft and chewy. perfect with a glass of ice cold milk.
563669,563670,B007JFMH8M,A67GUC83L7J65,"H. Meek ""sweetheartmama""",0,0,5,1341792000,Tastes Homemade,I tried the raisin oatmeal cookies and they are so soft!  I am not a raisin fan but I still loved these and think they taste homemade!
563670,563671,B007JFMH8M,A1WRES8AAC87JN,Cyn,0,0,5,1341792000,Yummy!,I received a complimentary sample of this cookie from Quaker via Influenster's MomVoxBox. I'm not a huge fan of oatmeal cookies but when I tasted these it was really good. It's soft and delicious! I am now a fan and will be buying these for sure!
563671,563672,B007JFMH8M,A30NTGTL97JQ3T,lilmizzsazzi,0,0,5,1341792000,Quaker Soft Oatmeal Raisin cookie,"I received a complimentary sample of this cookie from Quaker via Influenster's MomVoxBox and my husband loves Oatmeal Raisin cookies when he grabbed a hold on mine it was over he devoured it ans said this was the best Oatmeal Raisin cookie he ever tasted so I was pretty sad he didn't share so I went out the next day and purchased my unknown box and almost ate the entire box on my drive back home, they were absolutely delicious tasted so fresh and homemade like full of flavor."
563672,563673,B007JFMH8M,AJ3Q1YCCFMMRF,"Yanette Frutos ""yanette""",0,0,5,1341792000,Love these,These cookies are so good that i eat them as a snack for when i am at work and they are simply the best. Love how they are soft and taste so good.
563673,563674,B007JFMH8M,A1X09U3KB32W7C,Becky's View,0,0,5,1341792000,Better Than Homemade!,"Quaker Soft Baked Oatmeal Cookies are better than any homemade cookies I have tried or made. Which says alot considering I'm a former baker. They are so soft and tasty, even my 8 year loved this cookie and she hates oatmeal. I highly recommend these cookies. They're especially great for on the go snacks.Also the price is very reasonable considering the quality you get. So if you're a cookie fan this one you have to try, you won't be disappointed."
563674,563675,B007JFMH8M,AP1ZW8V4HTO6C,Tina Deanette,0,0,5,1341792000,So yummy!,I received on in my Influenster box and loved it! So moist and chewy!  Perfect with milk and warmed in the microwave.
563675,563676,B007JFMH8M,A15BBHB36Y8IEH,"jean4ever ""jeannie""",0,0,5,1341792000,Cookie WHO GOT MY COOKIE ?,So tasty and Delicious you wont even think that your eating healthy ! I mean with these Quaker soft baked oatmeal cookies with raisins who could resisted ?
563676,563677,B007JFMH8M,ATN7AC0D6CUSM,luckygirlbeauty,0,0,5,1341792000,These are great.,I received a cookie from Influenster and Quaker to try in the Raisin flavor. Well this cookie was great soft and moist and the flavor was great. I will buy these for my household. I will also buy other flavors as well. Great for the family and for a travel snack.
563677,563678,B007JFMH8M,A1R0PCZ5AY9C76,tddylvr,0,0,5,1341792000,Mommy & Me treat,I had received a free sample cookie of the soft baked Quaker oatmeal cookie in raisins and my 6 yr old asked if he could have it. I told him he would have to share them with me. I was lucky I got a bite of it as he woofed that cookie down!lol It's on our next shopping list so I can get a box of my own! :)
563678,563679,B007JFMH8M,AY4EVD29DHZQH,"Mz.KrissyB.Love ""Bookologist""",0,0,5,1341792000,Delicious and handy,"Soft ,filling,delicious,a good for you cookie , I couldn't eat just one I had to go out and buy 2 boxes . One for me and and the next for my family to share among them selves ."
563679,563680,B007JFMH8M,AO7G0AEWF76FZ,Bree,0,0,5,1341792000,YUMMY IN MY TUMMY!,This item is super yummy!  I received this cookie in my Mom Voxbox and I couldn't have been happier.  I will be buying more of these to stick in my purse for me and my kids on the go.  And it will also be included in my daughter's school lunch.  It's nice to see a healthy snack that tastes good too!
563680,563681,B007JFMH8M,A10AH87OLPZCAO,Alicia,0,0,5,1341792000,Yummy in my Tummy!,"These cookies are amazing! I got one from Influenster to review in my Mom VoxBox and my daughter loved it...  Soooo much that I bought 3 boxes at the store the next day! We have now tried the Apple Cinnamon, Oatmeal Raisin, and Banana Nut and can't decide which one we like more :)"
563681,563682,B007JFMH8M,A2NX4G6BOQ0SZH,Shelly,0,0,5,1341792000,Quaker Soft Baked Cookies..YUM!,"My kids and grandkids absolutely love these soft baked oatmeal raisin cookies.  I thought maybe they wouldn't like them because of the raisins, but I don't think they even noticed them as they scarfed their way through the cookies.  I was able to get in a bit or two before they got ahold of them, and I agree, very good cookies!"
563682,563683,B007JFMH8M,AJSQYVJSZBQEZ,J,0,0,5,1341792000,I love these,"Super perfect all my kids love them,great snack anytime of day.Quci and easy snack and not feel guilty about.Enjoy enjoy enjoy."
563683,563684,B007JFMH8M,A31HMXJM7GZ60N,huggsnkisses,0,0,5,1341792000,Yummy-Yum-Yum!!!,"Soft Cookie, if you didn't unwrap yourself you would swear your grandma baked them...my girls are not oatmeal raisin fans, but they fight over my Quaker soft baked cookies, I keep these in my cubicle, they are my go to snack, if I had a nasty client I'll pop one in my mouth and take a time out. I am a big cookie fan and I like that these are individually wrapped and will stay fresh until I need one. I original received a sample from influenster website but have since purchased them since my girls ate my original influenster provided cookie."
563684,563685,B007JFMH8M,A2YBQ4T1BJJDE1,MissPoole,0,0,5,1341792000,Love!,"These are wonderful. I love love love soft cookies, and oatmeal raisin are my favorite! I mostly make my own cookies, but I would definitely purchase these! I got them compliments of Influenster & Quaker to test out, and my son & I love them!"
563685,563686,B007JFMH8M,A155D8LJ5W6126,Brittney Fonseca,0,0,5,1341792000,Soft Baked Cookies,"These cookies are amazing, thanks to influenster I was able to try one and OMG, it was so good I had to go out and buy more, they are a must have for families a delicious treat that made with whilesome oats :D Yumm"
563686,563687,B007JFMH8M,A6EE2QHQ92AM1,Sweetypie,0,0,5,1341792000,Pleasantly suprised,I have never been a huge fan of oatmeal cookies but I would have to say these are very delicious! Just the right amount of raisins & they have a very nice texture. I would buy these again!
563687,563688,B007JFMH8M,A2DAE4L0OCQO6W,BlankBlank,0,0,5,1341792000,Family favorite!,My family loves these cookies. Every time we go to the store we need to pick up a box! The cookies are really soft and fall apart so easily.
563688,563689,B007JFMH8M,A25X6XGD2RUE3C,tpetersen51,0,0,5,1341792000,Sooo Good!,"Quaker brand oatmeal cookies are the most delicious cookies!  They are moist and soft and the raisins are plump and just the right size. If you want a good ""home-baked"" taste in a cookie, these are the ones to get!"
563689,563690,B007JFMH8M,A1KC31GANHZ0W2,I Luv WDW,0,0,4,1341792000,Quaker Raisin Oatmeal Cookies,"Quaker Breakfast Cookies Oatmeal Raisin, 6-Count Boxes,10.1-Ounces  (Pack of 6)]]s.  They come in individually wrapped packages so you could use them as snacks for school, if you wish.  They are very soft and chewy and filled with a lot of raisins.  Very Tasty!  Kids will love them!"
563690,563691,B007JFMH8M,A1YCQPRYNHKN55,MomstheDealio,0,0,5,1341792000,Tastes like a fresh cookie,"These are extremely yummy, fresh tasting cookies. I love how soft they are. They taste similar to ginger snaps. Great to stick in your kids lunches. I would recommend."
563691,563692,B007JFMH8M,A3S122V1Z1XZO2,Emily,0,0,4,1341792000,Yummy!,"I wasn't sure about receiving this in the mail to try, but I was pleasantly surprised!<br />This cookie is absolutely delicious and a very good treat for everyone in the family to try."
563692,563693,B007JFMH8M,A2N0EWFLEDIYOZ,tv2557,0,0,5,1341792000,Yum,"This is an amazing cookie! I thought it was going to be gross but once I took a bite I was amazed! Please try it, you won't regret it!"
563693,563694,B007JFMH8M,AWQXNZA48CEKD,"Kimberly Jean Mallas ""Kimberly Mallas""",0,0,5,1341792000,So good it disappeared!,I received this cookie from Influenster for testing purposes. As soon as I took it out of the box it was GONE! Can you say DELICIOUS! Me and my son both ate half. It has the best homemade taste. I love how it's super soft and just crumbles in your mouth and melts. BEST cookie ever!
563694,563695,B007JFMH8M,A1M7HDF51QX1KG,kelsey,0,0,5,1341792000,Loved the oatmeal cookie! Perfect for anytime!,I received this product from influenster and i loved the oatmeal cookie type! They are perfect on the go and i just HAD to buy a box at the store when i saw them. They were gone in 2 DAYS!!! They are perfect for that sweet late night snack and even as a on the run breakfast! 5 stars!
563695,563696,B007JFMH8M,A19SHIMZDF8YUW,KayseyBuccellato,0,0,5,1341792000,Yummy Snack!,The size of the cookie was great and filling especially for a quick snack for a busy mom or even your children. I will buy this again for sure!
563696,563697,B007JFMH8M,A1NNTRF2NMJS6C,padgsa,0,0,5,1341792000,Delish !,"So these are amazing - I am usually not a Oatmeal Raisin lover... EVER, but these were surprisingly good ! Thanks for making me a lover !"
563697,563698,B007JFMH8M,A1HHXN6OJS6ADQ,Sweetone30,0,0,5,1341792000,Love these cookies!,Great cookie!  Soft and moist!  Will def purchase these again :)<br />I received this product complimentary for testing and review purposes from Influenster.
563698,563699,B007JFMH8M,A1BRCVMQ7C9CGJ,DB,0,0,5,1341792000,"Soft, Chewy and Moist","This product was very moist and had the perfect texture. I loved it. It was chewy and soft too. After my first cookie, I wanted another one really bad. I plan on definitely buying more."
563699,563700,B007JFMH8M,A1IMGSJYMW0PYN,Anjela,0,0,5,1341792000,Soft & Chewy Yumminess!!,"This cookie only lasted a few mins in my house. I my son ate most of it but I did get a couple bits of it & it was so soft, which is how I love my cookies, it was also very moist and nice & chewy. I will defiantly be buying these again."
563700,563701,B007JFMH8M,A2JRXXDPAI9CK9,Amber Cervetti,0,0,5,1341792000,Quaker Soft Baked,This is and amazing cookie! I received the Raisin cookie to try through influenster and was pleasantly surprised by its taste and texture. It truly is a very soft cookie and has a bold taste. Me and my two year old devoured this cookie then whet out to buy more! Would defiantly recommend.
563701,563702,B007JFMH8M,A1VIO3SYZR3XQK,MommyV,0,0,5,1341792000,Yummmmmm,I really like these cookies. I am not a huge fan of raisins but these are so good. Nice and soft!
563702,563703,B007JFMH8M,A3FXFTS06IX22M,candice408,0,0,5,1341792000,love these,These are awesome cookies! Nice and soft! Love!!! They great to give your kids for a snack or to take to work for a snack
563703,563704,B007JFMH8M,A1KWXTO4HNXM3F,Yvette Selusi,0,0,5,1341792000,quaker soft Baked oatmeal cookies Rock,I loved these cookies! they have great flavor and taste! I loved them! They are great snacks for afterschool or a nice add on to any lunch. they come perpackaged so they do not dry out.
563704,563705,B007JFMH8M,AH5Y2L3K51J0O,uneekstylez,0,0,3,1341792000,So good!,"I love chewy cookies! And these are definitely chewy. I love it. But the downside is that it's made in a place that manufactures peanuts. My Bubs is allergic to peanuts. =\ So, he couldn't have any."
563705,563706,B007JFMH8M,A1I3EENJGC14MT,crazyawesome,0,0,5,1341792000,Awesome cookie!,"I received this cookie courtesy of influenster, my family loves oatmeal cookies, and this one was awesome!! My son and I shared it, very soft and full of moist raisins! Will for sure look for these in the store! Can't wait to try others!"
563706,563707,B007JFMH8M,A1MTVA7JWWXVZ,"Athena Emmanouilidis ""aunt of three""",0,0,5,1341792000,The Best Oatmeal Cookie I Ever Ate!,"I received a sample of these cookies through Influenster.It was gone within a minute of receiving the package.I didn't even share it,all mine lol.They are super soft and delicious!They taste like I just baked them myself.I have never tasted such an amazing cookie,for real!"
563707,563708,B007JFMH8M,A2UOLY21GNTI74,Bdiane34,0,0,3,1341792000,Nice,"I received this sample of Quaker Soft Baked Cookie via Influenster to try. My husband grabbed it up quickly, He liked the taste but says the texture could be better it seemed to crumble very easily."
563708,563709,B007JFMH8M,A1A0QSOZKJ9CSW,amber,0,0,5,1341792000,amazing cookies!,these are very good. i didnt think they would be as moist as they were but they were melt in the mouth good :)
563709,563710,B007JFMH8M,A2B3VA81IGPLZA,Deborh_brandon,0,0,4,1341792000,Mmmmmm,These are really good. My husband and daughter fought over them!!  They are so soft and chewy and they taste like cinnamon.
563710,563711,B007JFMH8M,A20ND5VKGAG7XA,Elizabeth P,0,0,5,1341792000,A Delicious Snack,"This is the perfect pick-me-up snack.  Great flavor and perfectly filling.  I quickly regretted sharing with my husband.  This snack is great for the entire family, and knowing we're making a healthier choice is a good feeling."
563711,563712,B007JFMH8M,A19ABDKY8ULUN5,Santosmami,0,0,5,1341792000,Quaker made this??,"I received a sample courtesy Influenster, well... I didn't have the pleasure to taste it myself, because my son got ahold of it and started munching away!!  He absolutely loved this cookie :)  And that's saying alot, since my son can not stand raisins, period!  I guess I'm gonna have to add this one to my grocery list :)"
563712,563713,B007JFMH8M,A2GAR6CBJTSSI7,Tiffany Stufflestreet,0,0,5,1341792000,2 THUMBS UP!,"I got a Quaker cookie to try in my Voxbox from Influenster. I gave it to my 8 year old son, who normally hates anything with raisins or anything remotely healthy, He loved it. Thanks Quaker for getting my child to eat something different."
563713,563714,B007JFMH8M,A3JVAMHQ1AG1HE,love it. i enjoy the ranfom board  but would ...,0,0,5,1341792000,Cookie Monster Munchkins!,"I received this cookie compliments of Quaker via Influenster to try. My son ate it so quick. I love Quaker and will be looking for these on our next grocery trip! My boy said it was delicious! We already buy the chewy oatmeal bars, adding these soft baked oatmeal raisin cookies to our list of Quaket products!"
563714,563715,B007JFMH8M,A2L6V7O69GKNBH,LLS,0,0,4,1341792000,Didn't save any for the kids!,"I received the Raisin flavored from Influenster complimentary for tasting.  It was very good to me, not too sweet and not oily tasting like some package cookies. The fact that it is made with whole grain oats made it even better.  I am going to buy the cranberry & yogurt next."
563715,563716,B007JFMH8M,AYFFC113F808A,Jennifer Bedoya,0,0,5,1341792000,So soft and chewy!,I love the home baked mom taste these have! Just like my mom made them! They are also easy to find and affordable!
563716,563717,B007JFMH8M,A13VH0PS4SKVDF,Karen,0,0,5,1341792000,Quaker soft baked oatmeal cookie,"I rec'd this product from influenster and Quaker for testing purposes. I've always enjoyed Quaker oats from the hot oatmeal, down to the cookie itself. Quaker soft baked oatmeal cookie is made with whole grain Quaker oats, At least 10 grams of whole grains per serving.<br />Made with real fruit, Good source of fiber, delicious. Quaker oats been around since over a hundred years."
563717,563718,B007JFMH8M,A38WFD1V0SDN3Y,"Lisa Belanger ""Scentsy gal""",0,0,5,1341792000,Wow...how soft and moist! :),I received one of these awesome cookies from Influenster! They are DELICIOUS!! Super soft and moist...tasted home made! :) Yummy!
563718,563719,B007JFMH8M,A3B8CXU4T1X7S8,MelindaR2008,0,0,4,1341792000,Great cookie,These cookies are a great cookie. I love oatmeal cookies but the only thing I didn't like was the raisins. This is only because I hate raisins. So if you like raisins then you would probably like them. I probably wouldn't repurchase this for myself because I would rather make homemade without them. I would repurchase it for my boyfriend though because he loves raisins.
563719,563720,B007JFMH8M,A3VQXWRIB7GV3F,Jessica,0,0,5,1341792000,Just like Grandma used to make!,"Soft, chewy and just like Grandma used to make. I can't wait until I eat the next cookie as these are something to savor and enjoy!"
563720,563721,B007JFMH8M,AXMQG5G02SA4G,Melissa,0,0,4,1341792000,Quaker Soft Baked Cookie,"From Influenster I received the Quaker Soft Baked Cookie. With this product, after dinner one night, I divided it up into 3 equal portions. One for myself, one for my husband, and another for our 1 1/2 year old daughter.<br />Our daughter devoured the cookie before I even sat back down and was asking for more. She absolutely loved it. My husband and I, on the other hand, were not impressed. We were expecting something a little more. The cookie itself was a little dry and there was something about the taste that was off a little bit.<br /><br />I do not think we will be buying this product in our home in the future. But I am pleasantly pleased with the chance to try it first."
563721,563722,B007JFMH8M,A2O6305QOF45MQ,Erin B.,0,0,5,1341792000,Love these!,My whole family absolutely loves these cookies...so soft and yummy!  And I like the fact that they are a nutritious treat for the kids...a much better option than candy or soda.
563722,563723,B007JFMH8M,AY3PYPIHPZQ25,Becky,0,0,5,1341792000,So yummy!,I loved how soft and delicious these cookies are! They are the new everyday snack in my house! Must have!
563723,563724,B007JFMH8M,A1M7JSSMOWMMKP,crazymom 2010,0,0,5,1341792000,Yummy,I love the way these cookies taste just like homemade cookies. They are easy to take and eat on the go.
563724,563725,B007JFMH8M,A32SIZL5NVDXJM,Sarafan2,0,0,5,1341792000,Quaker Makes The Best Oatmeal Cookies,"I thought that I might have had tried some of the tastiest oatmeal cookis before, but that wasn't so until I recently tried Quaker Soft Baked Oatmeal Cookies . These cookies are so delicious. They taste just like homeade cookies. They are soft , full of raisins, and are just fabulous.I bought a box at my locl Walmart the other day for $2.18 for eight cookies. These are a good size cookie too. Iwll be back to buy mor of them for sure thanks to the wonderful ingredients from Quaker I can't wait to try out the different varieties that Quaker carries! A fan for life I am!!Thanks Quaker!! Thanks to Influenster for giving me the chance to try these cookies in my Vox Box! They were A+++."
563725,563726,B007JFMH8M,AKXTFI6OGWJQF,Nylia C,0,0,5,1341792000,Nutritious and Delicious,I love this soft bake cookie I recived from Quaker!<br />I enjoyed the Nutritious soft baked cookie and I plan to buy more for my family! great taste and Price!1
563726,563727,B007JFMH8M,AYA1ON1SVIPJU,wif3ys1im,0,0,5,1341792000,Yummy and nutritious,"The oatmeal raisin is the cookie that I've tried. I love it as well as my daughter. It's soft and tastes amazing. Not to mention cheap, I'll be buying more."
563727,563728,B007JFMH8M,A3PQXK6DVMK7FC,Glori A. Mauro,0,0,5,1341792000,Healthy and Tasty Snack,"I really enjoyed the goodness of Quaker Oatmeal combined with soft, plump and juicy raisins in a soft cookie. It is an irrisistable snack for the entire family and leaves you feeling full and satisfied."
563728,563729,B007JFMH8M,A3UHYHNR917I0V,lilliana sanchez,0,0,5,1341792000,Yummy Cookies,These cookies are so delicious.. I received one in my influenster mom voxbox and just had to repurchase.. So soft and chewy..def a must buy..happy customer over here..good job quaker
563729,563730,B007JFMH8M,AELE6F4ST9DS9,"Sarah E. Knoke ""book maven""",0,0,5,1341792000,Yummy cookies!,"I received one of these cookies in my Influenster Mom VoxBox, these cookies, are really good and soft and chewy! I really enjoyed it! It tasted fresh, and not at all like a packaged cookie, I was also impressed at how well it held together during shipping, it was not crumbly like other cookies that have arrived in the mail."
563730,563731,B007JFMH8M,A1QBOC76MIOJYP,MyPenName,0,0,3,1344124800,Make sure you have a drink,"These individually wrapped cookies taste fairly good. A little on the bland side, but the good side of the bland side, if there is such a thing. They are a nice sized cookie...bigger than other packaged cookies that come in the plastic trays. They have the perfect amount of raisins in them - not over packed, but just enough. I guess I expected them to be more ""oatmealy"" since they are from Quaker, after all. They have the oatmeal raisin cookie flavor going on, but not the texture.<br /><br />The complaint that I have with them is that they are SO very dry. You will definitely want to have a big glass of milk handy. That itself was another problem for me - I don't drink milk. I just don't like it. Yes, it is a personal problem, not a fault of Quaker of course, but what else do you drink with cookies? Nothing else seems to go quite right with cookies. I do like to dunk cookies in milk, but these Oatmeal Raisin cookies are not a good choice for that because they would get mushy and fall apart right away.<br /><br />I can't say that i'd buy these. Much too dry for me and not enough flavor to make up for it."
563731,563732,B007JFMH8M,AXOO7BPM22BDO,"John Green ""Darkwriter""",0,0,5,1344124800,YES!!!,"Came as an 8-pack, individually wrapped.  Bottom line- they're awesome!  Soft, chewy, about 1/4 inch thick and full of oatmeal-raisiny goodness, you can't go wrong with these!  Soooo good!"
563732,563733,B007JFMH8M,A3CG6YLYZJXQG4,"Tracy Rowan ""dargelos""",0,0,3,1344038400,Not bad for mass produced.  Not really great either.,"Look, it's simple.  You want a good oatmeal raisin cookie, you bake them yourself or go to a bakery.  Stuff you get out of a box like this will never come close.  That said, for what this is, it's not bad.  At 3 in the morning when you're having a cookie emergency, they'll do just fine with a glass of milk or a cup of tea.  But don't expect a lot of home-baked flavor, or even the kind of moist chewiness you think of when you think of an oatmeal cookie because it's simply not there.<br /><br />I can't really recommend them, but I can't entirely dismiss them either.  Consider them stop-gap and buy accordingly."
563733,563734,B007JFMH8M,A96K1ZGW56S2I,"tvtv3 ""tvtv3""",0,0,4,1344038400,Yum.,"Oatmeal raisin cookies are my favorite type of cookie. My grandma makes the best oatmeal raisin cookies and a lady at church makes the second best. However, I'm always willing to try someone else's oatmeal raisin cookies. Recently, Quaker started selling these SOFT-BAKED OATMEAL COOKIE WITH RAISINS. The cookies themselves aren't too bad. They're better than the usual store-bought oatmeal cookie. They're soft and chewy with a slightly sweet aftertaste. However, there's nothing that really distinguishes them either. There are 6 cookies in a box. They are good cookies that make a nice after lunch dessert or an in between snack."
563734,563735,B007JFMH8M,ANEDXRFDZDL18,Serene,0,0,3,1343952000,Plain,"Who doesn't love oatmeal cookies made with Quaker Oats? I have many fond memories of enjoying making cookies straight out of the Quaker oat box, enjoying them after-school or having them packed in my school lunchbag. When I saw these were available to test, I was naturally excited, I've always loved Quaker oats and they make a quality product. Always.<br /><br />Unfortunately, I found these cookies to be remarkably bland and quite plain. They aren't sweet enough for my particular taste, nor are they remarkable in any way. Sure they have whole grain. But they taste too bland for me, and are indeed quite plain. No one in my family liked them. They were just completely generic. For me, they needed more cinnamon and sugar and vanilla for my taste preference.<br /><br />There are 6 individual cookies sealed in tiny packs, making them useful for travel/lunches."
563735,563736,B007JFMH8M,A19XE6G6NDZFPS,Joanna Mechlinski,0,0,2,1343952000,Bland and dry,"I love oatmeal cookies, so I was really enthused about giving a new brand a try. However, these failed miserably in my mind - each individual cookie has 12g of sugar, yet there is a dry, bland taste. Combined with the fact that there are 170 calories, 6 grams of fat and 150 mg of sodium in each cookie, it's hardly worth eating if you don't even enjoy the taste!"
563736,563737,B007JFMH8M,A3R9H6OKZHHRJD,LH422,0,0,3,1343865600,"Soft, but not very much flavor","As promised, these cookies are nice and soft, and they're chewy.  Those are the good points.  The bad points are that they don't have all that much flavor.  They also have a heavier consistency than what I would prefer.  These cookies would benefit from more of the kinds of spices that can make cookies tasty- cinnamon, nutmeg, and whatnot.  I'd be willing to try these in a chocolate chip or other chocolate version, as the chocolate would add some flavor value, but I wouldn't go out of my way to eat these again."
563737,563738,B007JFMH8M,A1ZZR25X0CNOJX,"slim ""57psalm""",0,0,3,1343865600,"tasty, but a tad on the dry side","I hardly noticed the raisins in this cookie, which is great if you don't like raisins, but I do like them.  The oatmeal flavor for the cookie is just as it should be.  When first opening the packet the aroma hinted at maybe a pinch of cinnamon added or maybe nutmeg in the mix.<br /><br />The consistency though was spongy, and rather dry.  I needed something to drink with it to help moisten it up."
563738,563739,B007JFMH8M,AYPEPA3VS4KDM,Librarian,0,0,3,1343865600,A Bit on the Sweet Side,"I was impressed with the list of ingredients that included whole grain oat and whole grain wheat flour as well as whole grain rolled oats. Most cookies labeled ""oatmeal"" have enriched white flour as their main ingredient.  These cookies also have a generous amount of juicy raisins, not the dried out raisins found in some other brands.<br /><br />I did find the cookies a bit too sweet for my taste, especially on the first bite.  The sweetness was much less strong after that first bite. There is a natural grain aftertaste that I found pleasant but others may not.  Also, I found the cookies a bit too crumbly when the individual packs are first opened. I found that if I let the opened package sit in a sealed contained for a day or two the texture was more to my liking.<br /><br />I liked the individual packages so that you can eat just one without the rest going stale.  I also liked that the ingredient list is on each package; this is very important for those with food allergies if the box is not available.<br /><br />All in all though these are a good treat. Very enjoyable.  I would give it 3.5 stars if that rating were possible."
563739,563740,B007JFMH8M,AGKW1Q9IUWIMT,"R. A. Frauenglas ""Brooklyn Bum""",0,0,3,1343865600,"okay, but nothing extraordinary","If you're thin & can eat cookies, enjoy yourself.  These come in single packs of mid-sized cookies (.73 oz. each), so I suppose it can help with portion control.  However, at 170 calories, it's pretty high for those needing to lose weight.  It only contains 2g of protein.  It also contains 12g of sugar, so I wouldn't call this a friendly treat for those people battling diabetes or who are borderline diabetics.  The ingredients are in very tiny print, in a box that is over 1.5 inches in length, & contains loads of ingredients I can barely pronounce & have no idea what they are.  It's is kinda soft & tastes okay; but it's not a cookie a foodie like myself gushes over."
563740,563741,B007JFMH8M,A1MKFNZSI1EISM,"Elizabeth Minger ""Liz""",0,0,5,1341792000,Tasty and Nutritious!,"I didn't expect a lot from a pre-packaged cookie, but I was pleasantly surprised by the Quaker Soft Baked Oatmeal Raisin!  It was surprisingly soft and chewy.  I also love that it's a somewhat healthy snack.  It would be even better warmed up in the microwave for a few seconds.  Good job, Quaker :)<br /><br />I received this product complimentary for testing purposes through the Influenster Mom VoxBox."
563741,563742,B007JFMH8M,AQ9S2GTR0VDC2,Nina,0,0,4,1341792000,Very good,I received this cookie to test from Influenster.  I had the raisin cookie and it was really so good!  I like that they use whole grains to make the cookie.  Breakfast really isn't my favorite meal of the day and I like something that is fast and easy.  This cookie is a good breakfast option for me.  I'm an on-the-go mom and it's easy to grab this to eat for breakfast or as a snack any time of day.  The cookie is a good size and it is moist and yummy.  I really liked it and will be buying more!
563742,563743,B007JFMH8M,A3CC3H75JBUM5F,christy,0,0,4,1341792000,Chewy And Delicious,"I love how these Quaker soft baked cookies taste. I love them warmed up or cold, either way they are quick and easy to eat on the go."
563743,563744,B007JFMH8M,A3O2Q9T0NP8GJ2,babybaum2006,0,0,5,1341792000,Great tasting cookie!,I really enjoyed the Quaker soft baked oatmeal raisin cookie.  It's true...it tastes homemade!  Great for on the go when you need a treat or even for the kid's lunch boxes.
563744,563745,B007JFMH8M,A2IOZ5M5I2OEYQ,djkw45,0,0,5,1341792000,delish!!,Cookies are soft and so good! Taste just like a regular cookie! I received cookie complimentary from influenster in my mombox and was delighted with how good it was.
563745,563746,B007JFMH8M,A22DU4GYKA83J2,Brandi N. Lawson,0,0,5,1341792000,Delicious and Nutritious,These new Quaker Oat Soft Baked Cookies are amazing! Soft and chewy. Very fresh and like they were just baked the day you bought them. My kids love them and it's a great way to give them their whole gains with a small serving of fruit. They are also great to pack in for a snack or a low calorie desert at 170 calories per cookie! I love these and will continue to purchase!
563746,563747,B007JFMH8M,A10JVTCCFCSLA1,In Love with this,0,0,4,1341792000,SOOOOOOOOO GOod!,"OMG....these are so good, better than I thought, they actually do taste home made, and I gotta say they taste even better than my grandmothers, sorry grams...:) I will definetly try these again, I got lucky and got to try a delicious sample from the influenster team :) I love quaker, and influenster.com"
563747,563748,B007JFMH8M,A1MBC8A72OKKB2,laura rivas,0,0,5,1341792000,DELICIOUS AND LIGHT,I recieved this cookie FREE FROM INFLUENSTER.COM in their MOM VOXBOX 2012 THEME PRODUCT TESTING. and omg i loved it. it was soft and didnt taste so filling. it was light and great flavor tasting  i loved it
563748,563749,B007JFMH8M,A2B1KYYE9GLXT,BECKY FRAZIER,0,0,4,1341792000,Very Big and Tasty,Cookie is great and tasty. Tastes fresh. Very large in comparison to others related to the category. Very yummy. Will buy again.
563749,563750,B007JFMH8M,ADAZ4T3AAHVN7,AmJe3,0,0,5,1341792000,Can we have this for breakfast?,"I received a sample of this product for free to test from Influenster and Quaker.  The cookie did not last long and I ended up going out to buy a whole new box.<br /><br />My son is three and he said the cookie tasted ""kind of like a muffin"" and wanted to know if he could have one for breakfast the next day.  The cookie is very soft and the flavor is nice.  It tastes great with a big glass of milk or microwaved for 10 seconds or so to heat it up.  The individually wrapped cookies make them great to pack in lunches or keep in the car for an afternoon snack.  Truthfully, if they weren't individually wrapped, you could probably eat several in one sitting without even realizing it.<br /><br />Go ahead and plate them up and say you cooked them yourself.  They are pretty great!  Oh, and they're not bad nutritionally... so go ahead and eat one for breakfast... I won't tell."
563750,563751,B007JFMH8M,A2W44462BFUFXC,Nicole Davis,0,0,5,1341792000,Best Oatmeal Cookies EVER!!!,"These are the best oatmeal cookies ever! They're so soft and yummy. My whole family loves them,and I have a pretty picky family."
563751,563752,B007JFMH8M,A2TTY3BVKVYGH9,Chelle91,0,0,5,1341792000,Best cookies ever!,"I love these cookies! They are so soft and my daughter eats them without any problems.I am a big oatmeal cookie fan, but quakers are the best brand so far."
563752,563753,B007JFMH8M,ALD9AADGX1SF1,j2purviance,0,0,5,1341792000,Fall apart in your mouth cookie,This cookie was the bomb. It falls apart in your mouth...tastes fresh like grandma just brought it to you out of the oven! LOvvvee em!
563753,563754,B007JFMH8M,A3VH1WBN26YPD4,BritLea,0,0,5,1341792000,Delicious Soft Cookie,I tried the Oatmeal Raisin cookie and it was delicious.  The cookie is fairly big which is great.  It is soft and chewy so you don't have to worry about crumbs getting all over the place if your on the go.  I have already bought more!
563754,563755,B007JFMH8M,A3RZ6V984Z309M,Donna Chaffins,0,0,5,1341792000,Like homemade...,"Well, if you ask my son, he might tell you it's better than his mommy's homemade oatmeal raisin cookies. :/ He loves the Quaker Soft Baked Oatmeal Cookies and says they are ""Soft, chewy and Yummy!"" I'll be buying more!"
563755,563756,B007JFMH8M,A1ZP6TKMFXZNNA,Amazon Addict,0,0,4,1341792000,Soft and chewy,"I Tried these after receiving a free sample from influencer.com, and they were delicious. Soft and chewy, with the perfect amount of raisins. They're a great size too. I will definitely buy some when they're available on amazon. My toddler loves them too."
563756,563757,B007JFMH8M,A351NTWO6OD00Y,nashtn719,0,0,4,1341792000,Yummy,I found these cookies really moist and yummy. Good size and perfect for a snack break or for breakfast. My girls really liked them too. They remind of home made cookies. Good way to snack healthy.
563757,563758,B007JFMH8M,A1LO8G0GFC4KIL,Deysy08,0,0,5,1341792000,Great taste,Loved my Quaker cookie it taste really good and is very soft unlike them other hard cookies. I could eat a whole box of these. Yes they taste that good
563758,563759,B007JFMH8M,A182XF8JTD70TF,"Jennifer Esparza ""tester maven""",0,0,5,1341792000,tasty good for you treat,I really loved this cookie. It was soft and a bit chewy. I think that if I had not read the box I would not think they are good for you. Definitley a treat worth trying. I was totally satisfied and wished more came in a box!
563759,563760,B007JFMH8M,A2NAHH0ZHQYQOC,Kiki,0,0,5,1341792000,Quaker cookies are the bomb,I received this product in my Mom Voxbox from Influenster. I have tried other Quaker products and loved them. These were just as good as the rest. I love how soft and chewy this oatmeal cookie was. The raisins were nice and juicy as well. I can't wait to grab a bigger size box or bag or whatever they may come in. It is well worth it.
563760,563761,B007JFMH8M,A30E27O1GM3GLV,Maireny Mateo,0,0,5,1341792000,Love it,"I receive those cookies for review i love the flavor and all of it, i recommend 100%, my family love too, thanks quaker oatmeal cookier you are part of my family now!"
563761,563762,B007JFMH8M,A3FY73C23XQ35E,"Fuze83 ""Izzy""",0,0,5,1341792000,Delicious,These cookies are so good an soft. When i had my wisdom teeth out after they healed I could not eat anything hard for a while an these cookies were so helpful even kids love them an there easy for on the go
563762,563763,B007JFMH8M,A1CCZ00L3XLLM8,lysnchris,0,0,4,1341792000,Great snack....very delicious!,"I was able to try this product through Influenster in my Mom Voxbox.  I had to share it with my 2 year old daughter since you can't eat cookies in front of kids lol!  It was delicious and soft baked, just like home made cookies.  My only complaint is that my cookie didn't have a good amount of raisins in it.  Maybe I just got a batch that missed a few extra raisins but I definitely felt that it could've used more.  Other than that, it was a great snack, especially to serve to kids!!  I can't wait to try the other flavors :)"
563763,563764,B007JFMH8M,A2HTC5PWUGOO88,"Jessica A. Perez Jawny ""Jjawny""",0,0,5,1341792000,DELISH!,I am so surprised these are healthy because they taste so darn good. They are packed with flavors and the best party- they are deliciously chewy! I will be buying these immediately my next trip to the grocery store. My three year old loved it!
563764,563765,B007JFMH8M,A2T2UZT6ZIKJK9,Helen T,0,0,5,1341792000,Yumminess,I received this sample in my Influenster MOMVOXBOX and I must say I wish I had gotten more than just one cookie.  It was delicious.  Shared it with my husband and he liked equally as well.  Very moist and flavorful.
563765,563766,B007JFMH8M,AXI9UTOJIO2T2,Tina,0,0,5,1341792000,Loving Quaker Oats,I really enjoy Quaker oats in the mornings. The best part of my morning is sitting down to a nice hot bowl.
563766,563767,B007JFMH8M,A2001065G65VJW,lhood91,0,0,5,1341792000,All that's missing is Grandma!,"I was able to enjoy this cookie because I received it in my VoxBox from Influenster. This cookie definitely does not skimp on any qualities a cookie should have. It was soft, chewy, fresh tasting and delicious. It is perfect for a quick breakfast or a quick snack or a yummy dessert with some ice cream. I will definitely be purchasing this item more often!"
563767,563768,B007JFMH8M,A1SWR7XGG9RF5T,Audra Fedele,0,0,5,1341792000,My 11 month old ate it up!!!,"I received the chocolate and almond Quaker oatmeal cookie free to try from #influenster in my #MomVoxBox, my 11 month old LOVED it!! She couldn't get enough of it, and it was soft enough that I didn't have to worry about her choking on it :) That's always a plus, I had to go out and buy more  so swhe could eat them!!"
563768,563769,B007JFMH8M,A3JYLJBS0B2BK0,"helpless in ny ""sicklady""",0,0,5,1341792000,so delicious,"I got this sample from influenster and I loved it. It was soft, not too sweet and the texture and taste were perfect."
563769,563770,B007JFMH8M,A102EES14OUWJ6,am090678,0,0,5,1341792000,Quaker Soft Baked Oatmeal Cookie,I received this cookie in my Mom VoxBox from Influenster. My kids and I shared the cookie and we all enjoyed it.  I will buy more and try all the different flavors.
563770,563771,B007JFMH8M,A206CPY61AHCP0,Lucy,0,0,5,1341792000,Amazing!!,"I didn't even know these existed until I received them in my Mom Voxbox from Influenster. Luckily only one of my children was with me when I opened it. We shared the Oatmeal Raisin cookie, and we both thought it was wonderful! So much so, that I went out and found them at our grocery store. Try them warmed! Nice size, and very soft and chewy. So yummy!! I really would like to try the different flavors as well. A very tasty product!!"
563771,563772,B007JFMH8M,A1TW7JS5YUJZ0H,Amanda Williams,0,0,5,1341792000,Great,"I loved these cookies so much, they where nice and soft which I love in a cookie. They did not skimp on any flavor at all, I would buy these again and again."
563772,563773,B007JFMH8M,A2LPFAQMVYNZ4L,crisb,0,0,5,1341792000,kids loves it,my kids love the quaker soft baked oatmeal cookie. i was amazed they love a healthier cookie. i love it because its a healthy alternative and its made out of oatmeal.
563773,563774,B007JFMH8M,AC46E8KPBMRG9,TBeautyBox,0,0,4,1341792000,Kids LOVED it!,I was able to try this product because Influenster sent it to me in their #MomVoxBox for testing. Honestly I wasn't able to try it personally because my kids snatched it from me ha ha! But they enjoyed it a lot. They asked me if I would buy more and in different flavors too. Good and hearty snack for kids indeed! Thanks!
563774,563775,B007JFMH8M,A3TO4GZ35YKK1X,buckinghamnicks,0,0,5,1341792000,A Spoonful of Sugar!,"Oatmeal and raisins are healthy, right? Put them in cookie form and I've tricked my little toddler into a healthy snack that she thinks is a treat. These were really soft and flavorful. Definitely would buy again."
563775,563776,B007JFMH8M,A11ZFH7I1YJ5ZF,Nita,0,0,5,1341792000,Quaker Oatmeal Cookie,"This is my first time trying this cookie. Its very soft, delicious, love the raisins. I will be buying theses for a snack for breakfast. I told all my friends to try this product."
563776,563777,B007JFMH8M,A1VDISN53LO1K,sweepingtheusa,0,0,4,1341792000,SO GOOD!!!!,"You HAVE to try these!!  They are SO delicious!!!  I'm not a big fan of Oatmeal Raisin Cookies, but I am of these!!"
563777,563778,B007JFMH8M,A359GKKXONNTE0,crystalmclure,0,0,5,1341792000,Tasty and Healthy,"These cookies are absolutely amazing. My three year doesnt like a lot of snacks and cookies and hes very picky, but he likes a couple of these flavors. They are very soft and very delicious and extremely tasty, you almost forget that they are healthy for you. I absolutely love quaker oatmeal and these cookies are an extra treat."
563778,563779,B007JFMH8M,A309MKE7Y0OCEX,SweetCindy50,0,0,4,1341792000,Yum Yum,"From a he said she said point of view...<br /><br />He: (Who likes soft cookies) Thought they were good, chewy,  moist and delicious.<br /><br />She: (Who prefers a more crunchy cookie) I liked it but I wasn't crazy about it, taste was okay you could tell you were eating a whole grain cookie. The raisins saved this cookie for me.<br /><br />Over all we like Quaker Oats, we would buy this cookie if we has a coupon but not as a number one on our list."
563779,563780,B007JFMH8M,A3CPL126VL12H8,"Betsy NJ ""BetsyNJ""",0,0,5,1341792000,Quaker Soft Baked Cookies-yum!,"I was excited to receive a package of Quaker Soft Baked Cookies through Influenster to try out.  I was surprised at how reasonable the ingredients were and how low in fat the single serve package was.  The cookie itself tasted fresh, soft and delicious.  I would definitely buy these for myself as a little treat and for the family.  Try them for yourself!"
563780,563781,B007JFMH8M,A2VIXDY3AW8GSY,roxygarces,0,0,5,1341792000,love love love,my daughter who is almost 2 devoured  the cookie.. i only got to get a little piece that she didnt want at the end but omg i put it on my grocery list for this week i cant wait to eat more more more
563781,563782,B007JFMH8M,A3HN6FNYPZQ2MU,billiejo willequer,0,0,5,1341792000,great healthy snack,we go on a lot of road trips and i always make sure to pack quaker bars as the kids love them they are great taste good and so easy to pack highley reccommend these to anyone as a to go snack
563782,563783,B007JFMH8M,A11DCBNCPEBWBL,limny,0,0,4,1341792000,DELISH!!,These cookies are amazing! I have tried the banana nut ones but i find that these are alot tastier. They are moist and delicious. My daughter is a very picky eater and she even enjoyed them.
563783,563784,B007JFMH8M,A1JBOM5L972U4P,Shannon,0,0,5,1341792000,Some of the best soft baked cookies I have had in awhie,"I was choosen as one of @Influensters Mom VoxBox recipients. I was excited about that, but I was even more excited when I opened it to see that there was a Quaker Oatmeal soft baked cookie inside. I immediately opened it. It's one of the softest and most delicious cookies I have had in a long time. I immediately had two of my kids try a piece of it also. They loved it also! These cookies are rich in flavor, not dry, and all around a great cookie. I went out yesterday and bought two more boxes of them. These are a great product to keep handy for snack time! Absolutely love them!"
563784,563785,B007JFMH8M,ANEIQUS6I8RJ5,Caligurldiva,0,0,4,1341792000,Good soft baked cookie,This cookie is good the only thing I had a problem with is that it's soft. Duh I know it says soft baked I'm so used to eating the hard oatmeal raisin cookie. I will purchase this in the future and will recommend.
563785,563786,B007JFMH8M,A221B991YB1LXU,Lisa Walker,0,0,5,1341792000,Great!,"This cookie was soft and full of flavor. I felt good about letting my kids try it because it was healthy, and they loved it! I already have requests for it for school lunches!"
563786,563787,B007JFMH8M,A1ZLP5VN8OLTQA,TaniaH,0,0,5,1341792000,"Perfect ""on-the-go"" snack!","I received a free sample from Influenster, and I split a cookie with my children.  We all loved it!  It was soft, tasty, and the perfect portion size.  I have already bought pack for the house and for our snack bag in the car.  As a mom, I highly recommend these cookies!"
563787,563788,B007JFMH8M,A2BYNLAM76HR2H,budah,0,0,5,1341792000,So good,This is an awesomely soft cookie. I loved this cookie it was really one of the best things I have ever tasted.
563788,563789,B007JFMH8M,ARMXY9JO964PO,Sunny S. Gulley,0,0,4,1341792000,Good stuff,If you like soft chewy cookies you'll like these. You're going to buy more than one box because they will go fast.
563789,563790,B007JFMH8M,A3MO6XMSLQC5CI,Rose Frederick,0,0,5,1341792000,Yummy,These are the best cookies. They are soft and delicious. Great for my daughter. She just loves them. I highly recommend this product!!
563790,563791,B007JFMH8M,A259BW4CNR2P85,Andrea,0,0,5,1341792000,Awesome!,I recieved this product to review. Really loved the texture and taste. Will be definately getting more of these for my family. Want to try the chocolate chip next.
563791,563792,B007JFMH8M,A1ZG9WNVCE9LWM,Barbie Mattel,0,0,5,1341792000,Soft and delicious,"These cookies are so soft and delicious. Dare I say they are better than Mother's cookies? Well, they are!!!!  I received a cookie to try out and I will be buying more to keep on hand. They are so delicious and flavorful!"
563792,563793,B007JFMH8M,A2ZQODD5XZVSM9,Autumn,0,0,5,1341792000,So yummy!,"I don't like raisins to be completely honest, but in these you can not even taste them! These are so soft and so yummy! I would definitely buy these again!"
563793,563794,B007JFMH8M,A1XUBAZHHWNZDS,"Rebecca Bryant ""Becca""",0,0,3,1341792000,YUM,I found these soft cookies to be moist and flavorable. Though I'm not a huge fan of oatmeal raisin these were surprisingly good. Was so happy to get a chance to try them.
563794,563795,B007JFMH8M,A1C3ONC58JLVJH,joretta foster,0,0,5,1341792000,"Quaker Soft Baked Oatmeal Cookie, Raisins, 8.8-Ounce",This is an awesomely soft cookie. I totaly love it. I would advise anyone to try it. You wouldn't even think about the oats
563795,563796,B007JFMH8M,A1V26EK9YVIC1U,nicole atwater,0,0,5,1341792000,So good,"I received these from influenster.com and they were great!  My boys loved them, they were very chewy, moist and flavorful!  Will definitely buy these again!"
563796,563797,B007JFMH8M,AUZTESIM8ZI6S,tillman.jodi,0,0,5,1341792000,So good,I loved this cookie it was really one of the best things I have ever tasted!! They are really soft which for me is a must in a cookie and the best part is there is something different in every bite I highly suggest this product to anyone
563797,563798,B007JFMH8M,A3LOR52QCQU114,Danette Faragalli,0,0,5,1341792000,Yummy!,These cookies are so yummy!  Moist and tasty!  My son loved them...and they are a great alternative to a bad snack!
563798,563799,B007JFMH8M,A25MPQNRMMS450,Countess Carnage,0,0,5,1341792000,Simply Divine!,"Quick Take:<br />Delicious if you're a big fan of Oatmeal Raisin cookies :D.<br />Usage Tips:<br />Makes a good companion with milk.<br />The Verdict:<br />The perfect cookie, must purchase more a.s.a.p.<br />Here is my review with First Impression Video:<br />networkedblogs.com/zmTSA"
563799,563800,B007JFMH8M,AG1SUB386KT63,aletseg,0,0,5,1341792000,Delicious!!,This is a very tasty cookie!!!!! I really enjoyed it and i just love oatmeal cookies and quaker oats its a good brand.
563800,563801,B007JFMH8M,A6EZNISAV5HDW,fortyflirtyfab,0,0,5,1341792000,Tasty and Nutritious Snack!,I really enjoy these cookies -- and so do my kids!  They will be perfect for lunch box snacks or a yummy treat for after school.  And I love to take one to work for my afternoon snack.<br /><br />Quaker is such a trusted brand for oatmeal -- try one of their cookies.  You will be hooked!
563801,563802,B007JFMH8M,A1011PVIALNY6J,vannie,0,0,5,1341792000,yum,soft chewy and filled with goodness great for a snake or a simple treat loved these cookie and so did my little guy.
563802,563803,B007JFMH8M,ALZ3I07P1CN7C,Matt,0,0,5,1341792000,Yummy!,These are great little cookies. They are so soft and moist. I could seriously eat the whole package by myself. Go buy a box as soon as you can. You wont regret it!!
563803,563804,B007JFMH8M,ARXXVTC92XKHU,.,0,0,5,1341792000,cookies!,"these cookies are really good. i love oatmeal, and i love soft-baked cookies. so i definitely love these. they're really healthy and good to take on the go because they come in individual packs."
563804,563805,B007JFMH8M,A2PFXN5DD378ZH,Ashley S,0,0,5,1341792000,Delicious for Both Kids and Adults!,"My son and I both loved Quaker's Soft Baked cookies! I received a sample in the Mom VoxBox via Influenster. I've never been a fan of the hard type cookies so I loved how soft and chewy these ones were. Since my son is still a toddler, I think they were soft enough for him and his little teeth to chew and eat. Plus they were just plain delicious!"
563805,563806,B007JFMH8M,A3VQA04J03WR5W,Annette,0,0,5,1341792000,My son loves it!!,I received this product from influenster in my mom voxbox 2012 to test out. My grab grabbed the cookie of the box and hid...he has been begging me for more ever since. Unfortunately they don't sell them in m local grocery store yet but next time I go out of town I plan on purchasing more!!!
563806,563807,B007JFMH8M,A248UQ9YXAMO9Z,Becky,0,0,5,1341792000,yummy,yummy great cookie just like my momma makes this is deffinietely a second best of course after my moms cooking love how soft and chewy they are a must buy
563807,563808,B007JFMH8M,A3IMUU0I31XF33,Becky,0,0,5,1341792000,yummy great cookie,yummy great cookie just like my momma makes this is deffinietely a second best of course after my moms cooking love how soft and chewy they are a must buy
563808,563809,B007JFMH8M,AR59MPG3N1TZY,Brittany C,0,0,5,1341792000,Great Cookie!!,I recieved this product for free to test from Influenster for promotional reasons. Me and my daughters ages 4 and 7 all tried the cookie and we loved it. It taste great and it really is soft. My local store didnt have The Quaker SOft baked oatmeal raisin cookie so I bought the breakfast version of it and I love it as well. The cookies are great for all ages!!! I would recommend this cookie to people.
563809,563810,B007JFMH8M,A2SYFD082MMP1I,innerpeacegirl82,0,0,5,1341792000,Soft Bake Quaker Oatmeal Cookies Make my Daughter's Day!,"I was selected by Influenster to get a mom Voxbox.  Inside with other products I got a full size sample of Soft Bake Quaker Oatmeal Cookies.  My daughter was so happy with it.  I was able to steal a small amount from her...It was so yummy and soft.  It was a nice size too. It was not small at all and you will get your moneys worth.  The fact that it has oatmeal is a plus, meaning my kids are putting something healthy in them when they are snacking.  I will definetely buy this product again and will recommend it to anyone.  If you want a yummy soft cookie with lots of flavor with none of the work and clean up after baking...go get a box of Soft Bake Quaker Oatmeal Cookies...you won't be sorry. :-) I know my kids are happy that I tryed it....Thanks again Influenster and Quaker."
563810,563811,B007JFMH8M,A7I7SJY5XH198,lesliem,0,0,4,1341792000,very soft great tasting cookie!,I recieved one as a sample but I will now be buying these cookies from now on! Oh and the kids also loved them!
563811,563812,B007JFMH8M,A1WRODKCJAYZY0,Marnie,0,0,5,1341792000,Husband loved it,"I got one package (one cookie) in my Mom VoxBox. I only got one bite because my husband Ate the rest, He Loved it!!!! A+++"
563812,563813,B007JFMH8M,AVHYBNHMM37DF,Erica,0,0,5,1341792000,TASTE SO GOOD!,"Influenster sent me a Quaker Soft Baked Oatmeal Cookie to test out and review in the Mom voxbox! WOW!! SO GOOD! And it really is so soft, if feels and tastes fresh baked. I only have one question, what took them so long to make these?? =) Really they are so good you wonder why they haven't thought of this years ago!<br />Here are a few of the details! They are individually packaged, so they are great for on the go! They are made with yummy whole grain Quaker oats! They are a good source of fiber and only have 6 grams of total fat per serving! I know you are dying to know where you can get these now! You can buy them at pretty much any major retailers and have a suggested retail of $2.69 for 6 cookies, That's less than $0.50 a cookie! Great deal! Give them a try and let me know how you like tem!"
563813,563814,B007JFMH8M,A17NJIDEUGN7BK,Jeannie W.,0,0,5,1341792000,Yummy,"I love all of Quaker's products and so I didn't expect anything less from these cookies. I was not disappointed. The cookies are soft, chewy, and filling. They have the right amount of cinnamon and rasins in them. My kids even like them which is hard when it comes to oatmeal. I would definitely recommend these cookies if you love oatmeal rasin cookies."
563814,563815,B007JFMH8M,ANTT3Y4ARSRTO,shelly,0,0,5,1341792000,Yummy and Filling,"I already loved Quaker products, I grew up on them. This did not disappoint. Its a soft cookie, its a fulfilling treat and it has fiber :)"
563815,563816,B007JFMH8M,A575HZ0LJVLB4,Celeste Pirolo,0,0,5,1341792000,Super good and Yummie!!,"I recieved a sample of this product from Influenster via the mom vox box campaign to try and review, and i love this product!! Its soft, tasty, healthy, and its mom approved!! I gave it to my kid, and they loved it!! Its perfect for putting in their lunch boxes, going to work, and its healty and taste great!!"
563816,563817,B007JFMH8M,A3V8GE9WBX54SZ,quaker brand challenge,0,0,4,1341792000,Influenster review,These are some good cookies. my daughter loved these... now i must go out and buy more because my husband wants them for work.
563817,563818,B007JFMH8M,A37KHYLLDLUH8W,Amy,0,0,5,1341792000,Absolute yum!,"I rcvd this complimentary through Influenster.com & they are amazing! Moist, tender w/ that small slight crunch from the oats. The flavor was a great blend with none to overpowering! Can't wait to try the other flavors!"
563818,563819,B007JFMH8M,A14H8RRZX87VZM,LuckyLiv,0,0,5,1341792000,So Good,"I recieved a sample of this product from Influenster to try-then immediately went out and bought 2 more boxes, which are now gone also. These cookies have such a great homebaked consistency and just the right amount of spice and sugar. My kids love them too, especially when we cut them in half and put a little ice cream between the halves."
563819,563820,B007JFMH8M,A1HXFAZ5GOHDSE,DarkAayala,0,0,5,1341792000,very delicious cookie!,I received this from influenster in my mom voxbox omg i love the cookie i got only one sample i when to buy 4 more box's my family love's it thanks Influenster and Quaker!
563820,563821,B007JFMH8M,A16WIPH6PUI5XY,Lisa McGeen,0,0,5,1341792000,Very Pleased,"I was not sure what to think about this product when it first came out because really its one more cookie and could it really be soft.  Well, Quaker delivered!  I love these cookies, they are great for any time including breakfast."
563821,563822,B007JFMH8M,A2WG21234BLBS9,Rose Goldenber,0,0,5,1341792000,Yummy,"The Quaker Soft Baked Oatmeal Cookie, Raisins is very good. Nice and soft. Easy to break into smaller pieces to eat. Highly recommend trying this product."
563822,563823,B007JFMH8M,A2ZUVZO1CQIEIA,mason2005,0,0,5,1341792000,Just like Grandma used to make,My whole family enjoyed the yummy goodness of Quaker oatmeal cookies with raisins. My 3 year old couldn't get enough of them. It reminded me of my grandma's home made cookies. The taste brought me back to my childhood when I would help my grandma bake. So soft and I could taste the wholesome goodness in each bite. I will be buying more soon!
563823,563824,B007JFMH8M,A27TITC8ON9CMZ,msvir88,0,0,5,1341792000,Great Healthy Snack,I received this from influenster in my mom voxbox and my kids loved this cookie. I didn't even get a chance to try it and had to purchase a box. I highly recommend this cookie... Its a great snack and a healthier one!!!!
563824,563825,B007JFMH8M,A2VMH7YBP3YUTV,megiesl,0,0,5,1341792000,So good!,The Quaker Brand soft cookies are so good! They are yummy and soft and really fill you up! So easy on the go with the kids or if your just relaxing at home with some milk!
563825,563826,B007JFMH8M,AD8FQNZ6BV2K2,kj,0,0,5,1341792000,nummy,"These are so yummy,my son loves them. As a mother I feel good about giving this to my son for a snack"
563826,563827,B007JFMH8M,A3A6ALK2YTTCZS,neralyn,0,0,5,1341792000,Loved these cookies,"I recieved them in my influenster mom voxbox, and before I can try it my kids ate it!. They loved them, they have been asking me to go to the store and get some more. Looks like tomorrow I'm going shopping."
563827,563828,B007JFMH8M,A3QS9QL6DOKQDW,jessicapharis,0,0,5,1341792000,Yummy Goodness,"I didn't get a chance to eat this cookie, but my 5 year old absolutely loved it.  She said that is was very yummy, soft and good.  She wanted more.  I told that we would get more..."
563828,563829,B007JFMH8M,A3BD20DGXAO0XN,Shawn,0,0,5,1341792000,Yummy!,"These cookies are delicious! So soft and flavorful. My fave! My first time trying these cookies was a couple of weeks ago, and I will defiantly recommend."
563829,563830,B007JFMH8M,ASL2HC6CORCL4,Kirari,0,0,5,1341792000,Delicious cookie,"Such a tasty cookie... soft, flavorful.  Mmm.<br /><br />I was highly surprised at how good these were.  Yum!  The portion was quite generous, making for a nice afternoon snack."
563830,563831,B007JFMH8M,A26QSJ79DIG4UA,lexi1994,0,0,3,1341792000,Goes good with milk :),My kids really like to eat the quaker oatmeal soft cookies in the morning<br /> for breakfest with a big glass of milk! :)
563831,563832,B007JFMH8M,A1QN2KOLKLWEI5,T.Skaggs,0,0,4,1341792000,Quaker Soft Baked Oatmeal Cookie,"My whole family loved this cookie! It is very soft and tastes great! It was so soft that my 8 month old even got to enjoy it, too!"
563832,563833,B007JFMH8M,AHLTM0DX828V6,"Addicted Shopper ""Mom of Two""",0,0,4,1341792000,Soft and Chewy but Breaks Apart easily,"The cookie is soft and flavorful. It tastes good and the raisins are moist. My only complaint is the the cookie didn't stay together. It breaks apart very easily,"
563833,563834,B007JFMH8M,A186RQLMYP1VNG,BeautyonBudget901,0,0,5,1341792000,Delicious,I really loved the taste of these cookies. They tasted like they were home baked instead of manufactured like most store bought or packaged cookies. They seemed more nutritional than normal packaged cookies. I used to not like oat meal cookies but this may have changed my mind. I would definitely buy these again.
563834,563835,B007JFMH8M,A11FWFOKGGAUYA,J. A. Ramos,0,0,5,1341792000,kids love them,"i like to buy them for my kids they love them and theyre also good for them, they are soft and chewy healthy and the taste is great"
563835,563836,B007JFMH8M,A2ELXIIB38YHUO,AnaB,0,0,5,1341792000,Worth the try!,These cookies are amazing! Great for snacks for the children. Nutritious yet satisfying. Will keep purchasing more of these. Amazing great taste.
563836,563837,B007JFMH8M,A3CKZNWP2ILJP,Amy,0,0,5,1341792000,Delish,"What a great snack for on the run, in a purse or diaper bag, or even for a quick treat at home! Was delicious and pretty healthy compared to some cookies!"
563837,563838,B007JFMH8M,A1C826V9XWNTEQ,jenna,0,0,5,1341792000,Great for on the moms and they taste delicious!,"We tried the soft baked oatmeal raisin cookies and fell in love with them! Being a mom and constantly on the go its hard to find a great snack for the kids but these cookies come individually wrapped and fit easily in your diaper bag, purse, lunch box or car. I would recommend these to every one:)"
563838,563839,B007JFMH8M,A304933U8Y14R4,Alejandra Rowan,0,0,5,1341792000,Yum!,I shared these with my toddler. We both loved them. They are soft and practically melt in your mouth. They are so soft and delicious. The fact that they are healthy also helps and makes me feel great about giving them to my kids.
563839,563840,B007JFMH8M,A3984G9B5FXH64,Marlene A Cooper,0,0,5,1341792000,Soft Baked Oatmeal Cookies...Too Good to Last better buy 2 boxes at least!,"As Soon as I received my sample in the Influenster Mom VoxBox from influenster.com my 2 yr old ate it leaving me only a bite to sample. So I went to Walmart to buy more. All they had were the Apple Cinnamon ones and he ate the entire box! I luckily put up 1 cookie just in case and that was my cookie. Hubby and him are addicted and I can see why. They taste very fresh and everyone loves them!<br />I got to try this product for free in my MomVoxBox from Influenster.com<br />I'm an Influenster and Influence friends and family and yes, even strangers into trying new and amazing products!"
563840,563841,B007JFMH8M,A1N5FSCYN4796F,"Philip R. Heath ""Gadgets, Music, & Books""",0,0,2,1343865600,"OK Taste, But Too Many Questionable Ingredients","Quaker's Soft Baked Oatmeal Cookies with Raisins are OK, but they left me wanting something better.  I thought they tasted good, but I found them to be a little on the dry side.  A lot of packaged cookies have an odd chemical aftertaste, but I didn't really notice much with these.<br /><br />However, I would like to see better choices on ingredients.  First, I don't understand the need for both bleached and unbleached flour.  Quaker should just stick with unbleached.  Second, I accept sugar as an ingredient.  These are cookies.  Cookies are sweet, and I expect sugar.  Yet why do they also have to use fructose, invert sugar syrup, corn syrup, and polydextrose?  These also contain molasses, which are a natural sweetener.  Finally, these have both corn starch and modified corn starch.  Again, why?  You may find other ingredients that you would question, but these seemed like the glaring issues to me.  In the end, I think this is too much to overcome when you combine it with a relatively high percentage (60 out of 170) of calories from fat.  In short, I cannot recommend these cookies."
563841,563842,B007JFMH8M,A100WO06OQR8BQ,"Duffer. ""Bo""",0,0,3,1343865600,Not For  Weight Watchers,"I received one box of these cookies from the Amazon Vine program. I had not done any rsearch on them previously but remembered the oatmeal cookies my grandmother baked and how tasty they were. I was anxious to try out the Quaker version. When the box arrived the first thing I noticed, right on the front of the box, was that each of the six individually wrapped cookies contains a whopping 170 calories. When I was a super active kid I ate my grandmother's cookies with impunity although I did not know the calorie count. I was always a skinny kid regardless of what I ate. Now, as an adult, I am no longer skinny but not a lard butt either and I do not aspire to become one by eating these cookies. However, I wanted to do a taste test so I took a bite and quickly realized that these are simply run of the mill oatmeal cookies. They have no distinguishing characteristics other than the major calorie count. Dry, stale and tasteless are the best descriptions I can come up with."
563842,563843,B007JFMH8M,A96AUNSF6GESO,Janeite,0,0,3,1343692800,Nothing to get excited about,"I received a box of these cookies through the Amazon Vine program, and I am not impressed.  I had rather high expectations since I generally like Quaker products, and my family eats a lot of their chewy granola bars. These cookies are quite disappointing. They are soft, but they are also very dry. The raisins are totally desiccated and not even chewy because they are so dry and shriveled. The cookies themselves have a dry, rather powdery texture. At 170 calories per cookie, I plan to stick with Quaker's chewy granola bars which taste much better and are in the 90-110 calorie range."
563843,563844,B007JFMH8M,A3W4D8XOGLWUN5,"Michael Kerner ""Michael Kerner""",0,0,4,1343692800,Great Classic Cookies,"When it has came down to Quaker, they have really made some great products for snacking along the busy day. From their classic granola bars, to instant oatmeal on the go. But they have decided to step that up again with their soft baked oatmeal cookies. They absolutely taste very good. The feeling of being a simple cookie are worth their while. My only gripes about them is that their only 6 in a package so if you really are a heavy cookie snacker, you'll be a bit dissapointed. Also, there aren't that many in a package compared to the amount there are in a box from Little Debbie or other brands of cookies. Nevertheless, they are definitely delightful from Quaker, and if you're looking for a alternative to cookies, than this would be a good box to try.<br /><br />Price: B<br /><br />Taste: A-<br /><br />Overall: B+"
563844,563845,B007JFMH8M,A36K2N527TXXJN,Dr. Bojan Tunguz,0,0,4,1343692800,"Not Your Grandma's Cookies, But They Get The Job Done","I am a huge fan of oatmeal cookies, and enjoy eating them for a snack or dessert. These are very good pre-made soft oatmeal-raisin cookies, and I have really enjoyed eating them. They are soft, chewy and they taste great. They are not too bad when it comes to nutrition either - each one of them is just 170 calories. The only downside for me about these cookies is that they seem to be a bit too crumbly, and not gooey enough. Each cookie comes in an individual wrapping, so tehy are very convenient to take with you for a snack on a go, and the individual wrapping also helps preserve freshness. Overall, a very good choice for fulfilling your sweet cravings."
563845,563846,B007JFMH8M,AYNAH993VDECT,bsg2004,0,0,1,1343606400,"Average Taste, Bad Calories, Insanely long list of ingredients","The Quaker Soft Baked Oatmeal Cookie, Raisins have very good packaging, one relatively sturdy outside box and individually wrapped cookies inside. This is the high point. It goes down hill from there.<br /><br />Let me start with the taste. It is average at best, it is soft, but very cardboardy in taste which makes the sweetness of the raisins stand out even more. Often times with food, the trade-offs are great taste with bad nutrition versus average/bad taste with good nutrition. This one has both average/bad taste and bad nutrition. So what's the point of eating not-very-tasty junk food?<br /><br />Because let's face it, that's what this is. The list of ingredients is unnaturally long - 16 lines (yes sixteen lines) of ingredients on the box, including fan favorite Corn Syrup. This is just an oatmeal cookie for crying out loud.<br /><br />And here's the bad nutrition: 170 calories per cookie, including 5% cholesterol, 12g sugars, 6% sodium (150mg). On the plus side, 4g of dietary fiber and 2g of protein. Other numbers from the label: 6g of fat (1.5g saturated), 27g total carbs, and single digit percentages of iron and calcium. Each cookie weighs around 1.5 ounces, so this is not a giant cookie.<br /><br />If you are going to eat a cookie, at least eat a cookie you actually like. Otherwise, what's the point?"
563846,563847,B007JFMH8M,A37LNXZ3U8Z0PW,paranormal junkie,0,0,2,1343606400,~~meh~~,Let me start off by saying I'm a bit of a cookie snob having lived next door to my grandmother for most of my youth.  There's nothing better than a homemade cookie.  Having tried these and shared them with some co-workers I can honestly say that it's not just me that wasn't impressed.  There wasn't much said that was positive.  For being a soft baked cookie it tasted awfully dry.  It was almost more like a cereal bar rather than a cookie.  There was no yummy buttery taste.  They just weren't worth the 170 cals per cookie.  The only thing positive that was said is that it is convienient to have them separately packed for lunches and on the go snacks.
563847,563848,B007JFMH8M,A31TS9SW3D9O7S,MelissaH34,0,0,5,1343520000,yummy!,I must admit this was one great product. Not only did I enjoy these my son's did as well . They were a big hit today at my sons birthday party and I intend to keep purchasing!! Great job!
563848,563849,B007JFMH8M,A1KNMUQUT0E467,gabby,0,0,5,1343520000,delicious,I receive a sample of this cookie in  a complimentary box to review from influenster it was delicious I have never tried these but I would recommend them to anyone
563849,563850,B007JFMH8M,A2I60HCAVEF3RC,Tiger,0,0,5,1343520000,"Very Good, Very Natural Tasting, Great Texture","<span class=""tiny""> Length:: 4:14 Mins<br /><br /></span>These are very good, not too sweet, not too crumbly, slightly dry, good raisins with low ratio, excellent texture, very natural tasting (nothing artificial), dense & filling enough.  For a store bought cookie, they are very good.  There is nothing artificial tasting to them, they stay soft, but have a good chewy texture that holds together well.  They taste a little dry, but are not dried out or too brittle.  Most home made cookies dry out and turn brittle on me in a few days.  These hold up well.  The raising ratio seems just right, not too many but a very good balance of sweetness & wetness in the right places.  They are moderately sized, smaller that I would have guessed from the large picture and size on the box, but seemed filling enough because they were sufficiently dense.  They are not perfection compared to actual home baking fresh out of the oven, but relative to store bought cookies, and other oatmeal cookies, I thought they were very good.<br /><br />One thing to remember is that these are not as healthy as implied by all the good things promoted about using Quaker oats and being a good source of fiber.  They do have 16% fiber and pack in other good things, but they do carry 9% of your daily value of fat too, per cookie.  Compared to other cookies or snacks which offer no positives, these pack in good things along with the bad.  Just don't think consider them as good as just eating an apple without any fat.  But if the alternative is to pick up potato chips or other cookies, these at least pack in health benefits if you are going to eat such a snack anyway."
563850,563851,B007JFMH8M,AKGD6454LHII6,The Miracle Momma,0,0,5,1341792000,I can't believe these are not homemade!,"I received Quaker Soft Baked Oatmeal Cookie in Raisin complimentary from Influenster for reviewing purposes.<br /><br />I have an off again on again relationship with oatmeal cookies because some oatmeal cookies have a very gritty texture from the oatmeal. I was pleasantly surprised that the pieces of cookie I tested were not very gritty, and the raisin was delicious. There is NO WAY these were not homemade in some shape or fashion. They are so delicious.<br /><br />With only 6 grams of fat,170 calories, and 12g of sugar per serving (1 cookie) I would consider it a healthier alternative to other cookies on the market. I've already went to the store and purchased another box.<br /><br />You won't be disappointed in trying these cookies out!"
563851,563852,B007JFMH8M,A1N8YKDJ8KJAMM,becca,0,0,5,1341792000,"So good, and my toddler loved it(:","I loved this cookie! I received it in my mom vox box from influenster, and that was the first thing me and my daughter tried. (: She absolutely loved it, and I will be buying more and put them in my diaper bag, for on the go trips (:"
563852,563853,B007JFMH8M,A1XVIFTPEMLD62,D. Simmons,0,0,5,1341792000,DELICIOUS COOKIES,"Hello, I received this cookie in my @influenster Mom VoxBox to review and i have to say i was very pleased with the taste, texture and the enormous size of the cookie. I am happy with Quaker Products, i always have been ever since i was little. I now pass the nutritional products to my children as my grandma passed it on to me."
563853,563854,B007JFMH8M,A2BEW6FNOW66XX,Inamagura,0,0,5,1341792000,On the go goodness,"I like the cookies while on the go.  They are soft and chewy and have the goodness of Quaker products.  If you don't have time to bake, then give these cookies a try.  They taste great.  I sampled the product thanks to Influenster and I am so thankful for that!"
563854,563855,B007JFMH8M,A14WF67CUR3SUJ,lelaj20,0,0,5,1341792000,Quaker Soft Baked Oatmeal Cookies,i recived a free sample from Influenster and let me tell you it was so good and soft it crumbles up right in your mouth and its a big cookie my daughter also loved it i would difenitly recommend buying it if you like oatmeal and raisins
563855,563856,B007JFMH8M,A2XYCTVMA6HMM0,dandscross,0,0,5,1341792000,My kids love these raisins and all!,"These cookies are a great quick snack for the kids. They did not even complain about the raisins, I think they gobble them up before they even notice!"
563856,563857,B007JFMH8M,A2ND5PJ38SLVPV,M. Davey,0,0,5,1341792000,Chewy Yummies Without Work,"I received a sample of these and quickly went out and purchased a box. These are super soft cookies that are individually wrapped for convenience. The individually wrapped cookie is a huge feature here as the cookies stay fresh and soft in a easily tote-able package. You get the great taste of Quaker oat cookies without the work of baking them! Toss in the kids lunch bag, spouse lunch box, pack for a picnic, use in birthday party favor bags for a healthy alternative! Great tasting, great portability, great texture. love them!!"
563857,563858,B007JFMH8M,A34Y157GY4DWJ7,sanda,0,0,5,1341792000,Awesome cookies,My children love these cookies. They are very soft and taste awesome. Will be buying more for sure.The best cookies we ever tried.
563858,563859,B007JFMH8M,A3GJP4K1FBGWB3,jennafer,0,0,5,1341792000,Soft and Delicious,These cookies were so soft and yummy. You would think they were fresh out of the oven. I will definitely be getting more of these for my house :O)
563859,563860,B007JFMH8M,A16MFXKAX4WZKF,jhall2033,0,0,5,1341792000,Loving every bit of it!,My whole family loves these cookies. And my son tried to stuff the whole thing in his mouth. I just bought some yesterday & I think I will have to get some more soon.
563860,563861,B007JFMH8M,A2SHJMNOT4EER5,Chantel,0,0,4,1341792000,Awesome!,My kids loved these and they are great to just take and run out the door with for little snack. Get some of our own!
563861,563862,B007JFMH8M,A1YTINX5QKEW3P,Angela S.,0,0,5,1341792000,Like Homemade!,I have fallen in love with Quaker's Soft Baked Oatmeal Cookie! I tried them in my mom voxbox from Influenster and it was so good. It tasted like a homemade cookie to me. I love the fact that these cookies are not high in sugar like other ones. I went out and bought a box of the apple cinnamon to try and love them as well. My family loves the Quaker brand and will continue to buy and recommend Quaker.
563862,563863,B007JFMH8M,A392CEKYCUK725,Traci L. Hurevitch,0,0,5,1341792000,the softest best cookies,i love these soft cookies. they taste like fresh baked out of the oven. the oatmeal is very sweet and tasty
563863,563864,B007JFMH8M,A1G5DIQMDBP8UA,krystlbear,0,0,5,1341792000,LOVE THEM!!,I absolutely loved these new cookies. They were so soft and yummy. The kids also enjoyed them. I saw them in the store also and they price wasn't bad. I'll be a returning customer for these.
563864,563865,B007JFMH8M,A2UI2YR1T3P1ZI,Sfryer09,0,0,5,1341792000,So Yummy!,"I received this amazing Soft Baked Oatmeal Cookie in my Influenster Mom VoxBox. I'm normally not a fan of oatmeal raisin cookies since I don't like raisins, but this was delicious! The cookie was thick and tasted homemade with a nice oatmeal flavor. I'm definitely going to buy more of these."
563865,563866,B007JFMH8M,A95PKRD4T3RUG,"Candy Rayne ""~Candy Rayne~""",0,0,3,1341792000,Good cookie,"I got this from Influenster in my mom voxbox,  it was very soft and tasty my husband said, as he was the one who ate it lol!"
563866,563867,B007JFMH8M,A1QA81DFWWGPPN,Ana Maria Gonzalez,0,0,4,1341792000,Really Good,"I got these in my Influenster Mom VoxBox, and they were really good. They were moist and yummy. I don't like raisins so I picked them out, but the oatmeal was amazing. I will definitely buy some more. Well, a flavor without raisins in them."
563867,563868,B007JFMH8M,A28LXPTCISZA0S,"Robbie Branch ""Robbie B""",0,0,5,1341792000,Best Cookie ever!,"I got one of these in my Influenster Mom VoxBox! OMG they were so good, My daughter and I shared the first one then i went and got another box! This are a must have now! They are great to snack on. They are super soft. There is nothing bad to say about these cookies. You must try them!"
563868,563869,B007JFMH8M,A2PAJUZF2RCZIW,MzEverything,0,0,4,1341792000,So soft and chewy!,"A decadent go to treat!! Nice to keep around the house for quick meals, toss them in homemade ice cream for a yummy flavor or just grab one when you have a sweet tooth!"
563869,563870,B007JFMH8M,AES9VNGFZLOE1,Alexis McHenry,1,2,5,1342483200,Quaker Soft Baked Oatmeal Cookies,"~ Quick Take: Tasty, chewy, soft-baked cookies with oats and raisins that the whole family can enjoy! =)<br />~ Usage Tips: Eat them as a snack, dessert or basically anytime of the day. They go well with a cup of tea or maybe with a cup of coffee in the morning.<br />~ The Verdict: Next time you're at the store, don't leave without picking up some Quaker soft baked oatmeal cookies! They are good to take ""on-the-go"" since they are individually packaged. They are a healthy treat, provides a good source of fiber, contains 6 grams of total fat per serving, and made with whole grain Quaker Oats! You can't beat that! Try them out, I'm sure you'll love them as much as I did! =D"
563870,563871,B007JFMH8M,A22QAN7HTA6R7L,"Ms. MommyHH6 ""Ms. MommyHH6""",0,1,5,1342569600,Just Like Mom Used to Make....,The cookie didn't make it much further than out of the box. It was big enough to split between my two daughters and it was a HIT with my super-picky eaters. I got a very small bite and loved it. It really did taste like something that could have baked in my own kitchen. I will definitely be buying more of these cookies and maybe next time I will get a whole one.
563871,563872,B007JFMH8M,A284GGIIM31PGM,Brian,0,1,1,1342051200,ehh,"My kids or I didn't care for it much, they tossed it after a few bites, and what kids throw away cookies????"
563872,563873,B007JFMH8M,A1A1BM6N28X9J0,Debbie Olson,1,3,1,1344124800,"Quaker Soft Baked Oatmeal Cookie, Raisins","If I could give it zero stars I would......horrible taste and not much of that either. Like a very hint of molasses that was too old to use. If I had never had an oatmeal raisin cookie before and this was my first taste of one I would never try one again. QUAKER....pull these off the shelves of any store selling them and throw them in the garbage where they belong. This product gives Quaker a bad name. PLEASE.... don't waste your money on these and don't tell your kids they can have one for a treat, they are more like something you would give them for a punishment...."
563873,563874,B007JFMH8M,A55PK06Q6AKFY,ephemeral,0,0,4,1343520000,Tastes Great,"These cookies are soft and delicious.  Possibly because they rely more on oat flour than just rolled oats, they lack the chewy texture of a traditional oatmeal cookie.  Instead they are almost melt-in-your mouth, with nicely soft raisins as well.  Perhaps the only truly detrimental characteristic is that they taste more like a raisin and spice cookie than an oatmeal cookie.  I enjoy the taste of oatmeal and wouldn't mind if it was brought more to the forefront.<br /><br />I don't usually buy individually wrapped food, so I don't think I'd buy this product again, but I would certainly recommend it to others."
563874,563875,B007JFMH8M,A1YJMG0QJXZLD4,Rosemarie,0,0,5,1343520000,Very nice cookie,"I cannot say these taste like home made but the are not that far off. I like their chewiness and I am a crispy cookie person.  These are very tasty in fact they are too tasty I wanted to eat them all at once.  I would love to dip these I melted chocolate or make a sandwich cookie out of them by putting some kind of frosting or chocolate in the middle. Oh my would that be great.<br /><br />These are not too sweet they are just right basically in every way.  I like the fact that they come individually wrapped so you can put them in your lunch bag or send them with your children for their noon meal. Each cookie is 170 calories and that is not bad considering the size of them, they are quit big and should satisfy anyone's urge for a sweet treat.<br />I am very pleased with these cookies and would definitely buy them again."
563875,563876,B007JFMH8M,A1W0EK0033YVGP,diephiecyrilien,0,0,5,1343520000,love this cookie!,"this cookie is super soft and chewy.i love it and also try their oatmeal cookies,they are the bomb diggitty!!!i would recommend this to everyone.i received this in my mom voxbox and my kids loved it!!"
563876,563877,B007JFMH8M,AFJFINIKFOFSB,Net Admin / Home Chef,0,0,3,1343520000,An OK Cookie,"These cookies are reasonably tasty without being too sweet. The individual packing keeps them nice and moist and makes it easy to include one in a packed lunch.<br /><br />That said, they are not so special that I'd make an effort to seek them out. Also, the fact that each cookie is 170 calories would keep me from having them too often. Luckily, the individual packing will keep them fresh till you feel like having one."
563877,563878,B007JFMH8M,AQUMNB8YWE595,DAWNCHULAVISTA,0,0,5,1343520000,AWESOME,THIS IS A FAB PRODUCT SOFT AND CHEWY YOU CANT GO WRONG ME AND MY KIDS LOVE THEM MY TWO YEAR OLD IS HARD FOR HIM TO SHARE HE SAYS NO MY COOKIE LOL
563878,563879,B007JFMH8M,A366PSH7KFLRPB,TheRosySnail,0,0,5,1343520000,Yummy!,"I loved these cookies and so did my kids. You can read my full review here [...] My favorite part was definitely the taste, and I'm not even an oatmeal cookie fan."
563879,563880,B007JFMH8M,A2KV6EYQPKJRR5,Kelley,0,0,5,1343433600,Quaker Soft Baked Cookies,This is a great tasting cookie. It is very soft and the texture is very smooth. I usually do not like oatmeal cookies because the texture is very gritty and tough. This cookie does not have that problem. It tastes like your Mom just made it.
563880,563881,B007JFMH8M,A3O7REI0OSV89M,Esme,0,0,4,1343433600,Delicious!,"These are great for a quick snack! They are satisfying even if you have a sweet tooth. I love that they are whole grain and have fiber! Delicious, just wish there weren't raisins in them!"
563881,563882,B007JFMH8M,A9JS5GQQ6GIQT,Syne,0,0,5,1343433600,yummy,"I love the Quaker soft baked cookies.  The really are soft and taste great.  I tried the oatmeal raisin, and cant wait to try the other flavors.  They all look really good."
563882,563883,B007JFMH8M,AMAVEZAGCH52H,Tangela,0,0,5,1343433600,Quaker Soft Baked Cookie,This cookie is really good and works really well for my family.  In the morning it fits in to my morning routine.  I take the cookie put it in the microwave and out the door we go with my tea.  Something I can eat at my desk or on the run.  It holds me over till lunch and is not too heavy.
